#,Date-Time (CEST),Temperature   (°C),RH   (%),Dew Point   (°C),Button Down,Host Connected,End of File
1,05/08/2025 00:00:00,6.57,56.47,-1.46,,,
2,05/08/2025 00:10:00,6.26,60.73,-0.76,,,
3,05/08/2025 00:20:00,6.00,59.96,-1.17,,,
4,05/08/2025 00:30:00,5.84,63.16,-0.62,,,
5,05/08/2025 00:40:00,5.79,62.95,-0.71,,,
6,05/08/2025 00:50:00,5.68,66.50,-0.06,,,
7,05/08/2025 01:00:00,5.41,64.85,-0.66,,,
8,05/08/2025 01:10:00,5.23,67.22,-0.34,,,
9,05/08/2025 01:20:00,5.24,68.72,-0.03,,,
10,05/08/2025 01:30:00,5.21,65.52,-0.72,,,
11,05/08/2025 01:40:00,5.03,69.41,-0.10,,,
12,05/08/2025 01:50:00,4.77,71.00,-0.04,,,
13,05/08/2025 02:00:00,4.37,71.48,-0.32,,,
14,05/08/2025 02:10:00,4.29,72.12,-0.28,,,
15,05/08/2025 02:20:00,4.24,73.10,-0.14,,,
16,05/08/2025 02:30:00,4.09,73.91,-0.14,,,
17,05/08/2025 02:40:00,3.87,75.05,-0.14,,,
18,05/08/2025 02:50:00,3.71,74.99,-0.31,,,
19,05/08/2025 03:00:00,3.64,72.45,-0.84,,,
20,05/08/2025 03:10:00,3.54,76.73,-0.16,,,
21,05/08/2025 03:20:00,3.48,73.59,-0.78,,,
22,05/08/2025 03:30:00,3.52,74.08,-0.66,,,
23,05/08/2025 03:40:00,3.34,74.57,-0.74,,,
24,05/08/2025 03:50:00,3.14,76.27,-0.63,,,
25,05/08/2025 04:00:00,3.09,74.72,-0.96,,,
26,05/08/2025 04:10:00,3.03,74.22,-1.10,,,
27,05/08/2025 04:20:00,2.95,77.75,-0.55,,,
28,05/08/2025 04:30:00,2.73,78.06,-0.71,,,
29,05/08/2025 04:40:00,2.62,77.16,-0.97,,,
30,05/08/2025 04:50:00,2.69,76.44,-1.03,,,
31,05/08/2025 05:00:00,2.91,75.12,-1.05,,,
32,05/08/2025 05:10:00,2.84,76.73,-0.84,,,
33,05/08/2025 05:20:00,2.81,78.27,-0.60,,,
34,05/08/2025 05:30:00,2.67,78.50,-0.69,,,
35,05/08/2025 05:40:00,2.56,76.98,-1.06,,,
36,05/08/2025 05:50:00,2.67,76.63,-1.02,,,
37,05/08/2025 06:00:00,2.99,74.75,-1.05,,,
38,05/08/2025 06:10:00,3.21,76.40,-0.53,,,
39,05/08/2025 06:20:00,3.35,73.64,-0.90,,,
40,05/08/2025 06:30:00,3.55,72.23,-0.98,,,
41,05/08/2025 06:40:00,3.87,71.33,-0.84,,,
42,05/08/2025 06:50:00,4.05,70.31,-0.86,,,
43,05/08/2025 07:00:00,4.19,70.28,-0.73,,,
44,05/08/2025 07:10:00,4.31,71.56,-0.37,,,
45,05/08/2025 07:20:00,4.48,70.20,-0.47,,,
46,05/08/2025 07:30:00,4.74,69.31,-0.40,,,
47,05/08/2025 07:40:00,5.07,67.94,-0.35,,,
48,05/08/2025 07:50:00,5.28,66.32,-0.48,,,
49,05/08/2025 08:00:00,5.55,66.08,-0.27,,,
50,05/08/2025 08:10:00,5.99,66.09,0.15,,,
51,05/08/2025 08:20:00,6.67,63.52,0.25,,,
52,05/08/2025 08:30:00,7.27,60.70,0.19,,,
53,05/08/2025 08:40:00,7.72,59.02,0.23,,,
54,05/08/2025 08:50:00,8.27,56.80,0.21,,,
55,05/08/2025 09:00:00,8.89,54.55,0.24,,,
56,05/08/2025 09:10:00,9.10,53.74,0.23,,,
57,05/08/2025 09:20:00,9.74,51.97,0.35,,,
58,05/08/2025 09:30:00,10.34,49.04,0.11,,,
59,05/08/2025 09:40:00,10.75,49.77,0.70,,,
60,05/08/2025 09:50:00,10.86,48.77,0.52,,,
61,05/08/2025 10:00:00,11.05,44.63,-0.53,,,
62,05/08/2025 10:10:00,11.24,45.04,-0.24,,,
63,05/08/2025 10:20:00,11.47,41.54,-1.13,,,
64,05/08/2025 10:30:00,11.45,40.54,-1.48,,,
65,05/08/2025 10:40:00,11.46,43.59,-0.48,,,
66,05/08/2025 10:50:00,11.63,42.47,-0.68,,,
67,05/08/2025 11:00:00,11.59,42.17,-0.82,,,
68,05/08/2025 11:10:00,11.14,41.64,-1.40,,,
69,05/08/2025 11:20:00,10.90,44.02,-0.85,,,
70,05/08/2025 11:30:00,11.19,42.16,-1.18,,,
71,05/08/2025 11:40:00,11.09,43.22,-0.94,,,
72,05/08/2025 11:50:00,11.23,42.55,-1.03,,,
73,05/08/2025 12:00:00,11.19,42.50,-1.07,,,
74,05/08/2025 12:10:00,11.04,42.69,-1.15,,,
75,05/08/2025 12:20:00,11.04,42.73,-1.13,,,
76,05/08/2025 12:30:00,11.09,44.13,-0.65,,,
77,05/08/2025 12:40:00,11.15,44.41,-0.51,,,
78,05/08/2025 12:50:00,11.20,43.14,-0.86,,,
79,05/08/2025 13:00:00,11.07,44.10,-0.68,,,
80,05/08/2025 13:10:00,11.18,42.80,-0.98,,,
81,05/08/2025 13:20:00,11.20,43.58,-0.72,,,
82,05/08/2025 13:30:00,10.88,42.66,-1.30,,,
83,05/08/2025 13:40:00,11.02,46.61,0.04,,,
84,05/08/2025 13:50:00,11.22,41.02,-1.53,,,
85,05/08/2025 14:00:00,11.12,42.43,-1.16,,,
86,05/08/2025 14:10:00,11.28,39.46,-2.00,,,
87,05/08/2025 14:20:00,11.51,40.78,-1.35,,,
88,05/08/2025 14:30:00,11.56,41.93,-0.93,,,
89,05/08/2025 14:40:00,11.61,41.01,-1.18,,,
90,05/08/2025 14:50:00,11.73,38.60,-1.89,,,
91,05/08/2025 15:00:00,11.77,39.65,-1.49,,,
92,05/08/2025 15:10:00,12.08,39.42,-1.29,,,
93,05/08/2025 15:20:00,12.11,38.35,-1.65,,,
94,05/08/2025 15:30:00,11.90,40.50,-1.09,,,
95,05/08/2025 15:40:00,11.90,39.33,-1.49,,,
96,05/08/2025 15:50:00,12.04,38.83,-1.54,,,
97,05/08/2025 16:00:00,11.99,39.76,-1.26,,,
98,05/08/2025 16:10:00,12.13,39.62,-1.19,,,
99,05/08/2025 16:20:00,12.06,38.42,-1.66,,,
100,05/08/2025 16:30:00,11.93,39.63,-1.36,,,
101,05/08/2025 16:40:00,11.90,39.46,-1.44,,,
102,05/08/2025 16:50:00,11.63,41.31,-1.06,,,
103,05/08/2025 17:00:00,11.74,40.47,-1.24,,,
104,05/08/2025 17:10:00,11.90,40.66,-1.03,,,
105,05/08/2025 17:20:00,11.87,39.12,-1.59,,,
106,05/08/2025 17:30:00,11.83,40.28,-1.23,,,
107,05/08/2025 17:40:00,11.53,40.42,-1.45,,,
108,05/08/2025 17:50:00,11.47,40.90,-1.34,,,
109,05/08/2025 18:00:00,11.56,40.10,-1.53,,,
110,05/08/2025 18:10:00,11.54,38.89,-1.97,,,
111,05/08/2025 18:20:00,11.34,39.85,-1.81,,,
112,05/08/2025 18:30:00,11.26,41.20,-1.44,,,
113,05/08/2025 18:40:00,11.12,38.54,-2.46,,,
114,05/08/2025 18:50:00,10.98,39.69,-2.19,,,
115,05/08/2025 19:00:00,10.90,39.95,-2.17,,,
116,05/08/2025 19:10:00,10.84,41.88,-1.59,,,
117,05/08/2025 19:20:00,10.69,44.21,-0.99,,,
118,05/08/2025 19:30:00,10.55,43.34,-1.39,,,
119,05/08/2025 19:40:00,10.38,45.27,-0.95,,,
120,05/08/2025 19:50:00,10.15,44.00,-1.54,,,
121,05/08/2025 20:00:00,9.94,45.02,-1.42,,,
122,05/08/2025 20:10:00,9.80,49.21,-0.34,,,
123,05/08/2025 20:20:00,9.55,45.61,-1.60,,,
124,05/08/2025 20:30:00,9.22,46.49,-1.64,,,
125,05/08/2025 20:40:00,8.96,54.56,0.31,,,
126,05/08/2025 20:50:00,8.56,54.69,-0.04,,,
127,05/08/2025 21:00:00,8.12,58.51,0.48,,,
128,05/08/2025 21:10:00,7.65,57.54,-0.18,,,
129,05/08/2025 21:20:00,7.11,61.93,0.31,,,
130,05/08/2025 21:30:00,6.76,63.51,0.33,,,
131,05/08/2025 21:40:00,6.35,64.67,0.19,,,
132,05/08/2025 21:50:00,6.00,65.10,-0.05,,,
133,05/08/2025 22:00:00,5.62,66.14,-0.20,,,
134,05/08/2025 22:10:00,5.38,67.74,-0.10,,,
135,05/08/2025 22:20:00,5.17,68.57,-0.13,,,
136,05/08/2025 22:30:00,4.88,70.04,-0.12,,,
137,05/08/2025 22:40:00,4.74,70.27,-0.21,,,
138,05/08/2025 22:50:00,4.56,72.01,-0.05,,,
139,05/08/2025 23:00:00,4.26,73.39,-0.08,,,
140,05/08/2025 23:10:00,4.08,73.13,-0.29,,,
141,05/08/2025 23:20:00,3.91,74.04,-0.29,,,
142,05/08/2025 23:30:00,3.85,73.99,-0.36,,,
143,05/08/2025 23:40:00,3.87,74.09,-0.32,,,
144,05/08/2025 23:50:00,3.83,72.90,-0.58,,,
145,05/09/2025 00:00:00,3.74,74.77,-0.32,,,
146,05/09/2025 00:10:00,3.69,74.19,-0.48,,,
147,05/09/2025 00:20:00,3.57,74.93,-0.46,,,
148,05/09/2025 00:30:00,3.47,75.61,-0.42,,,
149,05/09/2025 00:40:00,3.42,75.21,-0.55,,,
150,05/09/2025 00:50:00,3.34,77.27,-0.25,,,
151,05/09/2025 01:00:00,3.26,79.06,-0.02,,,
152,05/09/2025 01:10:00,3.13,72.02,-1.42,,,
153,05/09/2025 01:20:00,3.04,78.71,-0.29,,,
154,05/09/2025 01:30:00,2.93,77.53,-0.61,,,
155,05/09/2025 01:40:00,2.81,78.90,-0.49,,,
156,05/09/2025 01:50:00,2.74,79.99,-0.36,,,
157,05/09/2025 02:00:00,2.65,77.48,-0.89,,,
158,05/09/2025 02:10:00,2.60,76.14,-1.17,,,
159,05/09/2025 02:20:00,2.55,78.77,-0.76,,,
160,05/09/2025 02:30:00,2.43,78.35,-0.95,,,
161,05/09/2025 02:40:00,2.37,80.24,-0.68,,,
162,05/09/2025 02:50:00,2.26,79.58,-0.90,,,
163,05/09/2025 03:00:00,2.24,79.09,-1.01,,,
164,05/09/2025 03:10:00,2.21,78.71,-1.11,,,
165,05/09/2025 03:20:00,2.19,78.27,-1.20,,,
166,05/09/2025 03:30:00,2.07,77.22,-1.50,,,
167,05/09/2025 03:40:00,1.84,78.15,-1.56,,,
168,05/09/2025 03:50:00,1.68,78.17,-1.71,,,
169,05/09/2025 04:00:00,1.61,78.25,-1.77,,,
170,05/09/2025 04:10:00,1.53,79.93,-1.55,,,
171,05/09/2025 04:20:00,1.50,81.22,-1.37,,,
172,05/09/2025 04:30:00,1.62,80.36,-1.40,,,
173,05/09/2025 04:40:00,1.86,80.77,-1.09,,,
174,05/09/2025 04:50:00,2.20,80.57,-0.80,,,
175,05/09/2025 05:00:00,2.42,80.11,-0.66,,,
176,05/09/2025 05:10:00,2.59,79.22,-0.64,,,
177,05/09/2025 05:20:00,2.75,79.05,-0.51,,,
178,05/09/2025 05:30:00,2.86,78.58,-0.49,,,
179,05/09/2025 05:40:00,2.96,78.62,-0.39,,,
180,05/09/2025 05:50:00,2.99,79.32,-0.24,,,
181,05/09/2025 06:00:00,3.06,78.58,-0.29,,,
182,05/09/2025 06:10:00,3.15,78.68,-0.19,,,
183,05/09/2025 06:20:00,3.21,78.67,-0.13,,,
184,05/09/2025 06:30:00,3.29,77.85,-0.20,,,
185,05/09/2025 06:40:00,3.40,76.67,-0.31,,,
186,05/09/2025 06:50:00,3.55,77.10,-0.08,,,
187,05/09/2025 07:00:00,3.68,75.07,-0.32,,,
188,05/09/2025 07:10:00,3.78,75.76,-0.10,,,
189,05/09/2025 07:20:00,3.92,73.67,-0.34,,,
190,05/09/2025 07:30:00,4.26,74.31,0.09,,,
191,05/09/2025 07:40:00,4.93,73.01,0.50,,,
192,05/09/2025 07:50:00,5.99,70.26,1.00,,,
193,05/09/2025 08:00:00,6.87,64.42,0.63,,,
194,05/09/2025 08:10:00,7.89,65.24,1.78,,,
195,05/09/2025 08:20:00,9.05,57.39,1.09,,,
196,05/09/2025 08:30:00,10.20,60.01,2.79,,,
197,05/09/2025 08:40:00,10.89,57.28,2.79,,,
198,05/09/2025 08:50:00,11.36,52.78,2.07,,,
199,05/09/2025 09:00:00,12.26,52.31,2.78,,,
200,05/09/2025 09:10:00,12.78,46.24,1.54,,,
201,05/09/2025 09:20:00,12.78,46.62,1.65,,,
202,05/09/2025 09:30:00,13.56,45.99,2.18,,,
203,05/09/2025 09:40:00,14.06,44.29,2.10,,,
204,05/09/2025 09:50:00,13.97,42.70,1.51,,,
205,05/09/2025 10:00:00,13.71,43.56,1.55,,,
206,05/09/2025 10:10:00,13.53,44.19,1.59,,,
207,05/09/2025 10:20:00,13.74,40.73,0.64,,,
208,05/09/2025 10:30:00,13.89,40.60,0.73,,,
209,05/09/2025 10:40:00,13.99,39.99,0.62,,,
210,05/09/2025 10:50:00,14.06,39.49,0.50,,,
211,05/09/2025 11:00:00,13.50,41.68,0.75,,,
212,05/09/2025 11:10:00,13.50,40.80,0.45,,,
213,05/09/2025 11:20:00,12.86,41.97,0.26,,,
214,05/09/2025 11:30:00,12.91,41.18,0.05,,,
215,05/09/2025 11:40:00,13.18,40.28,-0.01,,,
216,05/09/2025 11:50:00,13.12,41.85,0.46,,,
217,05/09/2025 12:00:00,12.90,40.33,-0.25,,,
218,05/09/2025 12:10:00,13.30,41.55,0.52,,,
219,05/09/2025 12:20:00,13.63,39.38,0.08,,,
220,05/09/2025 12:30:00,13.58,37.44,-0.66,,,
221,05/09/2025 12:40:00,13.33,37.88,-0.72,,,
222,05/09/2025 12:50:00,13.60,38.89,-0.12,,,
223,05/09/2025 13:00:00,13.83,38.60,-0.01,,,
224,05/09/2025 13:10:00,13.96,37.00,-0.48,,,
225,05/09/2025 13:20:00,13.66,39.29,0.08,,,
226,05/09/2025 13:30:00,13.53,38.42,-0.35,,,
227,05/09/2025 13:40:00,13.68,39.01,-0.00,,,
228,05/09/2025 13:50:00,14.08,37.50,-0.19,,,
229,05/09/2025 14:00:00,14.00,38.54,0.12,,,
230,05/09/2025 14:10:00,13.97,39.63,0.47,,,
231,05/09/2025 14:20:00,14.40,37.44,0.07,,,
232,05/09/2025 14:30:00,14.78,38.35,0.74,,,
233,05/09/2025 14:40:00,14.86,38.40,0.84,,,
234,05/09/2025 14:50:00,14.45,35.46,-0.63,,,
235,05/09/2025 15:00:00,14.41,37.18,-0.02,,,
236,05/09/2025 15:10:00,14.89,35.17,-0.35,,,
237,05/09/2025 15:20:00,14.86,34.46,-0.66,,,
238,05/09/2025 15:30:00,14.96,34.31,-0.63,,,
239,05/09/2025 15:40:00,15.02,34.33,-0.57,,,
240,05/09/2025 15:50:00,15.13,33.54,-0.79,,,
241,05/09/2025 16:00:00,15.13,36.19,0.25,,,
242,05/09/2025 16:10:00,14.98,36.98,0.42,,,
243,05/09/2025 16:20:00,14.34,35.49,-0.72,,,
244,05/09/2025 16:30:00,14.38,37.79,0.18,,,
245,05/09/2025 16:40:00,14.51,36.43,-0.21,,,
246,05/09/2025 16:50:00,14.60,36.41,-0.13,,,
247,05/09/2025 17:00:00,14.56,36.15,-0.27,,,
248,05/09/2025 17:10:00,14.28,36.40,-0.42,,,
249,05/09/2025 17:20:00,14.42,37.46,0.10,,,
250,05/09/2025 17:30:00,14.69,39.01,0.90,,,
251,05/09/2025 17:40:00,14.44,36.47,-0.25,,,
252,05/09/2025 17:50:00,14.37,38.78,0.53,,,
253,05/09/2025 18:00:00,14.08,35.73,-0.86,,,
254,05/09/2025 18:10:00,13.94,36.35,-0.74,,,
255,05/09/2025 18:20:00,13.90,36.92,-0.57,,,
256,05/09/2025 18:30:00,13.88,36.30,-0.82,,,
257,05/09/2025 18:40:00,13.78,36.55,-0.81,,,
258,05/09/2025 18:50:00,13.73,36.96,-0.71,,,
259,05/09/2025 19:00:00,13.66,37.41,-0.60,,,
260,05/09/2025 19:10:00,13.52,40.43,0.35,,,
261,05/09/2025 19:20:00,13.33,38.99,-0.33,,,
262,05/09/2025 19:30:00,13.15,41.67,0.42,,,
263,05/09/2025 19:40:00,12.90,44.37,1.07,,,
264,05/09/2025 19:50:00,12.60,46.24,1.37,,,
265,05/09/2025 20:00:00,12.23,47.98,1.55,,,
266,05/09/2025 20:10:00,11.75,50.93,1.94,,,
267,05/09/2025 20:20:00,11.26,51.80,1.72,,,
268,05/09/2025 20:30:00,10.68,55.43,2.13,,,
269,05/09/2025 20:40:00,10.15,57.00,2.03,,,
270,05/09/2025 20:50:00,9.66,60.41,2.38,,,
271,05/09/2025 21:00:00,9.22,61.21,2.15,,,
272,05/09/2025 21:10:00,8.83,62.33,2.04,,,
273,05/09/2025 21:20:00,8.46,63.77,2.00,,,
274,05/09/2025 21:30:00,8.16,63.12,1.57,,,
275,05/09/2025 21:40:00,7.87,66.45,2.02,,,
276,05/09/2025 21:50:00,7.58,64.98,1.43,,,
277,05/09/2025 22:00:00,7.39,65.37,1.33,,,
278,05/09/2025 22:10:00,7.11,64.51,0.88,,,
279,05/09/2025 22:20:00,6.90,65.16,0.82,,,
280,05/09/2025 22:30:00,6.76,66.34,0.94,,,
281,05/09/2025 22:40:00,6.55,66.54,0.77,,,
282,05/09/2025 22:50:00,6.35,67.41,0.76,,,
283,05/09/2025 23:00:00,6.26,67.45,0.69,,,
284,05/09/2025 23:10:00,6.19,68.57,0.84,,,
285,05/09/2025 23:20:00,6.17,69.36,0.99,,,
286,05/09/2025 23:30:00,6.10,68.15,0.68,,,
287,05/09/2025 23:40:00,6.06,67.60,0.52,,,
288,05/09/2025 23:50:00,6.05,67.85,0.56,,,
289,05/10/2025 00:00:00,5.99,67.27,0.39,,,
290,05/10/2025 00:10:00,6.01,69.74,0.91,,,
291,05/10/2025 00:20:00,5.94,68.80,0.65,,,
292,05/10/2025 00:30:00,5.86,69.71,0.76,,,
293,05/10/2025 00:40:00,5.68,68.02,0.25,,,
294,05/10/2025 00:50:00,5.54,69.54,0.42,,,
295,05/10/2025 01:00:00,5.45,71.42,0.70,,,
296,05/10/2025 01:10:00,5.27,70.84,0.42,,,
297,05/10/2025 01:20:00,5.08,71.33,0.33,,,
298,05/10/2025 01:30:00,4.90,71.25,0.14,,,
299,05/10/2025 01:40:00,4.77,71.26,0.01,,,
300,05/10/2025 01:50:00,4.67,70.47,-0.23,,,
301,05/10/2025 02:00:00,4.53,71.22,-0.22,,,
302,05/10/2025 02:10:00,4.46,71.59,-0.22,,,
303,05/10/2025 02:20:00,4.38,73.19,0.01,,,
304,05/10/2025 02:30:00,4.33,71.69,-0.33,,,
305,05/10/2025 02:40:00,4.33,73.19,-0.04,,,
306,05/10/2025 02:50:00,4.35,74.13,0.15,,,
307,05/10/2025 03:00:00,4.33,72.34,-0.20,,,
308,05/10/2025 03:10:00,4.21,72.49,-0.29,,,
309,05/10/2025 03:20:00,4.14,73.30,-0.21,,,
310,05/10/2025 03:30:00,4.01,73.68,-0.26,,,
311,05/10/2025 03:40:00,3.94,72.97,-0.46,,,
312,05/10/2025 03:50:00,3.88,73.34,-0.45,,,
313,05/10/2025 04:00:00,3.91,73.48,-0.39,,,
314,05/10/2025 04:10:00,3.86,73.99,-0.35,,,
315,05/10/2025 04:20:00,3.79,75.05,-0.22,,,
316,05/10/2025 04:30:00,3.75,75.55,-0.17,,,
317,05/10/2025 04:40:00,3.63,75.45,-0.30,,,
318,05/10/2025 04:50:00,3.41,76.25,-0.37,,,
319,05/10/2025 05:00:00,3.27,76.42,-0.48,,,
320,05/10/2025 05:10:00,3.27,76.84,-0.40,,,
321,05/10/2025 05:20:00,3.27,77.52,-0.28,,,
322,05/10/2025 05:30:00,3.29,77.28,-0.30,,,
323,05/10/2025 05:40:00,3.45,77.32,-0.14,,,
324,05/10/2025 05:50:00,3.58,76.63,-0.14,,,
325,05/10/2025 06:00:00,3.74,77.42,0.16,,,
326,05/10/2025 06:10:00,3.89,77.61,0.34,,,
327,05/10/2025 06:20:00,4.06,78.37,0.64,,,
328,05/10/2025 06:30:00,4.37,76.47,0.61,,,
329,05/10/2025 06:40:00,4.73,75.26,0.73,,,
330,05/10/2025 06:50:00,5.07,74.38,0.90,,,
331,05/10/2025 07:00:00,5.39,74.70,1.27,,,
332,05/10/2025 07:10:00,5.70,74.69,1.57,,,
333,05/10/2025 07:20:00,6.02,75.38,2.01,,,
334,05/10/2025 07:30:00,6.38,73.07,1.91,,,
335,05/10/2025 07:40:00,6.98,70.96,2.08,,,
336,05/10/2025 07:50:00,7.96,68.86,2.60,,,
337,05/10/2025 08:00:00,9.03,63.40,2.46,,,
338,05/10/2025 08:10:00,10.12,61.56,3.08,,,
339,05/10/2025 08:20:00,11.23,57.15,3.07,,,
340,05/10/2025 08:30:00,12.04,55.78,3.49,,,
341,05/10/2025 08:40:00,12.52,52.07,2.97,,,
342,05/10/2025 08:50:00,13.38,49.97,3.18,,,
343,05/10/2025 09:00:00,14.07,47.65,3.14,,,
344,05/10/2025 09:10:00,14.53,46.48,3.21,,,
345,05/10/2025 09:20:00,15.23,43.85,3.02,,,
346,05/10/2025 09:30:00,15.93,40.26,2.46,,,
347,05/10/2025 09:40:00,15.63,43.28,3.20,,,
348,05/10/2025 09:50:00,15.69,39.06,1.81,,,
349,05/10/2025 10:00:00,15.99,41.01,2.76,,,
350,05/10/2025 10:10:00,16.28,38.41,2.10,,,
351,05/10/2025 10:20:00,16.77,35.69,1.51,,,
352,05/10/2025 10:30:00,16.63,36.67,1.77,,,
353,05/10/2025 10:40:00,16.82,35.33,1.42,,,
354,05/10/2025 10:50:00,16.90,35.91,1.71,,,
355,05/10/2025 11:00:00,16.64,36.37,1.66,,,
356,05/10/2025 11:10:00,16.86,37.34,2.22,,,
357,05/10/2025 11:20:00,16.79,37.68,2.29,,,
358,05/10/2025 11:30:00,16.91,37.87,2.47,,,
359,05/10/2025 11:40:00,16.54,36.32,1.55,,,
360,05/10/2025 11:50:00,16.40,37.86,2.01,,,
361,05/10/2025 12:00:00,16.30,37.81,1.90,,,
362,05/10/2025 12:10:00,16.59,39.32,2.71,,,
363,05/10/2025 12:20:00,16.42,37.38,1.84,,,
364,05/10/2025 12:30:00,16.59,38.10,2.26,,,
365,05/10/2025 12:40:00,16.79,38.48,2.59,,,
366,05/10/2025 12:50:00,16.98,35.65,1.68,,,
367,05/10/2025 13:00:00,16.85,35.52,1.52,,,
368,05/10/2025 13:10:00,16.86,36.72,1.99,,,
369,05/10/2025 13:20:00,16.99,35.99,1.82,,,
370,05/10/2025 13:30:00,17.47,36.37,2.40,,,
371,05/10/2025 13:40:00,17.43,37.25,2.70,,,
372,05/10/2025 13:50:00,17.59,35.83,2.29,,,
373,05/10/2025 14:00:00,17.62,36.68,2.65,,,
374,05/10/2025 14:10:00,17.84,36.62,2.83,,,
375,05/10/2025 14:20:00,18.13,36.01,2.84,,,
376,05/10/2025 14:30:00,18.00,35.05,2.35,,,
377,05/10/2025 14:40:00,18.14,37.25,3.33,,,
378,05/10/2025 14:50:00,18.46,35.96,3.11,,,
379,05/10/2025 15:00:00,18.71,35.76,3.26,,,
380,05/10/2025 15:10:00,18.51,36.04,3.19,,,
381,05/10/2025 15:20:00,18.78,35.34,3.15,,,
382,05/10/2025 15:30:00,19.03,35.72,3.53,,,
383,05/10/2025 15:40:00,19.75,36.07,4.30,,,
384,05/10/2025 15:50:00,19.42,35.42,3.75,,,
385,05/10/2025 16:00:00,19.13,34.90,3.28,,,
386,05/10/2025 16:10:00,18.68,38.25,4.19,,,
387,05/10/2025 16:20:00,18.57,36.38,3.38,,,
388,05/10/2025 16:30:00,18.57,38.13,4.05,,,
389,05/10/2025 16:40:00,18.44,38.97,4.24,,,
390,05/10/2025 16:50:00,18.26,37.18,3.41,,,
391,05/10/2025 17:00:00,17.97,37.08,3.11,,,
392,05/10/2025 17:10:00,17.89,37.94,3.36,,,
393,05/10/2025 17:20:00,17.94,38.99,3.80,,,
394,05/10/2025 17:30:00,18.07,36.63,3.03,,,
395,05/10/2025 17:40:00,18.02,39.00,3.87,,,
396,05/10/2025 17:50:00,17.75,38.25,3.35,,,
397,05/10/2025 18:00:00,17.52,40.43,3.94,,,
398,05/10/2025 18:10:00,17.43,40.17,3.76,,,
399,05/10/2025 18:20:00,17.34,39.82,3.56,,,
400,05/10/2025 18:30:00,17.18,40.99,3.83,,,
401,05/10/2025 18:40:00,17.05,42.22,4.13,,,
402,05/10/2025 18:50:00,16.90,43.86,4.54,,,
403,05/10/2025 19:00:00,16.79,43.13,4.20,,,
404,05/10/2025 19:10:00,16.72,44.48,4.58,,,
405,05/10/2025 19:20:00,16.49,47.25,5.24,,,
406,05/10/2025 19:30:00,16.35,47.00,5.03,,,
407,05/10/2025 19:40:00,16.18,46.17,4.62,,,
408,05/10/2025 19:50:00,15.85,47.09,4.60,,,
409,05/10/2025 20:00:00,15.70,46.61,4.31,,,
410,05/10/2025 20:10:00,15.52,49.18,4.91,,,
411,05/10/2025 20:20:00,15.15,52.81,5.60,,,
412,05/10/2025 20:30:00,14.59,54.80,5.62,,,
413,05/10/2025 20:40:00,14.05,55.34,5.25,,,
414,05/10/2025 20:50:00,13.45,58.03,5.37,,,
415,05/10/2025 21:00:00,12.88,60.79,5.50,,,
416,05/10/2025 21:10:00,12.29,61.59,5.13,,,
417,05/10/2025 21:20:00,11.82,63.12,5.04,,,
418,05/10/2025 21:30:00,11.53,63.97,4.96,,,
419,05/10/2025 21:40:00,11.28,64.78,4.90,,,
420,05/10/2025 21:50:00,10.95,66.08,4.87,,,
421,05/10/2025 22:00:00,10.69,65.49,4.50,,,
422,05/10/2025 22:10:00,10.53,66.38,4.54,,,
423,05/10/2025 22:20:00,10.42,66.45,4.45,,,
424,05/10/2025 22:30:00,10.31,67.56,4.58,,,
425,05/10/2025 22:40:00,10.16,68.24,4.59,,,
426,05/10/2025 22:50:00,10.36,66.22,4.34,,,
427,05/10/2025 23:00:00,10.52,65.92,4.43,,,
428,05/10/2025 23:10:00,10.55,67.27,4.75,,,
429,05/10/2025 23:20:00,10.40,68.75,4.92,,,
430,05/10/2025 23:30:00,10.12,69.10,4.72,,,
431,05/10/2025 23:40:00,10.07,68.36,4.52,,,
432,05/10/2025 23:50:00,9.98,68.77,4.52,,,
433,05/11/2025 00:00:00,9.85,69.58,4.57,,,
434,05/11/2025 00:10:00,9.79,70.34,4.66,,,
435,05/11/2025 00:20:00,9.57,70.56,4.50,,,
436,05/11/2025 00:30:00,9.23,71.93,4.44,,,
437,05/11/2025 00:40:00,9.00,73.84,4.59,,,
438,05/11/2025 00:50:00,8.92,74.71,4.68,,,
439,05/11/2025 01:00:00,8.87,75.36,4.76,,,
440,05/11/2025 01:10:00,8.89,75.63,4.83,,,
441,05/11/2025 01:20:00,8.74,74.98,4.56,,,
442,05/11/2025 01:30:00,8.52,76.34,4.61,,,
443,05/11/2025 01:40:00,8.31,77.78,4.67,,,
444,05/11/2025 01:50:00,8.13,77.09,4.36,,,
445,05/11/2025 02:00:00,7.96,79.02,4.55,,,
446,05/11/2025 02:10:00,7.82,79.04,4.42,,,
447,05/11/2025 02:20:00,7.67,79.70,4.39,,,
448,05/11/2025 02:30:00,7.58,81.37,4.60,,,
449,05/11/2025 02:40:00,7.60,81.33,4.62,,,
450,05/11/2025 02:50:00,7.52,81.31,4.53,,,
451,05/11/2025 03:00:00,7.38,81.80,4.48,,,
452,05/11/2025 03:10:00,7.24,82.11,4.40,,,
453,05/11/2025 03:20:00,7.15,82.42,4.37,,,
454,05/11/2025 03:30:00,7.16,82.21,4.34,,,
455,05/11/2025 03:40:00,7.11,83.01,4.42,,,
456,05/11/2025 03:50:00,6.99,83.03,4.31,,,
457,05/11/2025 04:00:00,6.83,83.33,4.21,,,
458,05/11/2025 04:10:00,6.69,84.25,4.23,,,
459,05/11/2025 04:20:00,6.55,83.95,4.04,,,
460,05/11/2025 04:30:00,6.43,84.68,4.05,,,
461,05/11/2025 04:40:00,6.40,85.12,4.09,,,
462,05/11/2025 04:50:00,6.24,85.03,3.92,,,
463,05/11/2025 05:00:00,6.11,85.03,3.79,,,
464,05/11/2025 05:10:00,5.95,85.73,3.75,,,
465,05/11/2025 05:20:00,5.85,85.64,3.64,,,
466,05/11/2025 05:30:00,5.76,87.05,3.77,,,
467,05/11/2025 05:40:00,5.68,87.79,3.82,,,
468,05/11/2025 05:50:00,5.65,87.54,3.75,,,
469,05/11/2025 06:00:00,5.70,88.20,3.91,,,
470,05/11/2025 06:10:00,5.66,87.57,3.76,,,
471,05/11/2025 06:20:00,5.64,87.92,3.80,,,
472,05/11/2025 06:30:00,5.68,88.21,3.89,,,
473,05/11/2025 06:40:00,5.77,89.31,4.15,,,
474,05/11/2025 06:50:00,6.08,90.60,4.66,,,
475,05/11/2025 07:00:00,6.68,89.61,5.10,,,
476,05/11/2025 07:10:00,7.17,88.07,5.34,,,
477,05/11/2025 07:20:00,7.82,86.03,5.63,,,
478,05/11/2025 07:30:00,8.43,83.49,5.80,,,
479,05/11/2025 07:40:00,9.21,80.81,6.10,,,
480,05/11/2025 07:50:00,10.24,79.29,6.82,,,
481,05/11/2025 08:00:00,11.19,75.00,6.94,,,
482,05/11/2025 08:10:00,11.88,71.29,6.86,,,
483,05/11/2025 08:20:00,12.61,68.72,7.03,,,
484,05/11/2025 08:30:00,13.34,66.46,7.24,,,
485,05/11/2025 08:40:00,14.06,65.56,7.72,,,
486,05/11/2025 08:50:00,14.67,62.75,7.66,,,
487,05/11/2025 09:00:00,14.73,60.82,7.26,,,
488,05/11/2025 09:10:00,14.88,60.45,7.31,,,
489,05/11/2025 09:20:00,15.47,60.95,7.99,,,
490,05/11/2025 09:30:00,15.95,54.49,6.79,,,
491,05/11/2025 09:40:00,16.19,54.40,7.00,,,
492,05/11/2025 09:50:00,16.30,47.78,5.22,,,
493,05/11/2025 10:00:00,16.22,49.34,5.61,,,
494,05/11/2025 10:10:00,16.73,50.20,6.33,,,
495,05/11/2025 10:20:00,16.93,49.05,6.18,,,
496,05/11/2025 10:30:00,17.14,44.22,4.87,,,
497,05/11/2025 10:40:00,17.21,42.92,4.51,,,
498,05/11/2025 10:50:00,16.91,43.80,4.53,,,
499,05/11/2025 11:00:00,17.04,43.76,4.63,,,
500,05/11/2025 11:10:00,16.82,48.96,6.05,,,
501,05/11/2025 11:20:00,16.85,41.89,3.84,,,
502,05/11/2025 11:30:00,17.14,41.53,3.97,,,
503,05/11/2025 11:40:00,16.73,41.95,3.75,,,
504,05/11/2025 11:50:00,16.98,43.38,4.45,,,
505,05/11/2025 12:00:00,16.99,43.40,4.47,,,
506,05/11/2025 12:10:00,16.91,42.68,4.16,,,
507,05/11/2025 12:20:00,16.85,41.44,3.68,,,
508,05/11/2025 12:30:00,16.84,41.85,3.81,,,
509,05/11/2025 12:40:00,16.87,42.50,4.06,,,
510,05/11/2025 12:50:00,17.08,42.21,4.16,,,
511,05/11/2025 13:00:00,17.26,40.31,3.67,,,
512,05/11/2025 13:10:00,17.21,42.38,4.33,,,
513,05/11/2025 13:20:00,17.35,43.30,4.76,,,
514,05/11/2025 13:30:00,17.49,41.84,4.40,,,
515,05/11/2025 13:40:00,17.66,40.02,3.92,,,
516,05/11/2025 13:50:00,17.67,40.44,4.08,,,
517,05/11/2025 14:00:00,17.98,39.48,4.02,,,
518,05/11/2025 14:10:00,17.63,40.16,3.94,,,
519,05/11/2025 14:20:00,17.64,41.50,4.42,,,
520,05/11/2025 14:30:00,17.75,42.36,4.81,,,
521,05/11/2025 14:40:00,17.96,41.01,4.54,,,
522,05/11/2025 14:50:00,18.12,41.67,4.91,,,
523,05/11/2025 15:00:00,18.39,39.55,4.40,,,
524,05/11/2025 15:10:00,18.40,39.13,4.26,,,
525,05/11/2025 15:20:00,18.65,38.54,4.27,,,
526,05/11/2025 15:30:00,18.42,39.78,4.51,,,
527,05/11/2025 15:40:00,18.57,38.34,4.12,,,
528,05/11/2025 15:50:00,18.80,38.26,4.30,,,
529,05/11/2025 16:00:00,18.39,37.91,3.80,,,
530,05/11/2025 16:10:00,18.19,39.33,4.14,,,
531,05/11/2025 16:20:00,18.04,40.12,4.29,,,
532,05/11/2025 16:30:00,17.87,40.25,4.18,,,
533,05/11/2025 16:40:00,17.90,40.87,4.43,,,
534,05/11/2025 16:50:00,17.72,39.57,3.81,,,
535,05/11/2025 17:00:00,17.60,39.85,3.80,,,
536,05/11/2025 17:10:00,17.54,41.52,4.34,,,
537,05/11/2025 17:20:00,17.45,43.33,4.86,,,
538,05/11/2025 17:30:00,17.61,43.14,4.94,,,
539,05/11/2025 17:40:00,17.17,42.90,4.47,,,
540,05/11/2025 17:50:00,17.00,43.14,4.39,,,
541,05/11/2025 18:00:00,16.93,43.88,4.58,,,
542,05/11/2025 18:10:00,16.69,43.67,4.28,,,
543,05/11/2025 18:20:00,16.59,43.22,4.05,,,
544,05/11/2025 18:30:00,16.49,43.99,4.21,,,
545,05/11/2025 18:40:00,16.49,44.15,4.26,,,
546,05/11/2025 18:50:00,16.45,45.06,4.52,,,
547,05/11/2025 19:00:00,16.28,45.46,4.49,,,
548,05/11/2025 19:10:00,16.12,44.93,4.17,,,
549,05/11/2025 19:20:00,16.00,45.67,4.30,,,
550,05/11/2025 19:30:00,15.81,47.35,4.64,,,
551,05/11/2025 19:40:00,15.62,47.04,4.38,,,
552,05/11/2025 19:50:00,15.40,50.20,5.10,,,
553,05/11/2025 20:00:00,15.12,49.32,4.59,,,
554,05/11/2025 20:10:00,14.91,49.23,4.37,,,
555,05/11/2025 20:20:00,14.54,51.67,4.72,,,
556,05/11/2025 20:30:00,14.19,50.72,4.13,,,
557,05/11/2025 20:40:00,13.82,53.52,4.56,,,
558,05/11/2025 20:50:00,13.38,55.19,4.59,,,
559,05/11/2025 21:00:00,13.15,57.09,4.85,,,
560,05/11/2025 21:10:00,12.72,58.47,4.79,,,
561,05/11/2025 21:20:00,12.22,59.61,4.61,,,
562,05/11/2025 21:30:00,11.69,61.77,4.61,,,
563,05/11/2025 21:40:00,11.24,62.77,4.41,,,
564,05/11/2025 21:50:00,10.72,64.29,4.26,,,
565,05/11/2025 22:00:00,10.30,67.18,4.50,,,
566,05/11/2025 22:10:00,9.98,67.12,4.18,,,
567,05/11/2025 22:20:00,9.67,67.99,4.06,,,
568,05/11/2025 22:30:00,9.42,68.75,3.98,,,
569,05/11/2025 22:40:00,9.17,70.25,4.04,,,
570,05/11/2025 22:50:00,9.02,71.34,4.12,,,
571,05/11/2025 23:00:00,8.80,71.02,3.85,,,
572,05/11/2025 23:10:00,8.65,72.22,3.94,,,
573,05/11/2025 23:20:00,8.50,71.40,3.63,,,
574,05/11/2025 23:30:00,8.36,72.60,3.74,,,
575,05/11/2025 23:40:00,8.23,73.09,3.71,,,
576,05/11/2025 23:50:00,8.14,72.65,3.53,,,
577,05/12/2025 00:00:00,7.93,73.81,3.56,,,
578,05/12/2025 00:10:00,7.77,74.20,3.48,,,
579,05/12/2025 00:20:00,7.62,74.65,3.42,,,
580,05/12/2025 00:30:00,7.47,75.53,3.44,,,
581,05/12/2025 00:40:00,7.38,74.05,3.06,,,
582,05/12/2025 00:50:00,7.30,74.86,3.14,,,
583,05/12/2025 01:00:00,7.31,74.11,3.01,,,
584,05/12/2025 01:10:00,7.55,73.88,3.20,,,
585,05/12/2025 01:20:00,7.50,74.01,3.18,,,
586,05/12/2025 01:30:00,7.38,74.32,3.12,,,
587,05/12/2025 01:40:00,7.18,74.30,2.93,,,
588,05/12/2025 01:50:00,7.03,75.82,3.07,,,
589,05/12/2025 02:00:00,6.78,76.82,3.00,,,
590,05/12/2025 02:10:00,6.61,76.70,2.82,,,
591,05/12/2025 02:20:00,6.43,76.91,2.68,,,
592,05/12/2025 02:30:00,6.24,78.73,2.83,,,
593,05/12/2025 02:40:00,6.15,78.22,2.65,,,
594,05/12/2025 02:50:00,6.04,79.52,2.77,,,
595,05/12/2025 03:00:00,5.92,77.89,2.36,,,
596,05/12/2025 03:10:00,5.77,78.68,2.36,,,
597,05/12/2025 03:20:00,5.61,79.64,2.37,,,
598,05/12/2025 03:30:00,5.49,79.42,2.22,,,
599,05/12/2025 03:40:00,5.45,79.19,2.13,,,
600,05/12/2025 03:50:00,5.45,80.10,2.29,,,
601,05/12/2025 04:00:00,5.33,80.44,2.24,,,
602,05/12/2025 04:10:00,5.23,80.17,2.10,,,
603,05/12/2025 04:20:00,5.07,81.71,2.21,,,
604,05/12/2025 04:30:00,5.01,81.72,2.15,,,
605,05/12/2025 04:40:00,5.07,81.16,2.11,,,
606,05/12/2025 04:50:00,5.02,81.11,2.05,,,
607,05/12/2025 05:00:00,4.94,81.20,1.99,,,
608,05/12/2025 05:10:00,4.78,80.79,1.77,,,
609,05/12/2025 05:20:00,4.62,82.31,1.87,,,
610,05/12/2025 05:30:00,4.48,82.58,1.78,,,
611,05/12/2025 05:40:00,4.33,82.70,1.65,,,
612,05/12/2025 05:50:00,4.35,82.16,1.58,,,
613,05/12/2025 06:00:00,4.28,82.91,1.63,,,
614,05/12/2025 06:10:00,4.17,84.32,1.76,,,
615,05/12/2025 06:20:00,4.19,84.93,1.89,,,
616,05/12/2025 06:30:00,4.20,85.04,1.91,,,
617,05/12/2025 06:40:00,4.28,85.07,1.99,,,
618,05/12/2025 06:50:00,4.39,86.00,2.26,,,
619,05/12/2025 07:00:00,4.68,85.85,2.52,,,
620,05/12/2025 07:10:00,5.13,84.74,2.78,,,
621,05/12/2025 07:20:00,5.68,83.33,3.08,,,
622,05/12/2025 07:30:00,6.37,80.78,3.32,,,
623,05/12/2025 07:40:00,7.60,74.85,3.43,,,
624,05/12/2025 07:50:00,8.70,70.61,3.66,,,
625,05/12/2025 08:00:00,9.72,65.64,3.61,,,
626,05/12/2025 08:10:00,10.57,66.55,4.62,,,
627,05/12/2025 08:20:00,11.29,61.60,4.19,,,
628,05/12/2025 08:30:00,11.94,57.90,3.93,,,
629,05/12/2025 08:40:00,12.33,57.67,4.23,,,
630,05/12/2025 08:50:00,12.99,55.46,4.29,,,
631,05/12/2025 09:00:00,13.39,51.95,3.74,,,
632,05/12/2025 09:10:00,13.66,50.36,3.54,,,
633,05/12/2025 09:20:00,14.09,43.43,1.85,,,
634,05/12/2025 09:30:00,14.19,44.36,2.24,,,
635,05/12/2025 09:40:00,14.49,41.69,1.64,,,
636,05/12/2025 09:50:00,14.57,37.73,0.33,,,
637,05/12/2025 10:00:00,14.54,40.03,1.12,,,
638,05/12/2025 10:10:00,14.70,40.12,1.30,,,
639,05/12/2025 10:20:00,14.53,41.62,1.65,,,
640,05/12/2025 10:30:00,14.94,40.61,1.68,,,
641,05/12/2025 10:40:00,15.16,39.52,1.50,,,
642,05/12/2025 10:50:00,15.09,39.13,1.30,,,
643,05/12/2025 11:00:00,14.44,40.40,1.16,,,
644,05/12/2025 11:10:00,14.21,39.92,0.79,,,
645,05/12/2025 11:20:00,14.22,40.60,1.03,,,
646,05/12/2025 11:30:00,14.13,39.52,0.58,,,
647,05/12/2025 11:40:00,14.26,37.35,-0.09,,,
648,05/12/2025 11:50:00,14.33,36.80,-0.23,,,
649,05/12/2025 12:00:00,14.14,37.23,-0.24,,,
650,05/12/2025 12:10:00,14.51,37.38,0.15,,,
651,05/12/2025 12:20:00,14.71,35.16,-0.52,,,
652,05/12/2025 12:30:00,14.60,36.80,0.02,,,
653,05/12/2025 12:40:00,14.64,36.45,-0.09,,,
654,05/12/2025 12:50:00,14.69,37.42,0.32,,,
655,05/12/2025 13:00:00,15.19,36.74,0.52,,,
656,05/12/2025 13:10:00,15.15,34.54,-0.37,,,
657,05/12/2025 13:20:00,14.94,33.54,-0.96,,,
658,05/12/2025 13:30:00,14.88,34.65,-0.57,,,
659,05/12/2025 13:40:00,15.04,35.99,0.10,,,
660,05/12/2025 13:50:00,15.02,36.54,0.29,,,
661,05/12/2025 14:00:00,15.09,35.22,-0.16,,,
662,05/12/2025 14:10:00,15.48,33.68,-0.42,,,
663,05/12/2025 14:20:00,15.52,36.84,0.84,,,
664,05/12/2025 14:30:00,15.52,33.40,-0.51,,,
665,05/12/2025 14:40:00,15.46,34.75,-0.01,,,
666,05/12/2025 14:50:00,15.74,33.60,-0.23,,,
667,05/12/2025 15:00:00,15.77,34.25,0.06,,,
668,05/12/2025 15:10:00,16.32,35.03,0.86,,,
669,05/12/2025 15:20:00,16.75,34.51,1.03,,,
670,05/12/2025 15:30:00,16.67,33.82,0.68,,,
671,05/12/2025 15:40:00,16.67,34.28,0.87,,,
672,05/12/2025 15:50:00,16.74,34.36,0.96,,,
673,05/12/2025 16:00:00,16.67,36.69,1.81,,,
674,05/12/2025 16:10:00,16.58,35.05,1.09,,,
675,05/12/2025 16:20:00,16.20,34.92,0.71,,,
676,05/12/2025 16:30:00,16.03,36.31,1.10,,,
677,05/12/2025 16:40:00,15.95,36.69,1.17,,,
678,05/12/2025 16:50:00,15.99,35.73,0.84,,,
679,05/12/2025 17:00:00,15.76,36.64,0.99,,,
680,05/12/2025 17:10:00,15.68,37.52,1.24,,,
681,05/12/2025 17:20:00,15.81,36.51,0.97,,,
682,05/12/2025 17:30:00,15.77,36.51,0.94,,,
683,05/12/2025 17:40:00,15.61,37.46,1.16,,,
684,05/12/2025 17:50:00,15.47,37.23,0.95,,,
685,05/12/2025 18:00:00,15.26,37.07,0.70,,,
686,05/12/2025 18:10:00,15.21,37.64,0.86,,,
687,05/12/2025 18:20:00,15.17,37.53,0.79,,,
688,05/12/2025 18:30:00,15.07,37.33,0.62,,,
689,05/12/2025 18:40:00,14.95,37.06,0.42,,,
690,05/12/2025 18:50:00,14.82,38.38,0.79,,,
691,05/12/2025 19:00:00,14.62,37.24,0.19,,,
692,05/12/2025 19:10:00,14.50,38.48,0.54,,,
693,05/12/2025 19:20:00,14.28,37.88,0.13,,,
694,05/12/2025 19:30:00,14.19,38.17,0.15,,,
695,05/12/2025 19:40:00,14.05,39.48,0.49,,,
696,05/12/2025 19:50:00,13.90,39.47,0.35,,,
697,05/12/2025 20:00:00,13.68,39.45,0.15,,,
698,05/12/2025 20:10:00,13.50,40.07,0.20,,,
699,05/12/2025 20:20:00,13.21,41.11,0.30,,,
700,05/12/2025 20:30:00,12.87,41.79,0.21,,,
701,05/12/2025 20:40:00,12.49,45.39,1.01,,,
702,05/12/2025 20:50:00,12.04,47.62,1.27,,,
703,05/12/2025 21:00:00,11.52,51.16,1.79,,,
704,05/12/2025 21:10:00,10.96,52.71,1.69,,,
705,05/12/2025 21:20:00,10.55,53.53,1.52,,,
706,05/12/2025 21:30:00,9.97,56.00,1.61,,,
707,05/12/2025 21:40:00,9.72,56.59,1.53,,,
708,05/12/2025 21:50:00,9.35,57.31,1.35,,,
709,05/12/2025 22:00:00,8.98,58.66,1.33,,,
710,05/12/2025 22:10:00,8.75,59.57,1.32,,,
711,05/12/2025 22:20:00,8.47,59.93,1.14,,,
712,05/12/2025 22:30:00,8.26,61.01,1.19,,,
713,05/12/2025 22:40:00,8.02,62.34,1.27,,,
714,05/12/2025 22:50:00,7.76,63.13,1.20,,,
715,05/12/2025 23:00:00,7.57,64.08,1.22,,,
716,05/12/2025 23:10:00,7.33,63.97,0.98,,,
717,05/12/2025 23:20:00,7.08,68.01,1.58,,,
718,05/12/2025 23:30:00,6.83,67.56,1.25,,,
719,05/12/2025 23:40:00,6.64,66.92,0.94,,,
720,05/12/2025 23:50:00,6.46,68.87,1.17,,,
721,05/13/2025 00:00:00,6.34,67.26,0.72,,,
722,05/13/2025 00:10:00,6.46,67.02,0.79,,,
723,05/13/2025 00:20:00,6.39,66.21,0.55,,,
724,05/13/2025 00:30:00,6.43,67.48,0.86,,,
725,05/13/2025 00:40:00,6.60,67.33,0.99,,,
726,05/13/2025 00:50:00,6.73,65.50,0.73,,,
727,05/13/2025 01:00:00,6.52,66.04,0.64,,,
728,05/13/2025 01:10:00,6.46,66.04,0.59,,,
729,05/13/2025 01:20:00,6.30,68.39,0.92,,,
730,05/13/2025 01:30:00,6.25,67.79,0.75,,,
731,05/13/2025 01:40:00,6.17,69.01,0.92,,,
732,05/13/2025 01:50:00,6.20,66.97,0.53,,,
733,05/13/2025 02:00:00,6.30,66.52,0.54,,,
734,05/13/2025 02:10:00,6.45,64.31,0.21,,,
735,05/13/2025 02:20:00,6.36,66.55,0.59,,,
736,05/13/2025 02:30:00,6.14,67.79,0.64,,,
737,05/13/2025 02:40:00,5.94,67.92,0.48,,,
738,05/13/2025 02:50:00,5.85,68.77,0.56,,,
739,05/13/2025 03:00:00,5.69,70.10,0.68,,,
740,05/13/2025 03:10:00,5.62,70.52,0.69,,,
741,05/13/2025 03:20:00,5.37,71.16,0.57,,,
742,05/13/2025 03:30:00,5.17,72.52,0.64,,,
743,05/13/2025 03:40:00,4.96,72.32,0.40,,,
744,05/13/2025 03:50:00,4.78,72.83,0.33,,,
745,05/13/2025 04:00:00,4.58,73.61,0.28,,,
746,05/13/2025 04:10:00,4.38,73.57,0.08,,,
747,05/13/2025 04:20:00,4.21,75.03,0.19,,,
748,05/13/2025 04:30:00,4.07,74.73,-0.00,,,
749,05/13/2025 04:40:00,3.93,75.70,0.04,,,
750,05/13/2025 04:50:00,3.73,76.86,0.05,,,
751,05/13/2025 05:00:00,3.60,76.05,-0.22,,,
752,05/13/2025 05:10:00,3.52,76.75,-0.18,,,
753,05/13/2025 05:20:00,3.40,76.29,-0.37,,,
754,05/13/2025 05:30:00,3.28,77.69,-0.24,,,
755,05/13/2025 05:40:00,3.13,78.74,-0.20,,,
756,05/13/2025 05:50:00,3.09,78.60,-0.27,,,
757,05/13/2025 06:00:00,3.03,79.36,-0.19,,,
758,05/13/2025 06:10:00,3.01,80.69,0.02,,,
759,05/13/2025 06:20:00,3.06,80.03,-0.04,,,
760,05/13/2025 06:30:00,3.13,80.74,0.14,,,
761,05/13/2025 06:40:00,3.14,81.29,0.25,,,
762,05/13/2025 06:50:00,3.17,82.38,0.46,,,
763,05/13/2025 07:00:00,3.26,82.96,0.64,,,
764,05/13/2025 07:10:00,3.54,84.80,1.22,,,
765,05/13/2025 07:20:00,4.06,82.58,1.37,,,
766,05/13/2025 07:30:00,4.73,82.37,1.98,,,
767,05/13/2025 07:40:00,5.84,78.06,2.32,,,
768,05/13/2025 07:50:00,7.04,75.10,2.94,,,
769,05/13/2025 08:00:00,8.17,71.99,3.43,,,
770,05/13/2025 08:10:00,9.11,66.76,3.27,,,
771,05/13/2025 08:20:00,10.22,59.16,2.61,,,
772,05/13/2025 08:30:00,10.95,57.24,2.83,,,
773,05/13/2025 08:40:00,11.53,52.76,2.23,,,
774,05/13/2025 08:50:00,12.08,49.84,1.94,,,
775,05/13/2025 09:00:00,12.41,50.93,2.54,,,
776,05/13/2025 09:10:00,12.90,49.36,2.56,,,
777,05/13/2025 09:20:00,13.29,47.95,2.51,,,
778,05/13/2025 09:30:00,13.61,47.43,2.65,,,
779,05/13/2025 09:40:00,13.96,46.83,2.79,,,
780,05/13/2025 09:50:00,14.35,44.50,2.43,,,
781,05/13/2025 10:00:00,14.48,44.28,2.47,,,
782,05/13/2025 10:10:00,14.82,42.81,2.31,,,
783,05/13/2025 10:20:00,15.24,41.78,2.35,,,
784,05/13/2025 10:30:00,15.46,43.17,3.01,,,
785,05/13/2025 10:40:00,15.38,41.12,2.25,,,
786,05/13/2025 10:50:00,15.44,42.20,2.67,,,
787,05/13/2025 11:00:00,14.99,42.21,2.27,,,
788,05/13/2025 11:10:00,15.09,41.62,2.16,,,
789,05/13/2025 11:20:00,14.92,40.49,1.62,,,
790,05/13/2025 11:30:00,14.72,42.18,2.01,,,
791,05/13/2025 11:40:00,14.79,42.15,2.06,,,
792,05/13/2025 11:50:00,14.93,42.36,2.26,,,
793,05/13/2025 12:00:00,15.00,42.14,2.25,,,
794,05/13/2025 12:10:00,15.23,41.76,2.33,,,
795,05/13/2025 12:20:00,15.47,40.42,2.10,,,
796,05/13/2025 12:30:00,15.39,39.32,1.63,,,
797,05/13/2025 12:40:00,15.47,41.02,2.30,,,
798,05/13/2025 12:50:00,15.91,40.06,2.37,,,
799,05/13/2025 13:00:00,15.96,38.12,1.71,,,
800,05/13/2025 13:10:00,16.01,38.19,1.78,,,
801,05/13/2025 13:20:00,15.96,38.48,1.84,,,
802,05/13/2025 13:30:00,16.44,38.26,2.19,,,
803,05/13/2025 13:40:00,16.67,38.88,2.63,,,
804,05/13/2025 13:50:00,16.91,37.91,2.48,,,
805,05/13/2025 14:00:00,16.55,37.28,1.92,,,
806,05/13/2025 14:10:00,16.95,38.47,2.73,,,
807,05/13/2025 14:20:00,16.92,37.04,2.17,,,
808,05/13/2025 14:30:00,16.69,37.36,2.08,,,
809,05/13/2025 14:40:00,16.67,37.61,2.16,,,
810,05/13/2025 14:50:00,16.91,35.79,1.68,,,
811,05/13/2025 15:00:00,17.34,36.87,2.47,,,
812,05/13/2025 15:10:00,17.87,35.82,2.53,,,
813,05/13/2025 15:20:00,17.98,34.57,2.14,,,
814,05/13/2025 15:30:00,17.70,35.94,2.44,,,
815,05/13/2025 15:40:00,18.18,33.67,1.94,,,
816,05/13/2025 15:50:00,18.12,33.71,1.91,,,
817,05/13/2025 16:00:00,17.74,35.01,2.10,,,
818,05/13/2025 16:10:00,17.70,35.52,2.27,,,
819,05/13/2025 16:20:00,17.48,36.22,2.35,,,
820,05/13/2025 16:30:00,17.41,35.38,1.96,,,
821,05/13/2025 16:40:00,17.37,35.58,2.00,,,
822,05/13/2025 16:50:00,17.22,35.76,1.94,,,
823,05/13/2025 17:00:00,16.98,35.44,1.60,,,
824,05/13/2025 17:10:00,16.87,36.13,1.77,,,
825,05/13/2025 17:20:00,17.01,35.43,1.62,,,
826,05/13/2025 17:30:00,16.93,35.55,1.60,,,
827,05/13/2025 17:40:00,16.87,35.13,1.38,,,
828,05/13/2025 17:50:00,16.80,35.43,1.44,,,
829,05/13/2025 18:00:00,16.63,36.92,1.86,,,
830,05/13/2025 18:10:00,16.47,36.46,1.55,,,
831,05/13/2025 18:20:00,16.40,35.68,1.18,,,
832,05/13/2025 18:30:00,16.29,36.77,1.50,,,
833,05/13/2025 18:40:00,16.19,37.08,1.53,,,
834,05/13/2025 18:50:00,16.11,38.82,2.10,,,
835,05/13/2025 19:00:00,15.95,38.43,1.81,,,
836,05/13/2025 19:10:00,15.87,38.06,1.61,,,
837,05/13/2025 19:20:00,15.69,43.17,3.22,,,
838,05/13/2025 19:30:00,15.47,40.36,2.08,,,
839,05/13/2025 19:40:00,15.25,40.60,1.96,,,
840,05/13/2025 19:50:00,14.98,43.38,2.64,,,
841,05/13/2025 20:00:00,14.55,48.24,3.75,,,
842,05/13/2025 20:10:00,14.18,44.87,2.39,,,
843,05/13/2025 20:20:00,13.76,49.53,3.40,,,
844,05/13/2025 20:30:00,13.24,53.10,3.91,,,
845,05/13/2025 20:40:00,12.71,55.21,3.97,,,
846,05/13/2025 20:50:00,12.14,56.74,3.82,,,
847,05/13/2025 21:00:00,11.57,58.78,3.79,,,
848,05/13/2025 21:10:00,11.09,60.08,3.65,,,
849,05/13/2025 21:20:00,10.64,61.03,3.44,,,
850,05/13/2025 21:30:00,10.33,61.52,3.26,,,
851,05/13/2025 21:40:00,10.05,62.17,3.15,,,
852,05/13/2025 21:50:00,9.65,64.08,3.20,,,
853,05/13/2025 22:00:00,9.39,64.85,3.12,,,
854,05/13/2025 22:10:00,9.12,64.64,2.82,,,
855,05/13/2025 22:20:00,9.04,64.34,2.68,,,
856,05/13/2025 22:30:00,8.92,64.51,2.60,,,
857,05/13/2025 22:40:00,8.72,64.70,2.45,,,
858,05/13/2025 22:50:00,8.67,65.02,2.48,,,
859,05/13/2025 23:00:00,8.55,67.12,2.80,,,
860,05/13/2025 23:10:00,8.39,67.91,2.82,,,
861,05/13/2025 23:20:00,8.36,66.95,2.59,,,
862,05/13/2025 23:30:00,8.23,66.87,2.45,,,
863,05/13/2025 23:40:00,8.12,67.59,2.49,,,
864,05/13/2025 23:50:00,7.99,67.83,2.42,,,
865,05/14/2025 00:00:00,7.83,68.50,2.40,,,
866,05/14/2025 00:10:00,7.75,69.46,2.52,,,
867,05/14/2025 00:20:00,7.73,68.68,2.35,,,
868,05/14/2025 00:30:00,7.72,67.33,2.06,,,
869,05/14/2025 00:40:00,7.69,67.54,2.07,,,
870,05/14/2025 00:50:00,7.60,67.95,2.07,,,
871,05/14/2025 01:00:00,7.46,68.40,2.03,,,
872,05/14/2025 01:10:00,7.32,69.80,2.18,,,
873,05/14/2025 01:20:00,7.19,71.28,2.35,,,
874,05/14/2025 01:30:00,7.09,70.39,2.07,,,
875,05/14/2025 01:40:00,6.96,68.66,1.60,,,
876,05/14/2025 01:50:00,6.82,69.47,1.63,,,
877,05/14/2025 02:00:00,6.71,70.46,1.73,,,
878,05/14/2025 02:10:00,6.55,70.47,1.57,,,
879,05/14/2025 02:20:00,6.41,71.01,1.54,,,
880,05/14/2025 02:30:00,6.30,71.08,1.46,,,
881,05/14/2025 02:40:00,6.16,72.05,1.51,,,
882,05/14/2025 02:50:00,6.08,72.68,1.55,,,
883,05/14/2025 03:00:00,6.04,72.82,1.53,,,
884,05/14/2025 03:10:00,5.94,72.95,1.47,,,
885,05/14/2025 03:20:00,5.85,73.51,1.49,,,
886,05/14/2025 03:30:00,5.77,74.08,1.52,,,
887,05/14/2025 03:40:00,5.68,74.18,1.45,,,
888,05/14/2025 03:50:00,5.59,75.59,1.62,,,
889,05/14/2025 04:00:00,5.46,75.38,1.46,,,
890,05/14/2025 04:10:00,5.37,75.29,1.36,,,
891,05/14/2025 04:20:00,5.26,76.11,1.40,,,
892,05/14/2025 04:30:00,5.11,76.40,1.31,,,
893,05/14/2025 04:40:00,4.94,77.06,1.26,,,
894,05/14/2025 04:50:00,4.88,77.39,1.26,,,
895,05/14/2025 05:00:00,4.75,77.47,1.15,,,
896,05/14/2025 05:10:00,4.72,78.10,1.23,,,
897,05/14/2025 05:20:00,4.64,78.74,1.27,,,
898,05/14/2025 05:30:00,4.62,78.74,1.25,,,
899,05/14/2025 05:40:00,4.66,79.11,1.36,,,
900,05/14/2025 05:50:00,4.67,79.10,1.37,,,
901,05/14/2025 06:00:00,4.75,79.91,1.58,,,
902,05/14/2025 06:10:00,4.87,79.25,1.58,,,
903,05/14/2025 06:20:00,5.03,79.78,1.83,,,
904,05/14/2025 06:30:00,5.13,79.31,1.85,,,
905,05/14/2025 06:40:00,5.28,79.33,2.00,,,
906,05/14/2025 06:50:00,5.42,78.88,2.06,,,
907,05/14/2025 07:00:00,5.59,79.36,2.30,,,
908,05/14/2025 07:10:00,5.77,79.92,2.58,,,
909,05/14/2025 07:20:00,6.01,80.34,2.89,,,
910,05/14/2025 07:30:00,6.39,79.41,3.09,,,
911,05/14/2025 07:40:00,6.97,77.49,3.31,,,
912,05/14/2025 07:50:00,7.78,74.34,3.51,,,
913,05/14/2025 08:00:00,8.66,68.90,3.29,,,
914,05/14/2025 08:10:00,9.69,66.01,3.66,,,
915,05/14/2025 08:20:00,10.50,61.47,3.42,,,
916,05/14/2025 08:30:00,11.55,60.59,4.20,,,
917,05/14/2025 08:40:00,12.57,59.54,4.91,,,
918,05/14/2025 08:50:00,13.45,55.48,4.72,,,
919,05/14/2025 09:00:00,14.15,55.79,5.46,,,
920,05/14/2025 09:10:00,14.68,52.87,5.18,,,
921,05/14/2025 09:20:00,15.51,49.56,5.02,,,
922,05/14/2025 09:30:00,16.20,48.90,5.46,,,
923,05/14/2025 09:40:00,17.17,47.08,5.80,,,
924,05/14/2025 09:50:00,17.26,45.01,5.24,,,
925,05/14/2025 10:00:00,17.43,43.32,4.84,,,
926,05/14/2025 10:10:00,17.67,40.66,4.15,,,
927,05/14/2025 10:20:00,17.79,40.72,4.28,,,
928,05/14/2025 10:30:00,17.99,39.59,4.06,,,
929,05/14/2025 10:40:00,18.26,40.92,4.77,,,
930,05/14/2025 10:50:00,18.35,42.41,5.37,,,
931,05/14/2025 11:00:00,18.64,41.42,5.29,,,
932,05/14/2025 11:10:00,18.58,41.55,5.28,,,
933,05/14/2025 11:20:00,18.09,40.01,4.30,,,
934,05/14/2025 11:30:00,17.87,38.66,3.61,,,
935,05/14/2025 11:40:00,17.95,40.66,4.40,,,
936,05/14/2025 11:50:00,18.06,37.84,3.48,,,
937,05/14/2025 12:00:00,18.35,37.59,3.64,,,
938,05/14/2025 12:10:00,18.67,37.95,4.07,,,
939,05/14/2025 12:20:00,18.72,35.02,2.97,,,
940,05/14/2025 12:30:00,18.52,38.63,4.18,,,
941,05/14/2025 12:40:00,18.77,37.15,3.85,,,
942,05/14/2025 12:50:00,19.01,37.69,4.27,,,
943,05/14/2025 13:00:00,19.25,36.08,3.86,,,
944,05/14/2025 13:10:00,19.42,34.94,3.56,,,
945,05/14/2025 13:20:00,19.39,34.33,3.28,,,
946,05/14/2025 13:30:00,19.82,33.08,3.13,,,
947,05/14/2025 13:40:00,20.22,33.45,3.65,,,
948,05/14/2025 13:50:00,20.32,33.23,3.63,,,
949,05/14/2025 14:00:00,20.30,30.83,2.56,,,
950,05/14/2025 14:10:00,20.43,31.86,3.13,,,
951,05/14/2025 14:20:00,20.62,33.46,4.00,,,
952,05/14/2025 14:30:00,20.57,32.00,3.32,,,
953,05/14/2025 14:40:00,20.78,33.24,4.04,,,
954,05/14/2025 14:50:00,21.01,32.28,3.82,,,
955,05/14/2025 15:00:00,21.37,32.64,4.30,,,
956,05/14/2025 15:10:00,22.12,32.38,4.84,,,
957,05/14/2025 15:20:00,21.51,31.95,4.12,,,
958,05/14/2025 15:30:00,21.35,33.57,4.68,,,
959,05/14/2025 15:40:00,21.82,33.04,4.87,,,
960,05/14/2025 15:50:00,22.07,32.72,4.94,,,
961,05/14/2025 16:00:00,21.90,33.49,5.13,,,
962,05/14/2025 16:10:00,21.65,36.18,6.03,,,
963,05/14/2025 16:20:00,21.13,34.38,4.82,,,
964,05/14/2025 16:30:00,20.77,36.15,5.23,,,
965,05/14/2025 16:40:00,20.57,34.73,4.48,,,
966,05/14/2025 16:50:00,20.35,34.81,4.32,,,
967,05/14/2025 17:00:00,20.22,35.40,4.45,,,
968,05/14/2025 17:10:00,20.10,36.88,4.92,,,
969,05/14/2025 17:20:00,20.22,36.40,4.85,,,
970,05/14/2025 17:30:00,20.29,36.69,5.02,,,
971,05/14/2025 17:40:00,20.29,37.40,5.30,,,
972,05/14/2025 17:50:00,20.15,37.81,5.33,,,
973,05/14/2025 18:00:00,19.92,37.44,4.99,,,
974,05/14/2025 18:10:00,19.81,37.48,4.90,,,
975,05/14/2025 18:20:00,19.72,39.65,5.63,,,
976,05/14/2025 18:30:00,19.57,40.00,5.62,,,
977,05/14/2025 18:40:00,19.38,40.58,5.66,,,
978,05/14/2025 18:50:00,19.17,37.97,4.52,,,
979,05/14/2025 19:00:00,18.97,39.91,5.05,,,
980,05/14/2025 19:10:00,18.76,41.01,5.25,,,
981,05/14/2025 19:20:00,18.54,40.55,4.90,,,
982,05/14/2025 19:30:00,18.32,43.21,5.61,,,
983,05/14/2025 19:40:00,17.93,43.80,5.45,,,
984,05/14/2025 19:50:00,17.58,44.96,5.51,,,
985,05/14/2025 20:00:00,17.30,46.19,5.64,,,
986,05/14/2025 20:10:00,16.96,48.11,5.93,,,
987,05/14/2025 20:20:00,16.64,48.05,5.62,,,
988,05/14/2025 20:30:00,16.29,50.70,6.06,,,
989,05/14/2025 20:40:00,15.95,49.96,5.54,,,
990,05/14/2025 20:50:00,15.61,51.99,5.80,,,
991,05/14/2025 21:00:00,15.29,53.41,5.90,,,
992,05/14/2025 21:10:00,15.03,54.51,5.95,,,
993,05/14/2025 21:20:00,14.82,55.47,6.00,,,
994,05/14/2025 21:30:00,14.57,55.66,5.82,,,
995,05/14/2025 21:40:00,14.28,56.61,5.80,,,
996,05/14/2025 21:50:00,14.01,57.21,5.70,,,
997,05/14/2025 22:00:00,13.70,56.96,5.34,,,
998,05/14/2025 22:10:00,13.44,57.67,5.27,,,
999,05/14/2025 22:20:00,13.18,57.58,5.01,,,
1000,05/14/2025 22:30:00,12.95,58.33,4.98,,,
1001,05/14/2025 22:40:00,12.67,58.00,4.64,,,
1002,05/14/2025 22:50:00,12.49,59.28,4.78,,,
1003,05/14/2025 23:00:00,12.28,59.72,4.68,,,
1004,05/14/2025 23:10:00,12.10,60.15,4.61,,,
1005,05/14/2025 23:20:00,11.87,60.67,4.53,,,
1006,05/14/2025 23:30:00,11.68,61.63,4.57,,,
1007,05/14/2025 23:40:00,11.47,62.40,4.55,,,
1008,05/14/2025 23:50:00,11.27,63.60,4.63,,,
1009,05/15/2025 00:00:00,11.09,63.29,4.39,,,
1010,05/15/2025 00:10:00,10.94,64.63,4.54,,,
1011,05/15/2025 00:20:00,10.80,65.27,4.55,,,
1012,05/15/2025 00:30:00,10.68,64.94,4.37,,,
1013,05/15/2025 00:40:00,10.53,65.70,4.39,,,
1014,05/15/2025 00:50:00,10.55,64.77,4.21,,,
1015,05/15/2025 01:00:00,10.57,65.77,4.45,,,
1016,05/15/2025 01:10:00,10.62,65.87,4.51,,,
1017,05/15/2025 01:20:00,10.56,66.47,4.59,,,
1018,05/15/2025 01:30:00,10.55,66.03,4.48,,,
1019,05/15/2025 01:40:00,10.45,67.29,4.66,,,
1020,05/15/2025 01:50:00,10.40,66.85,4.52,,,
1021,05/15/2025 02:00:00,10.30,67.29,4.52,,,
1022,05/15/2025 02:10:00,10.20,68.19,4.61,,,
1023,05/15/2025 02:20:00,10.08,68.95,4.65,,,
1024,05/15/2025 02:30:00,9.99,69.50,4.68,,,
1025,05/15/2025 02:40:00,9.89,69.61,4.60,,,
1026,05/15/2025 02:50:00,9.79,70.11,4.61,,,
1027,05/15/2025 03:00:00,9.72,70.51,4.63,,,
1028,05/15/2025 03:10:00,9.88,70.39,4.75,,,
1029,05/15/2025 03:20:00,10.06,69.84,4.81,,,
1030,05/15/2025 03:30:00,10.27,68.01,4.64,,,
1031,05/15/2025 03:40:00,10.37,66.26,4.36,,,
1032,05/15/2025 03:50:00,10.34,65.65,4.20,,,
1033,05/15/2025 04:00:00,10.09,66.20,4.08,,,
1034,05/15/2025 04:10:00,9.86,67.39,4.12,,,
1035,05/15/2025 04:20:00,9.89,68.61,4.39,,,
1036,05/15/2025 04:30:00,9.94,67.43,4.20,,,
1037,05/15/2025 04:40:00,9.98,67.29,4.21,,,
1038,05/15/2025 04:50:00,9.97,67.71,4.29,,,
1039,05/15/2025 05:00:00,9.95,67.64,4.25,,,
1040,05/15/2025 05:10:00,9.88,68.21,4.30,,,
1041,05/15/2025 05:20:00,9.84,69.41,4.52,,,
1042,05/15/2025 05:30:00,9.77,70.69,4.71,,,
1043,05/15/2025 05:40:00,9.64,70.69,4.58,,,
1044,05/15/2025 05:50:00,9.40,70.92,4.41,,,
1045,05/15/2025 06:00:00,9.26,71.77,4.44,,,
1046,05/15/2025 06:10:00,9.22,72.46,4.54,,,
1047,05/15/2025 06:20:00,9.19,72.91,4.59,,,
1048,05/15/2025 06:30:00,9.21,73.17,4.67,,,
1049,05/15/2025 06:40:00,9.20,73.19,4.66,,,
1050,05/15/2025 06:50:00,9.21,73.30,4.69,,,
1051,05/15/2025 07:00:00,9.29,72.90,4.68,,,
1052,05/15/2025 07:10:00,9.48,73.03,4.90,,,
1053,05/15/2025 07:20:00,9.61,71.53,4.72,,,
1054,05/15/2025 07:30:00,9.90,72.42,5.18,,,
1055,05/15/2025 07:40:00,10.20,64.72,3.86,,,
1056,05/15/2025 07:50:00,10.24,61.45,3.17,,,
1057,05/15/2025 08:00:00,10.20,58.33,2.39,,,
1058,05/15/2025 08:10:00,10.67,59.82,3.19,,,
1059,05/15/2025 08:20:00,11.32,58.19,3.42,,,
1060,05/15/2025 08:30:00,11.32,60.27,3.91,,,
1061,05/15/2025 08:40:00,11.72,58.49,3.86,,,
1062,05/15/2025 08:50:00,12.23,57.28,4.05,,,
1063,05/15/2025 09:00:00,12.10,54.84,3.30,,,
1064,05/15/2025 09:10:00,11.85,55.64,3.27,,,
1065,05/15/2025 09:20:00,11.05,58.88,3.33,,,
1066,05/15/2025 09:30:00,11.19,59.64,3.64,,,
1067,05/15/2025 09:40:00,11.08,58.71,3.31,,,
1068,05/15/2025 09:50:00,11.16,60.50,3.82,,,
1069,05/15/2025 10:00:00,12.31,56.22,3.85,,,
1070,05/15/2025 10:10:00,12.43,56.11,3.93,,,
1071,05/15/2025 10:20:00,11.96,56.87,3.68,,,
1072,05/15/2025 10:30:00,11.62,60.94,4.36,,,
1073,05/15/2025 10:40:00,13.00,55.01,4.18,,,
1074,05/15/2025 10:50:00,12.50,56.39,4.08,,,
1075,05/15/2025 11:00:00,13.07,54.02,4.00,,,
1076,05/15/2025 11:10:00,12.37,53.03,3.08,,,
1077,05/15/2025 11:20:00,12.50,50.56,2.53,,,
1078,05/15/2025 11:30:00,12.06,50.95,2.23,,,
1079,05/15/2025 11:40:00,12.17,51.67,2.53,,,
1080,05/15/2025 11:50:00,12.29,50.23,2.24,,,
1081,05/15/2025 12:00:00,12.25,48.08,1.59,,,
1082,05/15/2025 12:10:00,12.45,44.35,0.66,,,
1083,05/15/2025 12:20:00,12.60,46.42,1.42,,,
1084,05/15/2025 12:30:00,12.77,45.60,1.33,,,
1085,05/15/2025 12:40:00,12.67,44.57,0.93,,,
1086,05/15/2025 12:50:00,12.65,44.38,0.85,,,
1087,05/15/2025 13:00:00,12.72,47.69,1.91,,,
1088,05/15/2025 13:10:00,13.05,45.21,1.47,,,
1089,05/15/2025 13:20:00,13.39,44.45,1.54,,,
1090,05/15/2025 13:30:00,13.06,43.43,0.92,,,
1091,05/15/2025 13:40:00,13.64,43.70,1.53,,,
1092,05/15/2025 13:50:00,14.24,41.18,1.25,,,
1093,05/15/2025 14:00:00,14.34,39.96,0.91,,,
1094,05/15/2025 14:10:00,13.92,39.22,0.28,,,
1095,05/15/2025 14:20:00,13.81,42.53,1.31,,,
1096,05/15/2025 14:30:00,13.64,41.95,0.96,,,
1097,05/15/2025 14:40:00,13.83,41.86,1.11,,,
1098,05/15/2025 14:50:00,13.83,39.83,0.42,,,
1099,05/15/2025 15:00:00,13.86,42.42,1.32,,,
1100,05/15/2025 15:10:00,13.59,42.60,1.13,,,
1101,05/15/2025 15:20:00,14.14,39.50,0.58,,,
1102,05/15/2025 15:30:00,14.12,39.72,0.64,,,
1103,05/15/2025 15:40:00,14.51,39.91,1.05,,,
1104,05/15/2025 15:50:00,14.66,41.77,1.82,,,
1105,05/15/2025 16:00:00,14.41,37.98,0.28,,,
1106,05/15/2025 16:10:00,14.56,38.48,0.59,,,
1107,05/15/2025 16:20:00,14.40,41.18,1.39,,,
1108,05/15/2025 16:30:00,14.30,39.49,0.72,,,
1109,05/15/2025 16:40:00,14.06,40.41,0.82,,,
1110,05/15/2025 16:50:00,13.55,41.97,0.89,,,
1111,05/15/2025 17:00:00,13.43,42.91,1.08,,,
1112,05/15/2025 17:10:00,13.61,42.87,1.23,,,
1113,05/15/2025 17:20:00,13.67,42.51,1.17,,,
1114,05/15/2025 17:30:00,13.99,40.99,0.96,,,
1115,05/15/2025 17:40:00,14.04,41.44,1.15,,,
1116,05/15/2025 17:50:00,14.06,41.06,1.04,,,
1117,05/15/2025 18:00:00,13.86,43.14,1.55,,,
1118,05/15/2025 18:10:00,13.81,42.12,1.17,,,
1119,05/15/2025 18:20:00,13.67,42.00,1.01,,,
1120,05/15/2025 18:30:00,13.41,42.10,0.81,,,
1121,05/15/2025 18:40:00,13.19,44.57,1.40,,,
1122,05/15/2025 18:50:00,12.17,55.67,3.58,,,
1123,05/15/2025 19:00:00,10.95,66.95,5.06,,,
1124,05/15/2025 19:10:00,10.21,73.86,5.76,,,
1125,05/15/2025 19:20:00,10.03,74.69,5.75,,,
1126,05/15/2025 19:30:00,10.16,74.50,5.85,,,
1127,05/15/2025 19:40:00,10.33,73.94,5.89,,,
1128,05/15/2025 19:50:00,10.22,64.07,3.74,,,
1129,05/15/2025 20:00:00,9.91,64.68,3.58,,,
1130,05/15/2025 20:10:00,9.76,63.46,3.17,,,
1131,05/15/2025 20:20:00,9.66,68.16,4.09,,,
1132,05/15/2025 20:30:00,9.50,69.55,4.22,,,
1133,05/15/2025 20:40:00,9.40,68.27,3.86,,,
1134,05/15/2025 20:50:00,9.27,70.19,4.13,,,
1135,05/15/2025 21:00:00,9.09,69.39,3.80,,,
1136,05/15/2025 21:10:00,8.70,71.89,3.92,,,
1137,05/15/2025 21:20:00,8.30,72.99,3.75,,,
1138,05/15/2025 21:30:00,7.84,73.59,3.42,,,
1139,05/15/2025 21:40:00,7.52,73.63,3.12,,,
1140,05/15/2025 21:50:00,7.33,76.95,3.57,,,
1141,05/15/2025 22:00:00,7.18,77.09,3.45,,,
1142,05/15/2025 22:10:00,7.11,73.06,2.62,,,
1143,05/15/2025 22:20:00,7.07,74.66,2.88,,,
1144,05/15/2025 22:30:00,6.90,74.39,2.67,,,
1145,05/15/2025 22:40:00,6.74,75.97,2.81,,,
1146,05/15/2025 22:50:00,6.66,76.52,2.83,,,
1147,05/15/2025 23:00:00,6.67,77.49,3.02,,,
1148,05/15/2025 23:10:00,6.71,77.04,2.98,,,
1149,05/15/2025 23:20:00,6.84,77.97,3.27,,,
1150,05/15/2025 23:30:00,6.99,77.79,3.39,,,
1151,05/15/2025 23:40:00,7.05,78.98,3.66,,,
1152,05/15/2025 23:50:00,7.03,76.14,3.12,,,
1153,05/16/2025 00:00:00,6.89,76.89,3.13,,,
1154,05/16/2025 00:10:00,6.74,77.00,3.00,,,
1155,05/16/2025 00:20:00,6.59,76.12,2.70,,,
1156,05/16/2025 00:30:00,6.41,77.38,2.75,,,
1157,05/16/2025 00:40:00,6.27,78.54,2.82,,,
1158,05/16/2025 00:50:00,6.15,79.48,2.88,,,
1159,05/16/2025 01:00:00,6.05,80.25,2.91,,,
1160,05/16/2025 01:10:00,6.05,80.63,2.97,,,
1161,05/16/2025 01:20:00,6.06,80.46,2.95,,,
1162,05/16/2025 01:30:00,6.05,81.18,3.07,,,
1163,05/16/2025 01:40:00,6.08,80.56,2.99,,,
1164,05/16/2025 01:50:00,6.10,81.10,3.11,,,
1165,05/16/2025 02:00:00,6.25,81.05,3.25,,,
1166,05/16/2025 02:10:00,6.36,81.31,3.40,,,
1167,05/16/2025 02:20:00,6.51,80.59,3.42,,,
1168,05/16/2025 02:30:00,6.55,80.04,3.36,,,
1169,05/16/2025 02:40:00,6.60,79.49,3.32,,,
1170,05/16/2025 02:50:00,6.63,80.36,3.49,,,
1171,05/16/2025 03:00:00,6.66,79.82,3.43,,,
1172,05/16/2025 03:10:00,6.70,79.88,3.48,,,
1173,05/16/2025 03:20:00,6.70,82.04,3.86,,,
1174,05/16/2025 03:30:00,6.71,81.17,3.72,,,
1175,05/16/2025 03:40:00,6.73,80.94,3.70,,,
1176,05/16/2025 03:50:00,6.69,80.97,3.66,,,
1177,05/16/2025 04:00:00,6.66,80.20,3.49,,,
1178,05/16/2025 04:10:00,6.50,80.04,3.31,,,
1179,05/16/2025 04:20:00,6.33,80.08,3.15,,,
1180,05/16/2025 04:30:00,6.25,80.50,3.15,,,
1181,05/16/2025 04:40:00,6.20,80.47,3.09,,,
1182,05/16/2025 04:50:00,6.09,80.64,3.02,,,
1183,05/16/2025 05:00:00,6.02,80.61,2.95,,,
1184,05/16/2025 05:10:00,5.97,80.72,2.92,,,
1185,05/16/2025 05:20:00,5.85,81.14,2.88,,,
1186,05/16/2025 05:30:00,5.72,81.35,2.78,,,
1187,05/16/2025 05:40:00,5.52,81.26,2.57,,,
1188,05/16/2025 05:50:00,5.33,81.55,2.43,,,
1189,05/16/2025 06:00:00,5.12,82.20,2.34,,,
1190,05/16/2025 06:10:00,4.98,82.72,2.30,,,
1191,05/16/2025 06:20:00,4.88,83.16,2.26,,,
1192,05/16/2025 06:30:00,4.88,83.91,2.39,,,
1193,05/16/2025 06:40:00,4.84,83.78,2.34,,,
1194,05/16/2025 06:50:00,4.86,83.72,2.34,,,
1195,05/16/2025 07:00:00,4.88,84.41,2.47,,,
1196,05/16/2025 07:10:00,4.98,84.86,2.66,,,
1197,05/16/2025 07:20:00,5.28,84.85,2.95,,,
1198,05/16/2025 07:30:00,6.05,83.66,3.50,,,
1199,05/16/2025 07:40:00,7.25,79.33,3.92,,,
1200,05/16/2025 07:50:00,8.64,72.51,3.99,,,
1201,05/16/2025 08:00:00,9.40,68.69,3.95,,,
1202,05/16/2025 08:10:00,9.83,65.11,3.60,,,
1203,05/16/2025 08:20:00,9.90,64.58,3.55,,,
1204,05/16/2025 08:30:00,9.85,64.83,3.56,,,
1205,05/16/2025 08:40:00,10.28,63.32,3.63,,,
1206,05/16/2025 08:50:00,10.65,62.31,3.75,,,
1207,05/16/2025 09:00:00,11.09,60.00,3.63,,,
1208,05/16/2025 09:10:00,11.23,60.80,3.95,,,
1209,05/16/2025 09:20:00,12.27,58.26,4.32,,,
1210,05/16/2025 09:30:00,13.38,54.66,4.45,,,
1211,05/16/2025 09:40:00,13.81,52.33,4.23,,,
1212,05/16/2025 09:50:00,13.20,53.69,4.03,,,
1213,05/16/2025 10:00:00,13.11,52.30,3.58,,,
1214,05/16/2025 10:10:00,12.95,53.21,3.67,,,
1215,05/16/2025 10:20:00,12.91,54.23,3.90,,,
1216,05/16/2025 10:30:00,12.93,53.07,3.61,,,
1217,05/16/2025 10:40:00,12.89,52.58,3.44,,,
1218,05/16/2025 10:50:00,12.77,54.30,3.79,,,
1219,05/16/2025 11:00:00,13.23,51.02,3.33,,,
1220,05/16/2025 11:10:00,13.62,50.81,3.63,,,
1221,05/16/2025 11:20:00,13.47,52.09,3.85,,,
1222,05/16/2025 11:30:00,13.40,53.48,4.16,,,
1223,05/16/2025 11:40:00,13.54,51.67,3.80,,,
1224,05/16/2025 11:50:00,13.89,50.48,3.78,,,
1225,05/16/2025 12:00:00,14.22,49.98,3.95,,,
1226,05/16/2025 12:10:00,14.22,52.57,4.67,,,
1227,05/16/2025 12:20:00,13.66,52.73,4.20,,,
1228,05/16/2025 12:30:00,13.78,52.77,4.32,,,
1229,05/16/2025 12:40:00,14.04,52.25,4.41,,,
1230,05/16/2025 12:50:00,13.65,53.55,4.41,,,
1231,05/16/2025 13:00:00,12.80,60.31,5.32,,,
1232,05/16/2025 13:10:00,12.34,60.59,4.95,,,
1233,05/16/2025 13:20:00,12.86,57.61,4.71,,,
1234,05/16/2025 13:30:00,13.43,57.26,5.16,,,
1235,05/16/2025 13:40:00,14.09,55.11,5.23,,,
1236,05/16/2025 13:50:00,14.59,50.36,4.41,,,
1237,05/16/2025 14:00:00,14.81,49.94,4.48,,,
1238,05/16/2025 14:10:00,14.86,50.00,4.55,,,
1239,05/16/2025 14:20:00,14.89,51.33,4.95,,,
1240,05/16/2025 14:30:00,14.40,48.41,3.67,,,
1241,05/16/2025 14:40:00,13.83,49.47,3.45,,,
1242,05/16/2025 14:50:00,13.40,55.01,4.56,,,
1243,05/16/2025 15:00:00,13.16,55.04,4.34,,,
1244,05/16/2025 15:10:00,13.45,53.15,4.11,,,
1245,05/16/2025 15:20:00,14.06,52.09,4.39,,,
1246,05/16/2025 15:30:00,14.23,52.47,4.65,,,
1247,05/16/2025 15:40:00,14.14,52.60,4.61,,,
1248,05/16/2025 15:50:00,14.08,50.89,4.08,,,
1249,05/16/2025 16:00:00,13.69,52.15,4.07,,,
1250,05/16/2025 16:10:00,13.29,53.17,3.97,,,
1251,05/16/2025 16:20:00,13.08,52.23,3.53,,,
1252,05/16/2025 16:30:00,12.99,50.27,2.90,,,
1253,05/16/2025 16:40:00,13.40,49.94,3.19,,,
1254,05/16/2025 16:50:00,13.40,46.85,2.29,,,
1255,05/16/2025 17:00:00,13.49,51.74,3.77,,,
1256,05/16/2025 17:10:00,13.59,47.07,2.52,,,
1257,05/16/2025 17:20:00,14.03,45.79,2.53,,,
1258,05/16/2025 17:30:00,14.18,46.21,2.80,,,
1259,05/16/2025 17:40:00,14.03,49.80,3.72,,,
1260,05/16/2025 17:50:00,13.38,48.92,2.88,,,
1261,05/16/2025 18:00:00,12.78,50.47,2.76,,,
1262,05/16/2025 18:10:00,12.28,55.96,3.76,,,
1263,05/16/2025 18:20:00,11.79,59.30,4.13,,,
1264,05/16/2025 18:30:00,11.34,64.94,5.00,,,
1265,05/16/2025 18:40:00,10.77,73.79,6.29,,,
1266,05/16/2025 18:50:00,10.12,76.08,6.11,,,
1267,05/16/2025 19:00:00,9.51,78.32,5.94,,,
1268,05/16/2025 19:10:00,8.94,81.84,6.02,,,
1269,05/16/2025 19:20:00,8.60,83.54,5.98,,,
1270,05/16/2025 19:30:00,8.36,85.60,6.10,,,
1271,05/16/2025 19:40:00,8.24,87.08,6.23,,,
1272,05/16/2025 19:50:00,8.14,87.87,6.26,,,
1273,05/16/2025 20:00:00,8.09,89.17,6.43,,,
1274,05/16/2025 20:10:00,8.04,89.02,6.35,,,
1275,05/16/2025 20:20:00,7.94,88.11,6.11,,,
1276,05/16/2025 20:30:00,7.79,87.40,5.84,,,
1277,05/16/2025 20:40:00,7.56,87.65,5.65,,,
1278,05/16/2025 20:50:00,7.34,88.04,5.50,,,
1279,05/16/2025 21:00:00,7.17,88.61,5.42,,,
1280,05/16/2025 21:10:00,7.08,88.99,5.39,,,
1281,05/16/2025 21:20:00,6.89,89.09,5.23,,,
1282,05/16/2025 21:30:00,6.71,89.09,5.05,,,
1283,05/16/2025 21:40:00,6.49,89.11,4.83,,,
1284,05/16/2025 21:50:00,6.27,89.38,4.66,,,
1285,05/16/2025 22:00:00,6.13,89.78,4.58,,,
1286,05/16/2025 22:10:00,5.96,89.54,4.38,,,
1287,05/16/2025 22:20:00,5.81,89.70,4.25,,,
1288,05/16/2025 22:30:00,5.68,89.97,4.17,,,
1289,05/16/2025 22:40:00,5.59,90.28,4.12,,,
1290,05/16/2025 22:50:00,5.51,90.65,4.11,,,
1291,05/16/2025 23:00:00,5.47,91.11,4.14,,,
1292,05/16/2025 23:10:00,5.42,90.81,4.05,,,
1293,05/16/2025 23:20:00,5.31,90.88,3.94,,,
1294,05/16/2025 23:30:00,5.20,90.99,3.85,,,
1295,05/16/2025 23:40:00,5.12,90.97,3.77,,,
1296,05/16/2025 23:50:00,5.02,91.08,3.69,,,
1297,05/17/2025 00:00:00,4.94,91.22,3.63,,,
1298,05/17/2025 00:10:00,4.96,91.48,3.70,,,
1299,05/17/2025 00:20:00,4.88,91.24,3.57,,,
1300,05/17/2025 00:30:00,4.77,91.06,3.44,,,
1301,05/17/2025 00:40:00,4.59,91.03,3.25,,,
1302,05/17/2025 00:50:00,4.48,91.18,3.17,,,
1303,05/17/2025 01:00:00,4.42,91.56,3.16,,,
1304,05/17/2025 01:10:00,4.43,91.67,3.19,,,
1305,05/17/2025 01:20:00,4.39,91.84,3.19,,,
1306,05/17/2025 01:30:00,4.37,92.04,3.20,,,
1307,05/17/2025 01:40:00,4.36,92.06,3.19,,,
1308,05/17/2025 01:50:00,4.35,92.11,3.19,,,
1309,05/17/2025 02:00:00,4.31,92.15,3.15,,,
1310,05/17/2025 02:10:00,4.23,92.02,3.06,,,
1311,05/17/2025 02:20:00,4.19,92.18,3.04,,,
1312,05/17/2025 02:30:00,4.15,92.19,3.00,,,
1313,05/17/2025 02:40:00,4.09,92.20,2.94,,,
1314,05/17/2025 02:50:00,4.01,92.29,2.87,,,
1315,05/17/2025 03:00:00,3.99,92.46,2.88,,,
1316,05/17/2025 03:10:00,3.87,92.24,2.73,,,
1317,05/17/2025 03:20:00,3.72,92.07,2.55,,,
1318,05/17/2025 03:30:00,3.60,92.14,2.45,,,
1319,05/17/2025 03:40:00,3.54,92.21,2.39,,,
1320,05/17/2025 03:50:00,3.44,92.44,2.33,,,
1321,05/17/2025 04:00:00,3.42,92.63,2.34,,,
1322,05/17/2025 04:10:00,3.40,92.70,2.33,,,
1323,05/17/2025 04:20:00,3.35,92.69,2.28,,,
1324,05/17/2025 04:30:00,3.33,92.81,2.28,,,
1325,05/17/2025 04:40:00,3.33,92.84,2.29,,,
1326,05/17/2025 04:50:00,3.32,92.80,2.27,,,
1327,05/17/2025 05:00:00,3.29,92.83,2.24,,,
1328,05/17/2025 05:10:00,3.27,92.85,2.22,,,
1329,05/17/2025 05:20:00,3.26,92.95,2.23,,,
1330,05/17/2025 05:30:00,3.23,93.01,2.21,,,
1331,05/17/2025 05:40:00,3.23,93.09,2.22,,,
1332,05/17/2025 05:50:00,3.28,93.23,2.29,,,
1333,05/17/2025 06:00:00,3.31,93.37,2.34,,,
1334,05/17/2025 06:10:00,3.47,93.54,2.53,,,
1335,05/17/2025 06:20:00,3.58,93.63,2.65,,,
1336,05/17/2025 06:30:00,3.74,93.69,2.82,,,
1337,05/17/2025 06:40:00,3.95,93.79,3.05,,,
1338,05/17/2025 06:50:00,4.20,93.90,3.31,,,
1339,05/17/2025 07:00:00,4.36,94.09,3.50,,,
1340,05/17/2025 07:10:00,4.60,93.98,3.72,,,
1341,05/17/2025 07:20:00,4.79,94.00,3.91,,,
1342,05/17/2025 07:30:00,4.95,94.12,4.09,,,
1343,05/17/2025 07:40:00,5.25,94.37,4.43,,,
1344,05/17/2025 07:50:00,5.53,94.40,4.71,,,
1345,05/17/2025 08:00:00,5.87,94.49,5.06,,,
1346,05/17/2025 08:10:00,6.22,94.47,5.40,,,
1347,05/17/2025 08:20:00,6.70,94.61,5.90,,,
1348,05/17/2025 08:30:00,7.00,94.47,6.18,,,
1349,05/17/2025 08:40:00,7.29,93.94,6.39,,,
1350,05/17/2025 08:50:00,7.69,94.44,6.86,,,
1351,05/17/2025 09:00:00,8.37,95.43,7.69,,,
1352,05/17/2025 09:10:00,9.72,94.46,8.89,,,
1353,05/17/2025 09:20:00,9.92,92.57,8.78,,,
1354,05/17/2025 09:30:00,10.58,88.43,8.76,,,
1355,05/17/2025 09:40:00,11.40,86.74,9.28,,,
1356,05/17/2025 09:50:00,12.29,83.84,9.65,,,
1357,05/17/2025 10:00:00,12.90,83.33,10.16,,,
1358,05/17/2025 10:10:00,13.24,79.18,9.73,,,
1359,05/17/2025 10:20:00,13.30,81.09,10.14,,,
1360,05/17/2025 10:30:00,13.79,77.36,9.91,,,
1361,05/17/2025 10:40:00,13.96,71.77,8.96,,,
1362,05/17/2025 10:50:00,13.85,75.11,9.53,,,
1363,05/17/2025 11:00:00,13.79,69.51,8.33,,,
1364,05/17/2025 11:10:00,13.98,65.50,7.64,,,
1365,05/17/2025 11:20:00,13.81,62.32,6.74,,,
1366,05/17/2025 11:30:00,13.61,62.77,6.66,,,
1367,05/17/2025 11:40:00,13.80,60.77,6.37,,,
1368,05/17/2025 11:50:00,13.70,62.20,6.62,,,
1369,05/17/2025 12:00:00,14.08,55.56,5.33,,,
1370,05/17/2025 12:10:00,14.43,58.31,6.37,,,
1371,05/17/2025 12:20:00,14.14,58.43,6.12,,,
1372,05/17/2025 12:30:00,14.12,56.23,5.55,,,
1373,05/17/2025 12:40:00,13.95,57.81,5.79,,,
1374,05/17/2025 12:50:00,13.90,60.30,6.35,,,
1375,05/17/2025 13:00:00,13.63,60.30,6.09,,,
1376,05/17/2025 13:10:00,13.37,62.21,6.30,,,
1377,05/17/2025 13:20:00,13.34,61.46,6.10,,,
1378,05/17/2025 13:30:00,13.16,63.50,6.40,,,
1379,05/17/2025 13:40:00,13.56,60.86,6.17,,,
1380,05/17/2025 13:50:00,14.06,56.39,5.53,,,
1381,05/17/2025 14:00:00,14.22,56.84,5.80,,,
1382,05/17/2025 14:10:00,14.22,56.79,5.78,,,
1383,05/17/2025 14:20:00,14.56,57.89,6.38,,,
1384,05/17/2025 14:30:00,14.58,55.08,5.68,,,
1385,05/17/2025 14:40:00,14.98,53.52,5.63,,,
1386,05/17/2025 14:50:00,15.30,52.39,5.63,,,
1387,05/17/2025 15:00:00,16.32,51.01,6.18,,,
1388,05/17/2025 15:10:00,17.35,48.56,6.42,,,
1389,05/17/2025 15:20:00,17.68,44.91,5.59,,,
1390,05/17/2025 15:30:00,17.09,46.17,5.45,,,
1391,05/17/2025 15:40:00,16.63,47.31,5.38,,,
1392,05/17/2025 15:50:00,16.82,45.86,5.11,,,
1393,05/17/2025 16:00:00,16.07,47.90,5.05,,,
1394,05/17/2025 16:10:00,15.63,47.79,4.61,,,
1395,05/17/2025 16:20:00,15.55,51.17,5.51,,,
1396,05/17/2025 16:30:00,15.39,50.26,5.11,,,
1397,05/17/2025 16:40:00,14.65,55.13,5.75,,,
1398,05/17/2025 16:50:00,14.28,54.44,5.23,,,
1399,05/17/2025 17:00:00,14.28,55.50,5.51,,,
1400,05/17/2025 17:10:00,14.41,53.88,5.20,,,
1401,05/17/2025 17:20:00,14.55,53.99,5.36,,,
1402,05/17/2025 17:30:00,14.65,53.53,5.33,,,
1403,05/17/2025 17:40:00,14.51,55.59,5.74,,,
1404,05/17/2025 17:50:00,14.28,56.98,5.89,,,
1405,05/17/2025 18:00:00,14.25,55.04,5.36,,,
1406,05/17/2025 18:10:00,14.06,55.77,5.37,,,
1407,05/17/2025 18:20:00,13.93,55.97,5.30,,,
1408,05/17/2025 18:30:00,13.76,57.62,5.56,,,
1409,05/17/2025 18:40:00,13.65,58.08,5.57,,,
1410,05/17/2025 18:50:00,13.52,58.65,5.59,,,
1411,05/17/2025 19:00:00,12.80,68.13,7.08,,,
1412,05/17/2025 19:10:00,11.32,75.07,7.08,,,
1413,05/17/2025 19:20:00,10.28,81.30,7.23,,,
1414,05/17/2025 19:30:00,9.82,84.51,7.35,,,
1415,05/17/2025 19:40:00,9.59,86.67,7.48,,,
1416,05/17/2025 19:50:00,9.45,88.07,7.58,,,
1417,05/17/2025 20:00:00,9.36,88.34,7.54,,,
1418,05/17/2025 20:10:00,9.26,88.04,7.39,,,
1419,05/17/2025 20:20:00,9.23,89.17,7.55,,,
1420,05/17/2025 20:30:00,9.21,89.29,7.55,,,
1421,05/17/2025 20:40:00,9.21,90.21,7.70,,,
1422,05/17/2025 20:50:00,9.21,90.22,7.70,,,
1423,05/17/2025 21:00:00,9.14,90.33,7.64,,,
1424,05/17/2025 21:10:00,9.11,90.31,7.62,,,
1425,05/17/2025 21:20:00,9.09,90.87,7.69,,,
1426,05/17/2025 21:30:00,9.08,90.93,7.69,,,
1427,05/17/2025 21:40:00,9.06,90.90,7.66,,,
1428,05/17/2025 21:50:00,9.01,91.09,7.64,,,
1429,05/17/2025 22:00:00,8.97,91.32,7.64,,,
1430,05/17/2025 22:10:00,8.98,91.44,7.67,,,
1431,05/17/2025 22:20:00,8.96,91.49,7.66,,,
1432,05/17/2025 22:30:00,8.95,91.61,7.67,,,
1433,05/17/2025 22:40:00,8.96,91.69,7.69,,,
1434,05/17/2025 22:50:00,8.94,91.84,7.70,,,
1435,05/17/2025 23:00:00,8.93,91.98,7.71,,,
1436,05/17/2025 23:10:00,8.85,91.43,7.54,,,
1437,05/17/2025 23:20:00,8.72,91.61,7.44,,,
1438,05/17/2025 23:30:00,8.70,91.95,7.47,,,
1439,05/17/2025 23:40:00,8.68,92.12,7.49,,,
1440,05/17/2025 23:50:00,8.62,91.81,7.37,,,
1441,05/18/2025 00:00:00,8.48,91.60,7.20,,,
1442,05/18/2025 00:10:00,8.36,91.61,7.08,,,
1443,05/18/2025 00:20:00,8.19,91.60,6.91,,,
1444,05/18/2025 00:30:00,8.06,91.44,6.76,,,
1445,05/18/2025 00:40:00,7.93,91.45,6.63,,,
1446,05/18/2025 00:50:00,7.82,91.89,6.59,,,
1447,05/18/2025 01:00:00,7.78,92.10,6.59,,,
1448,05/18/2025 01:10:00,7.79,92.62,6.68,,,
1449,05/18/2025 01:20:00,7.83,92.66,6.72,,,
1450,05/18/2025 01:30:00,7.85,92.92,6.78,,,
1451,05/18/2025 01:40:00,7.88,92.99,6.83,,,
1452,05/18/2025 01:50:00,7.93,93.12,6.90,,,
1453,05/18/2025 02:00:00,7.97,93.10,6.93,,,
1454,05/18/2025 02:10:00,8.01,93.07,6.96,,,
1455,05/18/2025 02:20:00,8.00,93.14,6.97,,,
1456,05/18/2025 02:30:00,7.97,93.15,6.94,,,
1457,05/18/2025 02:40:00,8.02,93.10,6.98,,,
1458,05/18/2025 02:50:00,8.03,93.35,7.03,,,
1459,05/18/2025 03:00:00,8.05,93.32,7.05,,,
1460,05/18/2025 03:10:00,8.14,93.59,7.17,,,
1461,05/18/2025 03:20:00,8.24,93.65,7.29,,,
1462,05/18/2025 03:30:00,8.27,93.16,7.23,,,
1463,05/18/2025 03:40:00,8.05,92.35,6.89,,,
1464,05/18/2025 03:50:00,7.84,92.30,6.67,,,
1465,05/18/2025 04:00:00,7.74,92.62,6.63,,,
1466,05/18/2025 04:10:00,7.71,92.89,6.64,,,
1467,05/18/2025 04:20:00,7.71,93.06,6.67,,,
1468,05/18/2025 04:30:00,7.73,93.13,6.70,,,
1469,05/18/2025 04:40:00,7.72,93.33,6.72,,,
1470,05/18/2025 04:50:00,7.82,93.38,6.82,,,
1471,05/18/2025 05:00:00,7.85,93.60,6.89,,,
1472,05/18/2025 05:10:00,7.85,93.50,6.87,,,
1473,05/18/2025 05:20:00,7.89,93.61,6.93,,,
1474,05/18/2025 05:30:00,7.89,93.62,6.93,,,
1475,05/18/2025 05:40:00,7.92,93.66,6.97,,,
1476,05/18/2025 05:50:00,7.91,93.59,6.95,,,
1477,05/18/2025 06:00:00,7.92,93.65,6.97,,,
1478,05/18/2025 06:10:00,7.92,93.59,6.96,,,
1479,05/18/2025 06:20:00,7.83,93.46,6.85,,,
1480,05/18/2025 06:30:00,7.77,93.36,6.78,,,
1481,05/18/2025 06:40:00,7.76,93.53,6.79,,,
1482,05/18/2025 06:50:00,7.77,93.70,6.83,,,
1483,05/18/2025 07:00:00,7.75,93.61,6.79,,,
1484,05/18/2025 07:10:00,7.74,93.56,6.77,,,
1485,05/18/2025 07:20:00,7.72,93.68,6.77,,,
1486,05/18/2025 07:30:00,7.72,93.60,6.76,,,
1487,05/18/2025 07:40:00,7.71,93.65,6.76,,,
1488,05/18/2025 07:50:00,7.69,93.73,6.75,,,
1489,05/18/2025 08:00:00,7.71,93.67,6.76,,,
1490,05/18/2025 08:10:00,7.71,93.59,6.75,,,
1491,05/18/2025 08:20:00,7.70,93.63,6.74,,,
1492,05/18/2025 08:30:00,7.68,93.73,6.74,,,
1493,05/18/2025 08:40:00,7.69,93.87,6.77,,,
1494,05/18/2025 08:50:00,7.72,93.86,6.80,,,
1495,05/18/2025 09:00:00,7.71,93.95,6.80,,,
1496,05/18/2025 09:10:00,7.81,94.22,6.94,,,
1497,05/18/2025 09:20:00,7.91,94.18,7.04,,,
1498,05/18/2025 09:30:00,7.97,94.18,7.10,,,
1499,05/18/2025 09:40:00,8.05,94.09,7.17,,,
1500,05/18/2025 09:50:00,8.20,94.41,7.37,,,
1501,05/18/2025 10:00:00,8.58,94.99,7.83,,,
1502,05/18/2025 10:10:00,9.23,94.83,8.46,,,
1503,05/18/2025 10:20:00,8.88,93.13,7.84,,,
1504,05/18/2025 10:30:00,8.79,93.60,7.83,,,
1505,05/18/2025 10:40:00,8.83,93.17,7.80,,,
1506,05/18/2025 10:50:00,8.78,93.02,7.72,,,
1507,05/18/2025 11:00:00,8.80,93.55,7.83,,,
1508,05/18/2025 11:10:00,8.86,93.38,7.86,,,
1509,05/18/2025 11:20:00,8.88,93.08,7.83,,,
1510,05/18/2025 11:30:00,8.92,93.35,7.92,,,
1511,05/18/2025 11:40:00,9.09,93.84,8.16,,,
1512,05/18/2025 11:50:00,9.42,94.36,8.57,,,
1513,05/18/2025 12:00:00,9.49,92.80,8.39,,,
1514,05/18/2025 12:10:00,9.77,91.91,8.53,,,
1515,05/18/2025 12:20:00,10.15,93.10,9.10,,,
1516,05/18/2025 12:30:00,10.42,91.46,9.10,,,
1517,05/18/2025 12:40:00,10.56,89.67,8.95,,,
1518,05/18/2025 12:50:00,10.73,91.42,9.40,,,
1519,05/18/2025 13:00:00,11.46,88.10,9.57,,,
1520,05/18/2025 13:10:00,11.24,87.07,9.18,,,
1521,05/18/2025 13:20:00,11.03,89.22,9.34,,,
1522,05/18/2025 13:30:00,11.17,88.00,9.27,,,
1523,05/18/2025 13:40:00,11.32,87.18,9.28,,,
1524,05/18/2025 13:50:00,11.39,86.97,9.31,,,
1525,05/18/2025 14:00:00,11.70,85.08,9.29,,,
1526,05/18/2025 14:10:00,12.45,82.85,9.63,,,
1527,05/18/2025 14:20:00,13.15,81.67,10.10,,,
1528,05/18/2025 14:30:00,13.60,79.82,10.19,,,
1529,05/18/2025 14:40:00,13.93,71.15,8.80,,,
1530,05/18/2025 14:50:00,13.71,70.38,8.44,,,
1531,05/18/2025 15:00:00,13.68,71.35,8.61,,,
1532,05/18/2025 15:10:00,13.90,70.22,8.58,,,
1533,05/18/2025 15:20:00,13.62,70.34,8.34,,,
1534,05/18/2025 15:30:00,13.62,69.85,8.23,,,
1535,05/18/2025 15:40:00,14.13,71.27,9.02,,,
1536,05/18/2025 15:50:00,14.12,68.42,8.41,,,
1537,05/18/2025 16:00:00,14.09,66.69,8.00,,,
1538,05/18/2025 16:10:00,13.89,66.87,7.85,,,
1539,05/18/2025 16:20:00,14.08,70.06,8.72,,,
1540,05/18/2025 16:30:00,13.61,68.78,7.99,,,
1541,05/18/2025 16:40:00,13.63,65.60,7.32,,,
1542,05/18/2025 16:50:00,14.12,66.55,8.00,,,
1543,05/18/2025 17:00:00,14.35,66.05,8.11,,,
1544,05/18/2025 17:10:00,14.11,65.36,7.73,,,
1545,05/18/2025 17:20:00,13.85,68.27,8.12,,,
1546,05/18/2025 17:30:00,13.11,74.29,8.66,,,
1547,05/18/2025 17:40:00,11.68,79.11,8.19,,,
1548,05/18/2025 17:50:00,10.75,83.10,8.01,,,
1549,05/18/2025 18:00:00,10.34,85.62,8.04,,,
1550,05/18/2025 18:10:00,10.11,86.71,8.01,,,
1551,05/18/2025 18:20:00,9.82,87.25,7.81,,,
1552,05/18/2025 18:30:00,9.50,87.97,7.62,,,
1553,05/18/2025 18:40:00,9.29,88.51,7.49,,,
1554,05/18/2025 18:50:00,9.19,90.76,7.77,,,
1555,05/18/2025 19:00:00,9.25,91.45,7.94,,,
1556,05/18/2025 19:10:00,9.29,91.39,7.96,,,
1557,05/18/2025 19:20:00,9.33,91.47,8.02,,,
1558,05/18/2025 19:30:00,9.32,91.54,8.02,,,
1559,05/18/2025 19:40:00,9.36,92.25,8.18,,,
1560,05/18/2025 19:50:00,9.42,92.24,8.24,,,
1561,05/18/2025 20:00:00,9.41,92.01,8.19,,,
1562,05/18/2025 20:10:00,9.29,91.89,8.04,,,
1563,05/18/2025 20:20:00,9.22,91.73,7.95,,,
1564,05/18/2025 20:30:00,9.14,91.67,7.86,,,
1565,05/18/2025 20:40:00,8.97,91.16,7.62,,,
1566,05/18/2025 20:50:00,8.77,90.77,7.35,,,
1567,05/18/2025 21:00:00,8.48,90.44,7.02,,,
1568,05/18/2025 21:10:00,8.22,90.54,6.78,,,
1569,05/18/2025 21:20:00,8.00,90.92,6.61,,,
1570,05/18/2025 21:30:00,7.93,92.20,6.75,,,
1571,05/18/2025 21:40:00,7.89,92.66,6.78,,,
1572,05/18/2025 21:50:00,7.92,93.13,6.89,,,
1573,05/18/2025 22:00:00,7.99,93.22,6.97,,,
1574,05/18/2025 22:10:00,7.94,93.22,6.92,,,
1575,05/18/2025 22:20:00,7.85,92.92,6.78,,,
1576,05/18/2025 22:30:00,7.65,92.59,6.54,,,
1577,05/18/2025 22:40:00,7.52,92.61,6.40,,,
1578,05/18/2025 22:50:00,7.32,92.53,6.20,,,
1579,05/18/2025 23:00:00,7.24,92.59,6.12,,,
1580,05/18/2025 23:10:00,7.12,92.90,6.05,,,
1581,05/18/2025 23:20:00,7.03,92.87,5.96,,,
1582,05/18/2025 23:30:00,6.88,92.65,5.78,,,
1583,05/18/2025 23:40:00,6.74,92.80,5.67,,,
1584,05/18/2025 23:50:00,6.72,93.41,5.74,,,
1585,05/19/2025 00:00:00,6.82,93.87,5.91,,,
1586,05/19/2025 00:10:00,6.90,94.10,6.03,,,
1587,05/19/2025 00:20:00,7.01,94.22,6.15,,,
1588,05/19/2025 00:30:00,7.26,94.64,6.46,,,
1589,05/19/2025 00:40:00,7.42,94.54,6.61,,,
1590,05/19/2025 00:50:00,7.53,94.65,6.73,,,
1591,05/19/2025 01:00:00,7.68,94.66,6.88,,,
1592,05/19/2025 01:10:00,7.76,94.53,6.95,,,
1593,05/19/2025 01:20:00,7.83,94.50,7.01,,,
1594,05/19/2025 01:30:00,7.82,94.36,6.97,,,
1595,05/19/2025 01:40:00,7.77,94.30,6.92,,,
1596,05/19/2025 01:50:00,7.75,94.28,6.90,,,
1597,05/19/2025 02:00:00,7.72,94.26,6.86,,,
1598,05/19/2025 02:10:00,7.69,94.28,6.83,,,
1599,05/19/2025 02:20:00,7.63,94.26,6.78,,,
1600,05/19/2025 02:30:00,7.56,94.23,6.70,,,
1601,05/19/2025 02:40:00,7.57,94.34,6.73,,,
1602,05/19/2025 02:50:00,7.49,94.30,6.65,,,
1603,05/19/2025 03:00:00,7.47,94.32,6.63,,,
1604,05/19/2025 03:10:00,7.44,94.34,6.60,,,
1605,05/19/2025 03:20:00,7.43,94.32,6.58,,,
1606,05/19/2025 03:30:00,7.40,94.39,6.56,,,
1607,05/19/2025 03:40:00,7.34,94.24,6.49,,,
1608,05/19/2025 03:50:00,7.27,94.25,6.41,,,
1609,05/19/2025 04:00:00,7.14,94.00,6.25,,,
1610,05/19/2025 04:10:00,7.01,93.80,6.09,,,
1611,05/19/2025 04:20:00,6.81,93.72,5.87,,,
1612,05/19/2025 04:30:00,6.72,94.12,5.85,,,
1613,05/19/2025 04:40:00,6.71,94.37,5.88,,,
1614,05/19/2025 04:50:00,6.66,94.28,5.81,,,
1615,05/19/2025 05:00:00,6.60,94.00,5.71,,,
1616,05/19/2025 05:10:00,6.40,93.58,5.45,,,
1617,05/19/2025 05:20:00,6.17,93.53,5.21,,,
1618,05/19/2025 05:30:00,5.98,93.46,5.01,,,
1619,05/19/2025 05:40:00,5.96,93.93,5.06,,,
1620,05/19/2025 05:50:00,6.08,94.79,5.31,,,
1621,05/19/2025 06:00:00,6.26,95.09,5.54,,,
1622,05/19/2025 06:10:00,6.45,95.09,5.73,,,
1623,05/19/2025 06:20:00,6.61,95.13,5.90,,,
1624,05/19/2025 06:30:00,6.75,95.11,6.03,,,
1625,05/19/2025 06:40:00,6.79,94.98,6.05,,,
1626,05/19/2025 06:50:00,6.81,94.76,6.03,,,
1627,05/19/2025 07:00:00,6.89,95.16,6.18,,,
1628,05/19/2025 07:10:00,7.03,95.09,6.31,,,
1629,05/19/2025 07:20:00,7.29,95.67,6.65,,,
1630,05/19/2025 07:30:00,8.30,96.62,7.80,,,
1631,05/19/2025 07:40:00,9.19,96.01,8.59,,,
1632,05/19/2025 07:50:00,9.90,94.81,9.11,,,
1633,05/19/2025 08:00:00,10.51,91.58,9.21,,,
1634,05/19/2025 08:10:00,11.31,88.93,9.57,,,
1635,05/19/2025 08:20:00,11.89,86.56,9.73,,,
1636,05/19/2025 08:30:00,12.42,82.70,9.57,,,
1637,05/19/2025 08:40:00,12.03,81.15,8.91,,,
1638,05/19/2025 08:50:00,11.59,83.30,8.87,,,
1639,05/19/2025 09:00:00,11.39,83.57,8.72,,,
1640,05/19/2025 09:10:00,11.32,85.09,8.92,,,
1641,05/19/2025 09:20:00,11.40,83.84,8.77,,,
1642,05/19/2025 09:30:00,11.45,83.39,8.75,,,
1643,05/19/2025 09:40:00,11.63,82.68,8.80,,,
1644,05/19/2025 09:50:00,11.76,83.27,9.03,,,
1645,05/19/2025 10:00:00,11.97,82.89,9.16,,,
1646,05/19/2025 10:10:00,12.13,80.15,8.82,,,
1647,05/19/2025 10:20:00,12.21,78.05,8.51,,,
1648,05/19/2025 10:30:00,12.19,79.12,8.69,,,
1649,05/19/2025 10:40:00,12.13,80.32,8.85,,,
1650,05/19/2025 10:50:00,12.20,80.21,8.91,,,
1651,05/19/2025 11:00:00,12.37,74.87,8.05,,,
1652,05/19/2025 11:10:00,12.41,75.29,8.17,,,
1653,05/19/2025 11:20:00,12.58,76.89,8.65,,,
1654,05/19/2025 11:30:00,12.62,74.45,8.21,,,
1655,05/19/2025 11:40:00,13.07,75.62,8.88,,,
1656,05/19/2025 11:50:00,13.49,75.04,9.17,,,
1657,05/19/2025 12:00:00,13.60,72.02,8.66,,,
1658,05/19/2025 12:10:00,13.30,70.59,8.08,,,
1659,05/19/2025 12:20:00,13.20,75.16,8.91,,,
1660,05/19/2025 12:30:00,13.21,75.40,8.97,,,
1661,05/19/2025 12:40:00,13.16,73.23,8.48,,,
1662,05/19/2025 12:50:00,13.03,75.25,8.76,,,
1663,05/19/2025 13:00:00,13.18,73.83,8.63,,,
1664,05/19/2025 13:10:00,14.00,72.49,9.15,,,
1665,05/19/2025 13:20:00,14.35,67.12,8.34,,,
1666,05/19/2025 13:30:00,14.74,66.70,8.63,,,
1667,05/19/2025 13:40:00,14.91,65.63,8.54,,,
1668,05/19/2025 13:50:00,14.85,66.97,8.79,,,
1669,05/19/2025 14:00:00,14.93,65.82,8.61,,,
1670,05/19/2025 14:10:00,15.13,66.18,8.88,,,
1671,05/19/2025 14:20:00,15.14,65.81,8.81,,,
1672,05/19/2025 14:30:00,14.94,67.51,8.99,,,
1673,05/19/2025 14:40:00,14.82,66.68,8.69,,,
1674,05/19/2025 14:50:00,14.73,63.96,8.00,,,
1675,05/19/2025 15:00:00,14.50,66.31,8.31,,,
1676,05/19/2025 15:10:00,14.41,67.27,8.44,,,
1677,05/19/2025 15:20:00,14.32,65.89,8.04,,,
1678,05/19/2025 15:30:00,14.37,69.43,8.86,,,
1679,05/19/2025 15:40:00,14.49,69.31,8.95,,,
1680,05/19/2025 15:50:00,14.63,68.52,8.91,,,
1681,05/19/2025 16:00:00,14.57,67.41,8.62,,,
1682,05/19/2025 16:10:00,14.40,68.29,8.65,,,
1683,05/19/2025 16:20:00,14.38,67.38,8.43,,,
1684,05/19/2025 16:30:00,14.41,69.70,8.96,,,
1685,05/19/2025 16:40:00,14.59,67.47,8.65,,,
1686,05/19/2025 16:50:00,14.72,66.57,8.58,,,
1687,05/19/2025 17:00:00,14.79,67.29,8.80,,,
1688,05/19/2025 17:10:00,14.81,66.67,8.68,,,
1689,05/19/2025 17:20:00,14.86,68.40,9.11,,,
1690,05/19/2025 17:30:00,14.95,67.94,9.09,,,
1691,05/19/2025 17:40:00,15.03,67.87,9.16,,,
1692,05/19/2025 17:50:00,15.02,63.21,8.10,,,
1693,05/19/2025 18:00:00,14.96,66.85,8.86,,,
1694,05/19/2025 18:10:00,14.99,67.11,8.95,,,
1695,05/19/2025 18:20:00,14.96,67.90,9.10,,,
1696,05/19/2025 18:30:00,15.01,64.51,8.39,,,
1697,05/19/2025 18:40:00,14.94,64.23,8.25,,,
1698,05/19/2025 18:50:00,14.89,69.70,9.42,,,
1699,05/19/2025 19:00:00,14.94,69.50,9.42,,,
1700,05/19/2025 19:10:00,15.04,69.60,9.55,,,
1701,05/19/2025 19:20:00,15.03,68.14,9.22,,,
1702,05/19/2025 19:30:00,14.85,67.21,8.84,,,
1703,05/19/2025 19:40:00,14.56,73.67,9.93,,,
1704,05/19/2025 19:50:00,14.23,71.74,9.21,,,
1705,05/19/2025 20:00:00,14.07,69.02,8.49,,,
1706,05/19/2025 20:10:00,14.05,69.77,8.63,,,
1707,05/19/2025 20:20:00,13.97,71.41,8.90,,,
1708,05/19/2025 20:30:00,13.88,70.90,8.70,,,
1709,05/19/2025 20:40:00,13.71,72.38,8.85,,,
1710,05/19/2025 20:50:00,13.44,76.02,9.31,,,
1711,05/19/2025 21:00:00,13.14,76.80,9.17,,,
1712,05/19/2025 21:10:00,12.69,77.77,8.92,,,
1713,05/19/2025 21:20:00,12.21,78.91,8.68,,,
1714,05/19/2025 21:30:00,11.76,80.20,8.48,,,
1715,05/19/2025 21:40:00,11.37,80.98,8.23,,,
1716,05/19/2025 21:50:00,10.99,82.35,8.11,,,
1717,05/19/2025 22:00:00,10.64,83.92,8.04,,,
1718,05/19/2025 22:10:00,10.22,84.27,7.69,,,
1719,05/19/2025 22:20:00,9.95,84.74,7.51,,,
1720,05/19/2025 22:30:00,9.70,86.63,7.59,,,
1721,05/19/2025 22:40:00,9.55,87.49,7.59,,,
1722,05/19/2025 22:50:00,9.46,88.19,7.61,,,
1723,05/19/2025 23:00:00,9.33,87.62,7.39,,,
1724,05/19/2025 23:10:00,9.16,88.46,7.36,,,
1725,05/19/2025 23:20:00,9.10,89.67,7.51,,,
1726,05/19/2025 23:30:00,8.98,89.20,7.31,,,
1727,05/19/2025 23:40:00,8.87,89.62,7.26,,,
1728,05/19/2025 23:50:00,8.76,89.89,7.20,,,
1729,05/20/2025 00:00:00,8.55,89.13,6.86,,,
1730,05/20/2025 00:10:00,8.44,90.70,7.01,,,
1731,05/20/2025 00:20:00,8.41,90.96,7.02,,,
1732,05/20/2025 00:30:00,8.35,90.39,6.88,,,
1733,05/20/2025 00:40:00,8.22,90.68,6.80,,,
1734,05/20/2025 00:50:00,8.17,91.32,6.85,,,
1735,05/20/2025 01:00:00,8.15,91.59,6.87,,,
1736,05/20/2025 01:10:00,8.06,91.61,6.79,,,
1737,05/20/2025 01:20:00,7.99,91.65,6.72,,,
1738,05/20/2025 01:30:00,7.89,91.54,6.61,,,
1739,05/20/2025 01:40:00,7.76,91.21,6.43,,,
1740,05/20/2025 01:50:00,7.71,91.68,6.45,,,
1741,05/20/2025 02:00:00,7.60,92.00,6.39,,,
1742,05/20/2025 02:10:00,7.53,92.11,6.33,,,
1743,05/20/2025 02:20:00,7.47,92.39,6.33,,,
1744,05/20/2025 02:30:00,7.44,92.74,6.35,,,
1745,05/20/2025 02:40:00,7.42,92.52,6.29,,,
1746,05/20/2025 02:50:00,7.32,92.45,6.19,,,
1747,05/20/2025 03:00:00,7.30,92.72,6.21,,,
1748,05/20/2025 03:10:00,7.18,92.44,6.05,,,
1749,05/20/2025 03:20:00,7.08,92.65,5.97,,,
1750,05/20/2025 03:30:00,7.01,92.80,5.93,,,
1751,05/20/2025 03:40:00,6.90,92.67,5.81,,,
1752,05/20/2025 03:50:00,6.83,92.61,5.72,,,
1753,05/20/2025 04:00:00,6.72,93.01,5.68,,,
1754,05/20/2025 04:10:00,6.71,93.17,5.69,,,
1755,05/20/2025 04:20:00,6.66,93.35,5.67,,,
1756,05/20/2025 04:30:00,6.63,93.21,5.61,,,
1757,05/20/2025 04:40:00,6.56,93.46,5.59,,,
1758,05/20/2025 04:50:00,6.52,93.22,5.51,,,
1759,05/20/2025 05:00:00,6.42,93.27,5.42,,,
1760,05/20/2025 05:10:00,6.35,93.42,5.37,,,
1761,05/20/2025 05:20:00,6.40,93.96,5.50,,,
1762,05/20/2025 05:30:00,6.45,94.23,5.60,,,
1763,05/20/2025 05:40:00,6.64,94.45,5.81,,,
1764,05/20/2025 05:50:00,6.83,94.62,6.03,,,
1765,05/20/2025 06:00:00,6.96,94.57,6.15,,,
1766,05/20/2025 06:10:00,7.14,94.86,6.38,,,
1767,05/20/2025 06:20:00,7.38,94.87,6.62,,,
1768,05/20/2025 06:30:00,7.65,94.94,6.90,,,
1769,05/20/2025 06:40:00,7.90,95.00,7.16,,,
1770,05/20/2025 06:50:00,8.06,94.82,7.29,,,
1771,05/20/2025 07:00:00,8.26,94.87,7.49,,,
1772,05/20/2025 07:10:00,8.35,94.74,7.57,,,
1773,05/20/2025 07:20:00,8.50,94.74,7.72,,,
1774,05/20/2025 07:30:00,8.71,94.84,7.93,,,
1775,05/20/2025 07:40:00,9.15,94.98,8.39,,,
1776,05/20/2025 07:50:00,10.13,92.96,9.06,,,
1777,05/20/2025 08:00:00,11.17,86.84,9.07,,,
1778,05/20/2025 08:10:00,12.13,84.05,9.53,,,
1779,05/20/2025 08:20:00,13.10,79.96,9.74,,,
1780,05/20/2025 08:30:00,13.90,79.48,10.42,,,
1781,05/20/2025 08:40:00,14.44,77.58,10.59,,,
1782,05/20/2025 08:50:00,14.81,75.46,10.53,,,
1783,05/20/2025 09:00:00,14.35,74.78,9.95,,,
1784,05/20/2025 09:10:00,13.78,79.03,10.22,,,
1785,05/20/2025 09:20:00,13.55,77.35,9.68,,,
1786,05/20/2025 09:30:00,13.41,77.08,9.49,,,
1787,05/20/2025 09:40:00,13.44,79.20,9.92,,,
1788,05/20/2025 09:50:00,13.59,76.90,9.62,,,
1789,05/20/2025 10:00:00,13.77,76.47,9.72,,,
1790,05/20/2025 10:10:00,13.90,74.81,9.52,,,
1791,05/20/2025 10:20:00,14.00,73.95,9.45,,,
1792,05/20/2025 10:30:00,14.24,74.23,9.73,,,
1793,05/20/2025 10:40:00,14.43,72.05,9.47,,,
1794,05/20/2025 10:50:00,14.48,72.40,9.59,,,
1795,05/20/2025 11:00:00,14.58,70.95,9.39,,,
1796,05/20/2025 11:10:00,14.64,74.38,10.15,,,
1797,05/20/2025 11:20:00,15.00,71.82,9.97,,,
1798,05/20/2025 11:30:00,15.00,71.66,9.94,,,
1799,05/20/2025 11:40:00,15.60,70.05,10.18,,,
1800,05/20/2025 11:50:00,15.89,68.95,10.22,,,
1801,05/20/2025 12:00:00,16.03,69.19,10.40,,,
1802,05/20/2025 12:10:00,16.19,69.00,10.52,,,
1803,05/20/2025 12:20:00,16.48,70.70,11.16,,,
1804,05/20/2025 12:30:00,16.59,65.49,10.11,,,
1805,05/20/2025 12:40:00,16.64,70.46,11.26,,,
1806,05/20/2025 12:50:00,17.07,69.22,11.41,,,
1807,05/20/2025 13:00:00,16.91,66.88,10.73,,,
1808,05/20/2025 13:10:00,16.76,65.07,10.18,,,
1809,05/20/2025 13:20:00,16.75,68.50,10.94,,,
1810,05/20/2025 13:30:00,16.78,65.07,10.20,,,
1811,05/20/2025 13:40:00,16.85,65.59,10.38,,,
1812,05/20/2025 13:50:00,16.92,66.96,10.76,,,
1813,05/20/2025 14:00:00,17.15,68.35,11.29,,,
1814,05/20/2025 14:10:00,17.26,64.47,10.52,,,
1815,05/20/2025 14:20:00,17.25,66.09,10.88,,,
1816,05/20/2025 14:30:00,17.23,64.66,10.53,,,
1817,05/20/2025 14:40:00,17.29,65.68,10.82,,,
1818,05/20/2025 14:50:00,17.37,61.80,9.99,,,
1819,05/20/2025 15:00:00,17.34,63.79,10.43,,,
1820,05/20/2025 15:10:00,17.95,67.57,11.88,,,
1821,05/20/2025 15:20:00,18.85,60.53,11.07,,,
1822,05/20/2025 15:30:00,19.72,62.79,12.45,,,
1823,05/20/2025 15:40:00,19.97,58.29,11.55,,,
1824,05/20/2025 15:50:00,19.32,59.27,11.20,,,
1825,05/20/2025 16:00:00,18.96,58.62,10.69,,,
1826,05/20/2025 16:10:00,18.67,59.94,10.75,,,
1827,05/20/2025 16:20:00,18.66,60.44,10.87,,,
1828,05/20/2025 16:30:00,18.88,60.13,11.00,,,
1829,05/20/2025 16:40:00,19.01,60.28,11.16,,,
1830,05/20/2025 16:50:00,18.92,61.07,11.27,,,
1831,05/20/2025 17:00:00,18.83,59.27,10.73,,,
1832,05/20/2025 17:10:00,18.84,63.13,11.70,,,
1833,05/20/2025 17:20:00,18.76,59.94,10.83,,,
1834,05/20/2025 17:30:00,18.57,65.85,12.08,,,
1835,05/20/2025 17:40:00,18.54,61.87,11.11,,,
1836,05/20/2025 17:50:00,18.61,61.24,11.01,,,
1837,05/20/2025 18:00:00,18.48,62.05,11.09,,,
1838,05/20/2025 18:10:00,18.34,63.43,11.29,,,
1839,05/20/2025 18:20:00,18.26,65.39,11.68,,,
1840,05/20/2025 18:30:00,18.26,65.60,11.73,,,
1841,05/20/2025 18:40:00,18.14,61.65,10.68,,,
1842,05/20/2025 18:50:00,17.96,60.89,10.32,,,
1843,05/20/2025 19:00:00,17.81,65.50,11.28,,,
1844,05/20/2025 19:10:00,17.63,63.99,10.75,,,
1845,05/20/2025 19:20:00,17.38,69.44,11.75,,,
1846,05/20/2025 19:30:00,17.07,72.17,12.04,,,
1847,05/20/2025 19:40:00,16.79,73.69,12.09,,,
1848,05/20/2025 19:50:00,16.49,74.89,12.04,,,
1849,05/20/2025 20:00:00,16.16,74.72,11.69,,,
1850,05/20/2025 20:10:00,15.84,76.65,11.76,,,
1851,05/20/2025 20:20:00,15.57,76.43,11.46,,,
1852,05/20/2025 20:30:00,15.29,77.95,11.49,,,
1853,05/20/2025 20:40:00,14.99,77.91,11.19,,,
1854,05/20/2025 20:50:00,14.72,80.16,11.36,,,
1855,05/20/2025 21:00:00,14.34,79.09,10.78,,,
1856,05/20/2025 21:10:00,13.97,80.05,10.60,,,
1857,05/20/2025 21:20:00,13.62,81.02,10.44,,,
1858,05/20/2025 21:30:00,13.27,81.85,10.25,,,
1859,05/20/2025 21:40:00,12.93,81.69,9.89,,,
1860,05/20/2025 21:50:00,12.61,82.28,9.68,,,
1861,05/20/2025 22:00:00,12.35,83.31,9.62,,,
1862,05/20/2025 22:10:00,12.20,83.90,9.57,,,
1863,05/20/2025 22:20:00,12.01,84.57,9.50,,,
1864,05/20/2025 22:30:00,11.81,85.06,9.39,,,
1865,05/20/2025 22:40:00,11.68,84.55,9.17,,,
1866,05/20/2025 22:50:00,11.54,84.57,9.04,,,
1867,05/20/2025 23:00:00,11.47,85.26,9.10,,,
1868,05/20/2025 23:10:00,11.28,86.23,9.08,,,
1869,05/20/2025 23:20:00,11.17,86.04,8.94,,,
1870,05/20/2025 23:30:00,11.07,85.84,8.80,,,
1871,05/20/2025 23:40:00,10.96,85.95,8.71,,,
1872,05/20/2025 23:50:00,10.90,87.07,8.85,,,
1873,05/21/2025 00:00:00,10.90,87.55,8.93,,,
1874,05/21/2025 00:10:00,10.99,87.72,9.04,,,
1875,05/21/2025 00:20:00,11.11,87.66,9.15,,,
1876,05/21/2025 00:30:00,11.13,87.28,9.11,,,
1877,05/21/2025 00:40:00,11.19,86.96,9.12,,,
1878,05/21/2025 00:50:00,11.24,87.20,9.20,,,
1879,05/21/2025 01:00:00,11.27,87.25,9.24,,,
1880,05/21/2025 01:10:00,11.32,87.19,9.28,,,
1881,05/21/2025 01:20:00,11.40,87.20,9.36,,,
1882,05/21/2025 01:30:00,11.39,86.76,9.27,,,
1883,05/21/2025 01:40:00,11.37,86.83,9.26,,,
1884,05/21/2025 01:50:00,11.30,87.11,9.25,,,
1885,05/21/2025 02:00:00,11.24,87.05,9.17,,,
1886,05/21/2025 02:10:00,11.12,86.96,9.04,,,
1887,05/21/2025 02:20:00,10.98,87.25,8.95,,,
1888,05/21/2025 02:30:00,10.85,87.55,8.88,,,
1889,05/21/2025 02:40:00,10.71,88.31,8.87,,,
1890,05/21/2025 02:50:00,10.69,89.31,9.01,,,
1891,05/21/2025 03:00:00,10.79,89.77,9.19,,,
1892,05/21/2025 03:10:00,10.95,89.54,9.31,,,
1893,05/21/2025 03:20:00,11.03,89.12,9.32,,,
1894,05/21/2025 03:30:00,11.08,88.91,9.33,,,
1895,05/21/2025 03:40:00,11.13,88.85,9.37,,,
1896,05/21/2025 03:50:00,11.16,88.71,9.38,,,
1897,05/21/2025 04:00:00,11.16,88.77,9.39,,,
1898,05/21/2025 04:10:00,11.24,88.80,9.47,,,
1899,05/21/2025 04:20:00,11.30,88.89,9.55,,,
1900,05/21/2025 04:30:00,11.33,88.57,9.53,,,
1901,05/21/2025 04:40:00,11.41,88.74,9.63,,,
1902,05/21/2025 04:50:00,11.40,88.58,9.59,,,
1903,05/21/2025 05:00:00,11.41,88.67,9.62,,,
1904,05/21/2025 05:10:00,11.44,88.56,9.63,,,
1905,05/21/2025 05:20:00,11.42,88.44,9.59,,,
1906,05/21/2025 05:30:00,11.39,88.42,9.55,,,
1907,05/21/2025 05:40:00,11.36,88.44,9.53,,,
1908,05/21/2025 05:50:00,11.38,88.55,9.57,,,
1909,05/21/2025 06:00:00,11.34,89.01,9.61,,,
1910,05/21/2025 06:10:00,11.34,89.20,9.64,,,
1911,05/21/2025 06:20:00,11.44,89.23,9.74,,,
1912,05/21/2025 06:30:00,11.55,89.19,9.84,,,
1913,05/21/2025 06:40:00,11.63,89.20,9.93,,,
1914,05/21/2025 06:50:00,11.73,88.98,9.99,,,
1915,05/21/2025 07:00:00,11.93,89.05,10.20,,,
1916,05/21/2025 07:10:00,12.11,88.22,10.23,,,
1917,05/21/2025 07:20:00,12.31,86.83,10.19,,,
1918,05/21/2025 07:30:00,12.51,85.97,10.24,,,
1919,05/21/2025 07:40:00,12.84,86.25,10.61,,,
1920,05/21/2025 07:50:00,13.12,85.16,10.70,,,
1921,05/21/2025 08:00:00,13.31,83.71,10.62,,,
1922,05/21/2025 08:10:00,13.94,82.02,10.94,,,
1923,05/21/2025 08:20:00,15.19,80.92,11.96,,,
1924,05/21/2025 08:30:00,15.88,73.92,11.25,,,
1925,05/21/2025 08:40:00,16.19,73.26,11.42,,,
1926,05/21/2025 08:50:00,16.65,71.93,11.58,,,
1927,05/21/2025 09:00:00,16.85,67.77,10.87,,,
1928,05/21/2025 09:10:00,16.59,69.61,11.03,,,
1929,05/21/2025 09:20:00,16.67,70.87,11.38,,,
1930,05/21/2025 09:30:00,17.32,68.89,11.57,,,
1931,05/21/2025 09:40:00,17.69,67.46,11.61,,,
1932,05/21/2025 09:50:00,18.52,63.72,11.53,,,
1933,05/21/2025 10:00:00,18.14,60.34,10.36,,,
1934,05/21/2025 10:10:00,18.36,61.39,10.82,,,
1935,05/21/2025 10:20:00,18.43,60.19,10.59,,,
1936,05/21/2025 10:30:00,18.94,60.42,11.12,,,
1937,05/21/2025 10:40:00,19.37,60.41,11.53,,,
1938,05/21/2025 10:50:00,19.33,55.20,10.14,,,
1939,05/21/2025 11:00:00,19.31,57.07,10.62,,,
1940,05/21/2025 11:10:00,19.08,58.15,10.68,,,
1941,05/21/2025 11:20:00,19.14,56.42,10.29,,,
1942,05/21/2025 11:30:00,19.16,52.90,9.35,,,
1943,05/21/2025 11:40:00,19.07,57.52,10.51,,,
1944,05/21/2025 11:50:00,19.09,53.47,9.43,,,
1945,05/21/2025 12:00:00,18.86,54.46,9.50,,,
1946,05/21/2025 12:10:00,19.06,52.06,9.01,,,
1947,05/21/2025 12:20:00,19.22,49.50,8.41,,,
1948,05/21/2025 12:30:00,19.38,49.39,8.52,,,
1949,05/21/2025 12:40:00,19.35,49.45,8.51,,,
1950,05/21/2025 12:50:00,19.38,47.64,7.99,,,
1951,05/21/2025 13:00:00,19.61,48.43,8.45,,,
1952,05/21/2025 13:10:00,19.79,51.11,9.41,,,
1953,05/21/2025 13:20:00,19.77,47.95,8.45,,,
1954,05/21/2025 13:30:00,19.86,45.17,7.65,,,
1955,05/21/2025 13:40:00,19.94,47.75,8.54,,,
1956,05/21/2025 13:50:00,20.06,47.36,8.54,,,
1957,05/21/2025 14:00:00,20.27,48.19,8.98,,,
1958,05/21/2025 14:10:00,20.36,47.63,8.89,,,
1959,05/21/2025 14:20:00,20.18,44.16,7.61,,,
1960,05/21/2025 14:30:00,19.94,46.53,8.16,,,
1961,05/21/2025 14:40:00,19.99,45.02,7.72,,,
1962,05/21/2025 14:50:00,20.14,46.83,8.44,,,
1963,05/21/2025 15:00:00,20.35,43.38,7.51,,,
1964,05/21/2025 15:10:00,20.66,43.34,7.77,,,
1965,05/21/2025 15:20:00,20.98,41.29,7.34,,,
1966,05/21/2025 15:30:00,21.40,41.78,7.90,,,
1967,05/21/2025 15:40:00,21.63,42.07,8.21,,,
1968,05/21/2025 15:50:00,21.82,41.88,8.32,,,
1969,05/21/2025 16:00:00,21.48,40.46,7.50,,,
1970,05/21/2025 16:10:00,20.96,38.71,6.39,,,
1971,05/21/2025 16:20:00,20.51,40.98,6.82,,,
1972,05/21/2025 16:30:00,20.21,40.44,6.36,,,
1973,05/21/2025 16:40:00,20.07,41.81,6.72,,,
1974,05/21/2025 16:50:00,20.00,43.08,7.08,,,
1975,05/21/2025 17:00:00,19.81,43.32,6.99,,,
1976,05/21/2025 17:10:00,19.50,44.37,7.06,,,
1977,05/21/2025 17:20:00,19.37,42.74,6.40,,,
1978,05/21/2025 17:30:00,19.07,46.27,7.28,,,
1979,05/21/2025 17:40:00,18.88,45.25,6.79,,,
1980,05/21/2025 17:50:00,18.97,44.18,6.52,,,
1981,05/21/2025 18:00:00,19.07,46.49,7.35,,,
1982,05/21/2025 18:10:00,18.96,44.36,6.57,,,
1983,05/21/2025 18:20:00,18.83,44.38,6.46,,,
1984,05/21/2025 18:30:00,18.57,45.27,6.52,,,
1985,05/21/2025 18:40:00,18.06,47.45,6.73,,,
1986,05/21/2025 18:50:00,17.53,48.99,6.71,,,
1987,05/21/2025 19:00:00,17.21,48.74,6.34,,,
1988,05/21/2025 19:10:00,16.99,50.48,6.65,,,
1989,05/21/2025 19:20:00,16.73,50.56,6.43,,,
1990,05/21/2025 19:30:00,16.43,53.99,7.11,,,
1991,05/21/2025 19:40:00,16.13,56.22,7.42,,,
1992,05/21/2025 19:50:00,15.86,58.27,7.69,,,
1993,05/21/2025 20:00:00,15.65,59.06,7.69,,,
1994,05/21/2025 20:10:00,15.42,60.57,7.85,,,
1995,05/21/2025 20:20:00,15.15,60.23,7.51,,,
1996,05/21/2025 20:30:00,14.82,61.50,7.50,,,
1997,05/21/2025 20:40:00,14.54,62.86,7.56,,,
1998,05/21/2025 20:50:00,14.28,66.27,8.09,,,
1999,05/21/2025 21:00:00,13.97,67.10,7.98,,,
2000,05/21/2025 21:10:00,13.64,67.79,7.81,,,
2001,05/21/2025 21:20:00,13.31,65.44,6.98,,,
2002,05/21/2025 21:30:00,13.01,69.15,7.50,,,
2003,05/21/2025 21:40:00,12.72,67.98,6.97,,,
2004,05/21/2025 21:50:00,12.48,66.21,6.36,,,
2005,05/21/2025 22:00:00,12.26,69.04,6.76,,,
2006,05/21/2025 22:10:00,12.15,69.06,6.66,,,
2007,05/21/2025 22:20:00,11.96,70.16,6.70,,,
2008,05/21/2025 22:30:00,11.81,70.75,6.68,,,
2009,05/21/2025 22:40:00,11.63,69.99,6.36,,,
2010,05/21/2025 22:50:00,11.51,70.89,6.42,,,
2011,05/21/2025 23:00:00,11.27,70.35,6.08,,,
2012,05/21/2025 23:10:00,11.13,72.09,6.30,,,
2013,05/21/2025 23:20:00,10.96,72.13,6.14,,,
2014,05/21/2025 23:30:00,10.89,73.11,6.28,,,
2015,05/21/2025 23:40:00,10.85,74.28,6.47,,,
2016,05/21/2025 23:50:00,10.84,73.69,6.34,,,
2017,05/22/2025 00:00:00,10.81,72.06,5.99,,,
2018,05/22/2025 00:10:00,10.81,72.14,6.00,,,
2019,05/22/2025 00:20:00,10.81,71.95,5.96,,,
2020,05/22/2025 00:30:00,10.78,72.19,5.98,,,
2021,05/22/2025 00:40:00,10.79,71.42,5.84,,,
2022,05/22/2025 00:50:00,10.85,72.54,6.12,,,
2023,05/22/2025 01:00:00,10.87,73.90,6.41,,,
2024,05/22/2025 01:10:00,10.88,72.71,6.19,,,
2025,05/22/2025 01:20:00,10.93,73.26,6.34,,,
2026,05/22/2025 01:30:00,10.87,73.18,6.27,,,
2027,05/22/2025 01:40:00,10.88,73.93,6.43,,,
2028,05/22/2025 01:50:00,10.86,72.61,6.15,,,
2029,05/22/2025 02:00:00,10.79,72.34,6.02,,,
2030,05/22/2025 02:10:00,10.73,72.81,6.06,,,
2031,05/22/2025 02:20:00,10.64,72.38,5.89,,,
2032,05/22/2025 02:30:00,10.53,72.78,5.86,,,
2033,05/22/2025 02:40:00,10.46,73.81,6.00,,,
2034,05/22/2025 02:50:00,10.36,73.54,5.85,,,
2035,05/22/2025 03:00:00,10.33,74.25,5.95,,,
2036,05/22/2025 03:10:00,10.24,75.08,6.03,,,
2037,05/22/2025 03:20:00,10.16,75.77,6.09,,,
2038,05/22/2025 03:30:00,10.08,77.22,6.28,,,
2039,05/22/2025 03:40:00,9.96,76.28,5.99,,,
2040,05/22/2025 03:50:00,9.88,77.68,6.17,,,
2041,05/22/2025 04:00:00,9.70,78.51,6.16,,,
2042,05/22/2025 04:10:00,9.61,78.53,6.07,,,
2043,05/22/2025 04:20:00,9.47,78.98,6.01,,,
2044,05/22/2025 04:30:00,9.34,78.31,5.77,,,
2045,05/22/2025 04:40:00,9.14,78.17,5.54,,,
2046,05/22/2025 04:50:00,8.78,78.35,5.23,,,
2047,05/22/2025 05:00:00,8.53,80.77,5.43,,,
2048,05/22/2025 05:10:00,8.33,80.86,5.25,,,
2049,05/22/2025 05:20:00,8.12,81.07,5.07,,,
2050,05/22/2025 05:30:00,8.00,82.61,5.23,,,
2051,05/22/2025 05:40:00,7.98,83.43,5.35,,,
2052,05/22/2025 05:50:00,8.04,83.73,5.46,,,
2053,05/22/2025 06:00:00,8.13,83.43,5.50,,,
2054,05/22/2025 06:10:00,8.26,84.24,5.76,,,
2055,05/22/2025 06:20:00,8.38,82.20,5.53,,,
2056,05/22/2025 06:30:00,8.50,81.54,5.53,,,
2057,05/22/2025 06:40:00,8.64,81.54,5.67,,,
2058,05/22/2025 06:50:00,8.82,80.36,5.64,,,
2059,05/22/2025 07:00:00,8.97,80.21,5.76,,,
2060,05/22/2025 07:10:00,9.20,80.37,6.01,,,
2061,05/22/2025 07:20:00,9.36,77.82,5.70,,,
2062,05/22/2025 07:30:00,9.49,78.26,5.90,,,
2063,05/22/2025 07:40:00,9.52,76.49,5.60,,,
2064,05/22/2025 07:50:00,9.54,76.81,5.68,,,
2065,05/22/2025 08:00:00,9.64,74.27,5.29,,,
2066,05/22/2025 08:10:00,9.59,74.19,5.23,,,
2067,05/22/2025 08:20:00,9.60,74.04,5.21,,,
2068,05/22/2025 08:30:00,9.62,73.30,5.08,,,
2069,05/22/2025 08:40:00,9.66,73.23,5.11,,,
2070,05/22/2025 08:50:00,9.69,73.27,5.15,,,
2071,05/22/2025 09:00:00,9.67,73.93,5.26,,,
2072,05/22/2025 09:10:00,9.65,74.10,5.27,,,
2073,05/22/2025 09:20:00,9.84,73.25,5.29,,,
2074,05/22/2025 09:30:00,9.90,73.97,5.49,,,
2075,05/22/2025 09:40:00,9.72,73.79,5.28,,,
2076,05/22/2025 09:50:00,9.65,73.89,5.23,,,
2077,05/22/2025 10:00:00,9.75,73.39,5.23,,,
2078,05/22/2025 10:10:00,10.10,72.20,5.33,,,
2079,05/22/2025 10:20:00,10.41,70.09,5.20,,,
2080,05/22/2025 10:30:00,10.71,70.48,5.57,,,
2081,05/22/2025 10:40:00,10.84,68.82,5.35,,,
2082,05/22/2025 10:50:00,10.97,66.06,4.89,,,
2083,05/22/2025 11:00:00,11.19,65.78,5.04,,,
2084,05/22/2025 11:10:00,11.11,67.23,5.27,,,
2085,05/22/2025 11:18:38,,,,Logged,,
2086,05/22/2025 11:19:25,,,,,Logged,Logged
