Art,Wuchsform,Sukzessionszeiger,Moorart
Betula,,,
Betula_pendula,,,
Betula_pubescens,,,
Callitriche_palustris,,,
Calluna_vulgaris,,,
Campylopus_flexuosus,,,
Campylopus_pyriformis,,,
Carex_canescens,,,
Carex_echinata,,,
Carex_nigra,,,
Carex_rostrata,,,
Dicranella_cerviculata,,,
Dicranodontium_denudatum,,,
Dicranum_flagellare,,,
Dicranum_scoparium,,,
Digitalis_purpurea,,,
Dryopteris_carthusiana,,,
Eriophorum_angustifolium,,,
Fagus_sylvatica,,,
Frangula_alnus,,,
Fuscocephaloziopsis_connivens,,,
Holcus_lanatus,,,
Hypnum_cupressiforme,,,
Hypnum_jutlandicum,,,
Juncus_effusus,,,
Lepidozia_reptans,,,
Leucobryum_glaucum,,,
Lophocolea_heterophylla,,,
Lycopus_europaeus,,,
Mnium_hornum,,,
Molinia_caerulea,,,
Picea_abies,,,
Pinus_sylvestris,,,
Pohlia_nutans,,,
Polytrichum_formosum,,,
Pteridium_aquilinum,,,
Quercus_robur,,,
Riccardia_latifrons,,,
Rubus_caesius,,,
Salix_aurita,,,
Scrophularia_nodosa,,,
Sphagnum_auriculatum,,,
Sphagnum_capillifolium,,,
Sphagnum_cuspidatum,,,
Sphagnum_fallax,,,
Sphagnum_fimbriatum,,,
Sphagnum_girgensohnii,,,
Sphagnum_russowii,,,
Sphagnum_squarrosum,,,
Tetraphis_pellucida,,,
Typha_latifolia,,,
Vaccinium_myrtillus,,,
Vaccinium_oxycoccos,,,
