Name,plot.ID,site,arbeitsname,Art,Schicht,Deckung
MT1,1,Meu_trock,WM1,Pinus sylvestris,TL,88
MT1,1,Meu_trock,WM1,Molinia caerulea caerulea,HL,38
MT1,1,Meu_trock,WM1,Polytrichum formosum Hedw.,ML,"4,5"
MT1,1,Meu_trock,WM1,Picea abies (excelsa),SL,18
MT2,2,Meu_trock,WM2,Pinus sylvestris,TL,88
MT2,2,Meu_trock,WM2,Molinia caerulea caerulea,HL,38
MT2,2,Meu_trock,WM2,Pteridium aquilinum,HL,18
MT2,2,Meu_trock,WM2,Vaccinium myrtillus,HL,"0,5"
MT2,2,Meu_trock,WM2,Polytrichum formosum Hedw.,ML,"4,5"
MT3,3,Meu_trock,WM3,Pinus sylvestris,TL,38
MT3,3,Meu_trock,WM3,Molinia caerulea caerulea,HL,18
MT3,3,Meu_trock,WM3,Pteridium aquilinum,HL,"0,5"
MT3,3,Meu_trock,WM3,Vaccinium myrtillus,HL,"4,5"
MT3,3,Meu_trock,WM3,Hypnum cupressiforme Hedw. ssp. cupr. var. cupressiforme,ML,"0,5"
MT3,3,Meu_trock,WM3,Polytrichum formosum Hedw.,ML,18
MT3,3,Meu_trock,WM3,Betula pendula,SL,38
MT4,4,Meu_trock,WM4,Pinus sylvestris,TL,38
MT4,4,Meu_trock,WM4,Frangula alnus,HL,"0,1"
MT4,4,Meu_trock,WM4,Pinus sylvestris,HL,"0,1"
MT4,4,Meu_trock,WM4,Pteridium aquilinum,HL,18
MT4,4,Meu_trock,WM4,Vaccinium myrtillus,HL,"4,5"
MT4,4,Meu_trock,WM4,Hypnum cupressiforme Hedw. ssp. cupr. var. cupressiforme,ML,"0,1"
MT4,4,Meu_trock,WM4,Polytrichum formosum Hedw.,ML,18
MT5,5,Meu_trock,WM5,Pinus sylvestris,TL,38
MT5,5,Meu_trock,WM5,Molinia caerulea caerulea,HL,38
MT5,5,Meu_trock,WM5,Pteridium aquilinum,HL,"4,5"
MT5,5,Meu_trock,WM5,Vaccinium myrtillus,HL,"0,5"
MT5,5,Meu_trock,WM5,Campylopus pyriformis (K. F. Schultz) Brid.,ML,"0,1"
MT5,5,Meu_trock,WM5,Hypnum cupressiforme Hedw. ssp. cupr. var. cupressiforme,ML,"0,1"
MT5,5,Meu_trock,WM5,Polytrichum formosum Hedw.,ML,18
MT5,5,Meu_trock,WM5,Tetraphis pellucida Hedw.,ML,"0,1"
MT5,5,Meu_trock,WM5,Pinus sylvestris,SL,"4,5"
MT6,6,Meu_trock,WM6,Pinus sylvestris,TL,18
MT6,6,Meu_trock,WM6,Molinia caerulea caerulea,HL,18
MT6,6,Meu_trock,WM6,Pinus sylvestris,HL,"0,1"
MT6,6,Meu_trock,WM6,Pteridium aquilinum,HL,"4,5"
MT6,6,Meu_trock,WM6,Rubus caesius,HL,"0,5"
MT6,6,Meu_trock,WM6,Polytrichum formosum Hedw.,ML,"4,5"
MT7,7,Meu_trock,WM7,Pinus sylvestris,TL,"4,5"
MT7,7,Meu_trock,WM7,Betula,HL,"0,5"
MT7,7,Meu_trock,WM7,Dryopteris carthusiana (spinulosa),HL,"4,5"
MT7,7,Meu_trock,WM7,Frangula alnus,HL,"0,1"
MT7,7,Meu_trock,WM7,Molinia caerulea caerulea,HL,18
MT7,7,Meu_trock,WM7,Pteridium aquilinum,HL,"4,5"
MT7,7,Meu_trock,WM7,Vaccinium myrtillus,HL,"0,5"
MT7,7,Meu_trock,WM7,Polytrichum formosum Hedw.,ML,"4,5"
MT8,8,Meu_trock,WM8,Pinus sylvestris,TL,"4,5"
MT8,8,Meu_trock,WM8,Betula,HL,"0,1"
MT8,8,Meu_trock,WM8,Dryopteris carthusiana (spinulosa),HL,"4,5"
MT8,8,Meu_trock,WM8,Molinia caerulea caerulea,HL,38
MT8,8,Meu_trock,WM8,Polytrichum formosum Hedw.,ML,"4,5"
MT8,8,Meu_trock,WM8,Pinus sylvestris,SL,"4,5"
MT9,9,Meu_trock,WM9,Pinus sylvestris,TL,"4,5"
MT9,9,Meu_trock,WM9,Betula,HL,"0,5"
MT9,9,Meu_trock,WM9,Molinia caerulea caerulea,HL,63
MT9,9,Meu_trock,WM9,Rubus caesius,HL,"4,5"
MT9,9,Meu_trock,WM9,Polytrichum formosum Hedw.,ML,"4,5"
MT9,9,Meu_trock,WM9,Pinus sylvestris,SL,"4,5"
MT10,10,Meu_trock,WM10,Molinia caerulea caerulea,HL,18
MT10,10,Meu_trock,WM10,Pinus sylvestris,HL,"0,5"
MT10,10,Meu_trock,WM10,Vaccinium myrtillus,HL,"0,1"
MT10,10,Meu_trock,WM10,Polytrichum formosum Hedw.,ML,"0,5"
MT10,10,Meu_trock,WM10,Pinus sylvestris,SL,"4,5"
MT11,11,Meu_trock,WM11,Betula,HL,"0,1"
MT11,11,Meu_trock,WM11,Dryopteris carthusiana (spinulosa),HL,"0,5"
MT11,11,Meu_trock,WM11,Frangula alnus,HL,"0,1"
MT11,11,Meu_trock,WM11,Molinia caerulea caerulea,HL,38
MT11,11,Meu_trock,WM11,Polytrichum formosum Hedw.,ML,"4,5"
MT12,12,Meu_trock,WM12,Betula,HL,"4,5"
MT12,12,Meu_trock,WM12,"Carex nigra (fusca, goodenowii)",HL,"0,1"
MT12,12,Meu_trock,WM12,Frangula alnus,HL,"0,5"
MT12,12,Meu_trock,WM12,Molinia caerulea caerulea,HL,38
MT12,12,Meu_trock,WM12,Pinus sylvestris,HL,"0,1"
MT12,12,Meu_trock,WM12,Hypnum cupressiforme Hedw. ssp. cupr. var. cupressiforme,ML,"4,5"
MT12,12,Meu_trock,WM12,Frangula alnus,SL,"4,5"
MT13,13,Meu_trock,WM13,Betula,HL,"0,1"
MT13,13,Meu_trock,WM13,Frangula alnus,HL,"0,1"
MT13,13,Meu_trock,WM13,Molinia caerulea caerulea,HL,18
MT13,13,Meu_trock,WM13,Pinus sylvestris,HL,"0,1"
MT13,13,Meu_trock,WM13,Pteridium aquilinum,HL,88
MT14,14,Meu_trock,WM14,Molinia caerulea caerulea,HL,18
MT14,14,Meu_trock,WM14,Pinus sylvestris,HL,"0,1"
MT15,15,Meu_trock,WM15,Betula,HL,"0,1"
MT15,15,Meu_trock,WM15,Frangula alnus,HL,"0,1"
MT15,15,Meu_trock,WM15,Molinia caerulea caerulea,HL,18
MT16,16,Meu_trock,WM16,Betula,HL,"4,5"
MT16,16,Meu_trock,WM16,Molinia caerulea caerulea,HL,18
MT16,16,Meu_trock,WM16,Pinus sylvestris,HL,"0,1"
MT16,16,Meu_trock,WM16,Campylopus pyriformis (K. F. Schultz) Brid.,ML,"0,1"
MT16,16,Meu_trock,WM16,Polytrichum formosum Hedw.,ML,38
MT17,17,Meu_trock,WM17,Betula,HL,"4,5"
MT17,17,Meu_trock,WM17,Molinia caerulea caerulea,HL,38
MT17,17,Meu_trock,WM17,Pinus sylvestris,HL,"4,5"
MT17,17,Meu_trock,WM17,Polytrichum formosum Hedw.,ML,38
MT18,18,Meu_trock,WM18,Betula,HL,"4,5"
MT18,18,Meu_trock,WM18,Molinia caerulea caerulea,HL,38
MT18,18,Meu_trock,WM18,Pinus sylvestris,HL,"0,5"
MT18,18,Meu_trock,WM18,Polytrichum formosum Hedw.,ML,38
MT19,19,Meu_trock,WM19,Molinia caerulea caerulea,HL,63
MT19,19,Meu_trock,WM19,Campylopus pyriformis (K. F. Schultz) Brid.,ML,"4,5"
MT19,19,Meu_trock,WM19,Polytrichum formosum Hedw.,ML,18
MT20,20,Meu_trock,WM20,Frangula alnus,HL,"0,5"
MT20,20,Meu_trock,WM20,Molinia caerulea caerulea,HL,88
MT20,20,Meu_trock,WM20,Campylopus pyriformis (K. F. Schultz) Brid.,ML,"0,1"
MT20,20,Meu_trock,WM20,Dicranum scoparium Hedw.,ML,"0,1"
MT20,20,Meu_trock,WM20,Hypnum cupressiforme Hedw. ssp. cupr. var. cupressiforme,ML,"0,5"
MT21,21,Meu_trock,WM21,Betula,HL,"0,5"
MT21,21,Meu_trock,WM21,Molinia caerulea caerulea,HL,63
MT21,21,Meu_trock,WM21,Pinus sylvestris,HL,"0,5"
MT21,21,Meu_trock,WM21,Hypnum cupressiforme Hedw. ssp. cupr. var. cupressiforme,ML,"0,5"
MT21,21,Meu_trock,WM21,Polytrichum formosum Hedw.,ML,"4,5"
MT22,22,Meu_trock,WM22,Betula,HL,18
MT22,22,Meu_trock,WM22,Dryopteris carthusiana (spinulosa),HL,"0,5"
MT22,22,Meu_trock,WM22,Molinia caerulea caerulea,HL,63
MT22,22,Meu_trock,WM22,Pinus sylvestris,HL,"0,5"
MT22,22,Meu_trock,WM22,Vaccinium myrtillus,HL,"4,5"
MT22,22,Meu_trock,WM22,Hypnum cupressiforme Hedw. ssp. cupr. var. cupressiforme,ML,"4,5"
MT22,22,Meu_trock,WM22,Polytrichum formosum Hedw.,ML,18
MT22,22,Meu_trock,WM22,Betula pendula,SL,88
MT23,23,Meu_trock,WM23,Betula,HL,"0,5"
MT23,23,Meu_trock,WM23,Molinia caerulea caerulea,HL,38
MT23,23,Meu_trock,WM23,Pinus sylvestris,HL,"0,5"
MT23,23,Meu_trock,WM23,Hypnum cupressiforme Hedw. ssp. cupr. var. cupressiforme,ML,"0,1"
MT23,23,Meu_trock,WM23,Polytrichum formosum Hedw.,ML,18
MT24,24,Meu_trock,WM24,"Carex nigra (fusca, goodenowii)",HL,"0,5"
MT24,24,Meu_trock,WM24,Molinia caerulea caerulea,HL,38
MT24,24,Meu_trock,WM24,Pinus sylvestris,HL,"0,5"
MT24,24,Meu_trock,WM24,Vaccinium myrtillus,HL,"4,5"
MT24,24,Meu_trock,WM24,Polytrichum formosum Hedw.,ML,"4,5"
MT24,24,Meu_trock,WM24,Frangula alnus,SL,"0,5"
MT25,25,Meu_trock,WM25,Dryopteris carthusiana (spinulosa),HL,"4,5"
MT25,25,Meu_trock,WM25,Frangula alnus,HL,"0,5"
MT25,25,Meu_trock,WM25,Molinia caerulea caerulea,HL,18
MT25,25,Meu_trock,WM25,Vaccinium myrtillus,HL,38
MT25,25,Meu_trock,WM25,Campylopus pyriformis (K. F. Schultz) Brid.,ML,"0,1"
MT25,25,Meu_trock,WM25,Dicranum scoparium Hedw.,ML,"0,1"
MT25,25,Meu_trock,WM25,Hypnum cupressiforme Hedw. ssp. cupr. var. cupressiforme,ML,"0,5"
MT25,25,Meu_trock,WM25,Polytrichum formosum Hedw.,ML,38
MT25,25,Meu_trock,WM25,Frangula alnus,SL,"4,5"
MT26,26,Meu_trock,WM26,Betula,HL,"0,5"
MT26,26,Meu_trock,WM26,Dryopteris carthusiana (spinulosa),HL,18
MT26,26,Meu_trock,WM26,Frangula alnus,HL,"0,5"
MT26,26,Meu_trock,WM26,Molinia caerulea caerulea,HL,18
MT26,26,Meu_trock,WM26,Pinus sylvestris,HL,"0,5"
MT26,26,Meu_trock,WM26,Hypnum cupressiforme Hedw. ssp. cupr. var. cupressiforme,ML,"4,5"
MT26,26,Meu_trock,WM26,Hypnum jutlandicum Holmen & Warncke (ericetorum),ML,"0,1"
MT26,26,Meu_trock,WM26,Polytrichum formosum Hedw.,ML,18
MT26,26,Meu_trock,WM26,Sphagnum fimbriatum Wils. ex Wils. & J. D. Hook.,ML,"0,1"
MT26,26,Meu_trock,WM26,Frangula alnus,SL,38
MT27,27,Meu_trock,MO1,Betula,HL,"0,1"
MT27,27,Meu_trock,MO1,Dryopteris carthusiana (spinulosa),HL,18
MT27,27,Meu_trock,MO1,Molinia caerulea caerulea,HL,38
MT27,27,Meu_trock,MO1,Pinus sylvestris,HL,"0,1"
MT27,27,Meu_trock,MO1,Polytrichum formosum Hedw.,ML,"4,5"
MT27,27,Meu_trock,MO1,Frangula alnus,SL,"0,5"
MT28,28,Meu_trock,MO2,Dryopteris carthusiana (spinulosa),HL,"0,5"
MT28,28,Meu_trock,MO2,Frangula alnus,HL,"0,1"
MT28,28,Meu_trock,MO2,Molinia caerulea caerulea,HL,38
MT28,28,Meu_trock,MO2,Polytrichum formosum Hedw.,ML,"0,5"
MT28,28,Meu_trock,MO2,Frangula alnus,SL,63
MT29,29,Meu_trock,MO3,Betula,HL,"0,5"
MT29,29,Meu_trock,MO3,Dryopteris carthusiana (spinulosa),HL,"4,5"
MT29,29,Meu_trock,MO3,Frangula alnus,HL,"0,5"
MT29,29,Meu_trock,MO3,Molinia caerulea caerulea,HL,18
MT29,29,Meu_trock,MO3,Pinus sylvestris,HL,"0,1"
MT29,29,Meu_trock,MO3,Quercus robur,HL,"0,5"
MT29,29,Meu_trock,MO3,Hypnum jutlandicum Holmen & Warncke (ericetorum),ML,"0,1"
MT29,29,Meu_trock,MO3,Polytrichum formosum Hedw.,ML,"4,5"
MT29,29,Meu_trock,MO3,Frangula alnus,SL,63
MT30,30,Meu_trock,MO4,Dryopteris carthusiana (spinulosa),HL,"0,5"
MT30,30,Meu_trock,MO4,Frangula alnus,HL,"0,5"
MT30,30,Meu_trock,MO4,Molinia caerulea caerulea,HL,"4,5"
MT30,30,Meu_trock,MO4,Pinus sylvestris,HL,"0,1"
MT30,30,Meu_trock,MO4,Dicranum scoparium Hedw.,ML,"4,5"
MT30,30,Meu_trock,MO4,Hypnum jutlandicum Holmen & Warncke (ericetorum),ML,"0,5"
MT30,30,Meu_trock,MO4,Polytrichum formosum Hedw.,ML,"4,5"
MT30,30,Meu_trock,MO4,Frangula alnus,SL,63
MT31,31,Meu_trock,MO5,Frangula alnus,HL,"4,5"
MT31,31,Meu_trock,MO5,Molinia caerulea caerulea,HL,"0,5"
MT31,31,Meu_trock,MO5,Dicranum scoparium Hedw.,ML,"0,5"
MT31,31,Meu_trock,MO5,Polytrichum formosum Hedw.,ML,18
MT31,31,Meu_trock,MO5,Frangula alnus,SL,"4,5"
MT32,32,Meu_trock,MO6,Dryopteris carthusiana (spinulosa),HL,"0,1"
MT32,32,Meu_trock,MO6,Frangula alnus,HL,"0,1"
MT32,32,Meu_trock,MO6,Molinia caerulea caerulea,HL,"4,5"
MT32,32,Meu_trock,MO6,Polytrichum formosum Hedw.,ML,18
MT32,32,Meu_trock,MO6,Frangula alnus,SL,"0,5"
MT32,32,Meu_trock,MO6,Pinus sylvestris,SL,"4,5"
MT33,33,Meu_trock,MO7,Frangula alnus,HL,"0,5"
MT33,33,Meu_trock,MO7,Molinia caerulea caerulea,HL,38
MT33,33,Meu_trock,MO7,Polytrichum formosum Hedw.,ML,"0,5"
MT33,33,Meu_trock,MO7,Frangula alnus,SL,38
MT34,34,Meu_trock,MO8,Betula,HL,"0,5"
MT34,34,Meu_trock,MO8,Molinia caerulea caerulea,HL,38
MT34,34,Meu_trock,MO8,Pinus sylvestris,HL,"0,1"
MT34,34,Meu_trock,MO8,Polytrichum formosum Hedw.,ML,"0,1"
MT34,34,Meu_trock,MO8,Pinus sylvestris,SL,"0,5"
MT35,35,Meu_trock,MO9,Molinia caerulea caerulea,HL,38
MT35,35,Meu_trock,MO9,Polytrichum formosum Hedw.,ML,"4,5"
MT35,35,Meu_trock,MO9,Pinus sylvestris,SL,"4,5"
MT36,36,Meu_trock,MO10,Molinia caerulea caerulea,HL,18
MT36,36,Meu_trock,MO10,Campylopus pyriformis (K. F. Schultz) Brid.,ML,"0,1"
MT36,36,Meu_trock,MO10,Polytrichum formosum Hedw.,ML,18
MT36,36,Meu_trock,MO10,Sphagnum capillifolium (L.) Hedw. var. capillifolium (nemoreum),ML,"0,5"
MT37,37,Meu_trock,MO11,Molinia caerulea caerulea,HL,18
MT37,37,Meu_trock,MO11,Polytrichum formosum Hedw.,ML,18
MT37,37,Meu_trock,MO11,Betula pendula,SL,"0,5"
MT37,37,Meu_trock,MO11,Pinus sylvestris,SL,"4,5"
MT38,38,Meu_trock,MO12,Vaccinium myrtillus,HL,"4,5"
MT38,38,Meu_trock,MO12,Polytrichum formosum Hedw.,ML,18
MT39,39,Meu_trock,MO13,Frangula alnus,HL,"0,1"
MT39,39,Meu_trock,MO13,Molinia caerulea caerulea,HL,38
MT39,39,Meu_trock,MO13,Pinus sylvestris,HL,"0,5"
MT39,39,Meu_trock,MO13,Vaccinium myrtillus,HL,"0,5"
MT39,39,Meu_trock,MO13,Dicranum flagellare Hedw.,ML,"0,1"
MT39,39,Meu_trock,MO13,Lepidozia reptans (L.) Dum.,ML,"0,1"
MT39,39,Meu_trock,MO13,Lophocolea heterophylla (Schrad.) Dum.,ML,"0,1"
MT39,39,Meu_trock,MO13,Polytrichum formosum Hedw.,ML,18
MT39,39,Meu_trock,MO13,Frangula alnus,SL,"4,5"
MT39,39,Meu_trock,MO13,Pinus sylvestris,SL,"0,5"
MT40,40,Meu_trock,MO14,Betula,HL,"0,5"
MT40,40,Meu_trock,MO14,Frangula alnus,HL,"0,1"
MT40,40,Meu_trock,MO14,Molinia caerulea caerulea,HL,18
MT40,40,Meu_trock,MO14,Pinus sylvestris,HL,"0,5"
MT40,40,Meu_trock,MO14,Hypnum jutlandicum Holmen & Warncke (ericetorum),ML,"0,5"
MT40,40,Meu_trock,MO14,Polytrichum formosum Hedw.,ML,"4,5"
MT40,40,Meu_trock,MO14,Frangula alnus,SL,"0,5"
MT41,41,Meu_trock,MO15,Betula,HL,"0,5"
MT41,41,Meu_trock,MO15,Molinia caerulea caerulea,HL,18
MT41,41,Meu_trock,MO15,Pinus sylvestris,HL,"0,1"
MT41,41,Meu_trock,MO15,Vaccinium myrtillus,HL,"4,5"
MT41,41,Meu_trock,MO15,Hypnum jutlandicum Holmen & Warncke (ericetorum),ML,"0,1"
MT41,41,Meu_trock,MO15,Polytrichum formosum Hedw.,ML,38
MT41,41,Meu_trock,MO15,Frangula alnus,SL,"0,5"
MT42,42,Meu_trock,MO16,Betula,HL,"0,1"
MT42,42,Meu_trock,MO16,Dryopteris carthusiana (spinulosa),HL,"4,5"
MT42,42,Meu_trock,MO16,Molinia caerulea caerulea,HL,18
MT42,42,Meu_trock,MO16,Polytrichum formosum Hedw.,ML,38
MT43,43,Meu_trock,MO17,Dryopteris carthusiana (spinulosa),HL,"0,5"
MT43,43,Meu_trock,MO17,Molinia caerulea caerulea,HL,38
MT43,43,Meu_trock,MO17,Polytrichum formosum Hedw.,ML,"4,5"
MT44,44,Meu_trock,MO18,Dryopteris carthusiana (spinulosa),HL,"0,5"
MT44,44,Meu_trock,MO18,Molinia caerulea caerulea,HL,"4,5"
MT44,44,Meu_trock,MO18,Dicranum scoparium Hedw.,ML,"0,1"
MT44,44,Meu_trock,MO18,Polytrichum formosum Hedw.,ML,"0,1"
MT45,45,Meu_trock,MO19,Molinia caerulea caerulea,HL,63
MT45,45,Meu_trock,MO19,Hypnum jutlandicum Holmen & Warncke (ericetorum),ML,"0,1"
MT46,46,Meu_trock,MO20,Betula,HL,"0,1"
MT46,46,Meu_trock,MO20,Molinia caerulea caerulea,HL,63
MT46,46,Meu_trock,MO20,Hypnum jutlandicum Holmen & Warncke (ericetorum),ML,"0,5"
MT47,47,Meu_trock,MO21,Molinia caerulea caerulea,HL,63
MT47,47,Meu_trock,MO21,Vaccinium myrtillus,HL,"4,5"
MT47,47,Meu_trock,MO21,Hypnum jutlandicum Holmen & Warncke (ericetorum),ML,"0,1"
MT47,47,Meu_trock,MO21,Polytrichum formosum Hedw.,ML,"0,1"
MT48,48,Meu_trock,MO22,Betula,HL,"0,5"
MT48,48,Meu_trock,MO22,Molinia caerulea caerulea,HL,38
MT48,48,Meu_trock,MO22,Hypnum jutlandicum Holmen & Warncke (ericetorum),ML,"0,1"
MT48,48,Meu_trock,MO22,Polytrichum formosum Hedw.,ML,"0,5"
MT48,48,Meu_trock,MO22,Frangula alnus,SL,"4,5"
MT49,49,Meu_trock,MO23,Betula,HL,"0,1"
MT49,49,Meu_trock,MO23,Molinia caerulea caerulea,HL,63
MT49,49,Meu_trock,MO23,Hypnum jutlandicum Holmen & Warncke (ericetorum),ML,"0,1"
MT49,49,Meu_trock,MO23,Polytrichum formosum Hedw.,ML,"0,5"
MT49,49,Meu_trock,MO23,Frangula alnus,SL,"0,1"
MT50,50,Meu_trock,MO24,Betula,HL,"4,5"
MT50,50,Meu_trock,MO24,Frangula alnus,HL,"0,5"
MT50,50,Meu_trock,MO24,Molinia caerulea caerulea,HL,63
MT50,50,Meu_trock,MO24,Dicranum scoparium Hedw.,ML,"0,1"
MT50,50,Meu_trock,MO24,Hypnum jutlandicum Holmen & Warncke (ericetorum),ML,"0,5"
MT50,50,Meu_trock,MO24,Polytrichum formosum Hedw.,ML,"4,5"
MT51,51,Meu_trock,MO25,Betula,HL,"0,5"
MT51,51,Meu_trock,MO25,Molinia caerulea caerulea,HL,63
MT51,51,Meu_trock,MO25,Hypnum jutlandicum Holmen & Warncke (ericetorum),ML,"0,5"
MT51,51,Meu_trock,MO25,Polytrichum formosum Hedw.,ML,"0,5"
MT51,51,Meu_trock,MO25,Frangula alnus,SL,"4,5"
MT52,52,Meu_trock,MO26,Betula,HL,"0,1"
MT52,52,Meu_trock,MO26,Molinia caerulea caerulea,HL,38
MT52,52,Meu_trock,MO26,Dicranella cerviculata (Hedw.) Schimp.,ML,"0,1"
MT52,52,Meu_trock,MO26,Hypnum jutlandicum Holmen & Warncke (ericetorum),ML,"0,5"
MT52,52,Meu_trock,MO26,Polytrichum formosum Hedw.,ML,"0,5"
MT52,52,Meu_trock,MO26,Frangula alnus,SL,"4,5"
MT53,53,Meu_trock,MO27,Betula,HL,"0,1"
MT53,53,Meu_trock,MO27,Molinia caerulea caerulea,HL,38
MT53,53,Meu_trock,MO27,Dicranella cerviculata (Hedw.) Schimp.,ML,"0,1"
MT53,53,Meu_trock,MO27,Hypnum jutlandicum Holmen & Warncke (ericetorum),ML,"0,5"
MT53,53,Meu_trock,MO27,Polytrichum formosum Hedw.,ML,"4,5"
MT54,54,Meu_trock,NM1,Pinus sylvestris,TL,18
MT54,54,Meu_trock,NM1,Molinia caerulea caerulea,HL,18
MT54,54,Meu_trock,NM1,Pteridium aquilinum,HL,18
MT54,54,Meu_trock,NM1,Vaccinium myrtillus,HL,"4,5"
MT55,55,Meu_trock,NM2,Pinus sylvestris,TL,"4,5"
MT55,55,Meu_trock,NM2,Betula,HL,"0,5"
MT55,55,Meu_trock,NM2,Molinia caerulea caerulea,HL,"0,5"
MT55,55,Meu_trock,NM2,Pteridium aquilinum,HL,63
MT55,55,Meu_trock,NM2,Vaccinium myrtillus,HL,38
MT56,56,Meu_trock,NM3,Betula,HL,"0,5"
MT56,56,Meu_trock,NM3,Molinia caerulea caerulea,HL,"4,5"
MT56,56,Meu_trock,NM3,Pteridium aquilinum,HL,63
MT56,56,Meu_trock,NM3,Vaccinium myrtillus,HL,"4,5"
MT56,56,Meu_trock,NM3,Polytrichum formosum Hedw.,ML,"0,1"
MT57,57,Meu_trock,NM4,Betula,HL,"0,5"
MT57,57,Meu_trock,NM4,Frangula alnus,HL,"0,1"
MT57,57,Meu_trock,NM4,Molinia caerulea caerulea,HL,"4,5"
MT57,57,Meu_trock,NM4,Pinus sylvestris,HL,"0,1"
MT57,57,Meu_trock,NM4,Pteridium aquilinum,HL,38
MT57,57,Meu_trock,NM4,Polytrichum formosum Hedw.,ML,"0,1"
MT58,58,Meu_trock,NM5,Betula,HL,"4,5"
MT58,58,Meu_trock,NM5,Frangula alnus,HL,"0,1"
MT58,58,Meu_trock,NM5,Molinia caerulea caerulea,HL,"4,5"
MT58,58,Meu_trock,NM5,Pteridium aquilinum,HL,88
MT58,58,Meu_trock,NM5,Polytrichum formosum Hedw.,ML,"0,5"
MT58,58,Meu_trock,NM5,Fagus sylvatica,SL,"0,5"
MT59,59,Meu_trock,NM6,Betula,HL,"4,5"
MT59,59,Meu_trock,NM6,Molinia caerulea caerulea,HL,38
MT59,59,Meu_trock,NM6,Pteridium aquilinum,HL,18
MT59,59,Meu_trock,NM6,Polytrichum formosum Hedw.,ML,"4,5"
MT60,60,Meu_trock,NM7,Betula,HL,"0,5"
MT60,60,Meu_trock,NM7,Dryopteris carthusiana (spinulosa),HL,"4,5"
MT60,60,Meu_trock,NM7,Frangula alnus,HL,"0,1"
MT60,60,Meu_trock,NM7,Molinia caerulea caerulea,HL,38
MT60,60,Meu_trock,NM7,Hypnum jutlandicum Holmen & Warncke (ericetorum),ML,"0,5"
MT60,60,Meu_trock,NM7,Polytrichum formosum Hedw.,ML,"0,1"
MT60,60,Meu_trock,NM7,Frangula alnus,SL,"4,5"
MT61,61,Meu_trock,NM8,Betula,HL,"0,5"
MT61,61,Meu_trock,NM8,Molinia caerulea caerulea,HL,88
MT61,61,Meu_trock,NM8,Pinus sylvestris,HL,"0,1"
MT61,61,Meu_trock,NM8,Pteridium aquilinum,HL,"0,1"
MT61,61,Meu_trock,NM8,Hypnum jutlandicum Holmen & Warncke (ericetorum),ML,"0,5"
MT61,61,Meu_trock,NM8,Polytrichum formosum Hedw.,ML,"4,5"
MT62,62,Meu_trock,NM9,Betula,HL,"4,5"
MT62,62,Meu_trock,NM9,Frangula alnus,HL,"0,1"
MT62,62,Meu_trock,NM9,Molinia caerulea caerulea,HL,38
MT62,62,Meu_trock,NM9,Polytrichum formosum Hedw.,ML,"4,5"
MT63,63,Meu_trock,NM10,Betula,HL,"0,5"
MT63,63,Meu_trock,NM10,Frangula alnus,HL,"0,5"
MT63,63,Meu_trock,NM10,Molinia caerulea caerulea,HL,88
MT63,63,Meu_trock,NM10,Pinus sylvestris,HL,"0,1"
MT63,63,Meu_trock,NM10,Dicranum scoparium Hedw.,ML,"0,1"
MT63,63,Meu_trock,NM10,Hypnum jutlandicum Holmen & Warncke (ericetorum),ML,"0,1"
MT63,63,Meu_trock,NM10,Polytrichum formosum Hedw.,ML,"4,5"
MT63,63,Meu_trock,NM10,Frangula alnus,SL,"4,5"
MT64,64,Meu_trock,NM11,Betula,HL,"0,5"
MT64,64,Meu_trock,NM11,Molinia caerulea caerulea,HL,88
MT64,64,Meu_trock,NM11,Pinus sylvestris,HL,"0,5"
MT64,64,Meu_trock,NM11,Hypnum jutlandicum Holmen & Warncke (ericetorum),ML,"0,5"
MT64,64,Meu_trock,NM11,Lophocolea heterophylla (Schrad.) Dum.,ML,"0,5"
MT64,64,Meu_trock,NM11,Polytrichum formosum Hedw.,ML,"0,5"
MT64,64,Meu_trock,NM11,Frangula alnus,SL,"4,5"
MT65,65,Meu_trock,NM12,Betula,HL,18
MT65,65,Meu_trock,NM12,Pinus sylvestris,HL,"4,5"
MT65,65,Meu_trock,NM12,Hypnum jutlandicum Holmen & Warncke (ericetorum),ML,"0,1"
MT65,65,Meu_trock,NM12,Polytrichum formosum Hedw.,ML,"4,5"
MT65,65,Meu_trock,NM12,Frangula alnus,SL,63
MT66,66,Meu_trock,NM13,Betula,HL,"0,5"
MT66,66,Meu_trock,NM13,Dryopteris carthusiana (spinulosa),HL,"0,5"
MT66,66,Meu_trock,NM13,Frangula alnus,HL,"0,5"
MT66,66,Meu_trock,NM13,Molinia caerulea caerulea,HL,18
MT66,66,Meu_trock,NM13,Vaccinium myrtillus,HL,"0,5"
MT66,66,Meu_trock,NM13,Hypnum jutlandicum Holmen & Warncke (ericetorum),ML,"0,1"
MT66,66,Meu_trock,NM13,Polytrichum formosum Hedw.,ML,"4,5"
MT66,66,Meu_trock,NM13,Pinus sylvestris,SL,"4,5"
MT67,67,Meu_trock,NM14,Betula,HL,"0,5"
MT67,67,Meu_trock,NM14,Molinia caerulea caerulea,HL,"4,5"
MT67,67,Meu_trock,NM14,Vaccinium myrtillus,HL,"4,5"
MT67,67,Meu_trock,NM14,Hypnum jutlandicum Holmen & Warncke (ericetorum),ML,"0,5"
MT67,67,Meu_trock,NM14,Polytrichum formosum Hedw.,ML,18
MT67,67,Meu_trock,NM14,Frangula alnus,SL,"4,5"
MT67,67,Meu_trock,NM14,Pinus sylvestris,SL,"4,5"
MT68,68,Meu_trock,NM15,Dryopteris carthusiana (spinulosa),HL,"0,5"
MT68,68,Meu_trock,NM15,Frangula alnus,HL,"0,1"
MT68,68,Meu_trock,NM15,Molinia caerulea caerulea,HL,"4,5"
MT68,68,Meu_trock,NM15,Pinus sylvestris,HL,"0,1"
MT68,68,Meu_trock,NM15,Vaccinium myrtillus,HL,"4,5"
MT68,68,Meu_trock,NM15,Dicranella cerviculata (Hedw.) Schimp.,ML,"0,1"
MT68,68,Meu_trock,NM15,Hypnum jutlandicum Holmen & Warncke (ericetorum),ML,"0,5"
MT68,68,Meu_trock,NM15,Pohlia nutans (Hedw.) Lindb.,ML,"0,5"
MT68,68,Meu_trock,NM15,Polytrichum formosum Hedw.,ML,"0,1"
MT68,68,Meu_trock,NM15,Betula pubescens,SL,"4,5"
MT68,68,Meu_trock,NM15,Pinus sylvestris,SL,"4,5"
MT69,69,Meu_trock,NM16,Molinia caerulea caerulea,HL,"0,5"
MT69,69,Meu_trock,NM16,Pinus sylvestris,HL,"4,5"
MT69,69,Meu_trock,NM16,Vaccinium myrtillus,HL,"0,5"
MT69,69,Meu_trock,NM16,Polytrichum formosum Hedw.,ML,"0,5"
MT70,70,Meu_trock,NM17,Betula,HL,"0,5"
MT70,70,Meu_trock,NM17,Frangula alnus,HL,"0,5"
MT70,70,Meu_trock,NM17,Molinia caerulea caerulea,HL,38
MT70,70,Meu_trock,NM17,Pinus sylvestris,HL,"0,5"
MT70,70,Meu_trock,NM17,Pohlia nutans (Hedw.) Lindb.,ML,"0,1"
MT70,70,Meu_trock,NM17,Polytrichum formosum Hedw.,ML,"0,5"
MT71,71,Meu_trock,NM18,Molinia caerulea caerulea,HL,38
MT71,71,Meu_trock,NM18,Hypnum jutlandicum Holmen & Warncke (ericetorum),ML,"4,5"
MT71,71,Meu_trock,NM18,Frangula alnus,SL,"0,5"
MT72,72,Meu_trock,NM19,Betula,HL,"0,5"
MT72,72,Meu_trock,NM19,Molinia caerulea caerulea,HL,88
MT72,72,Meu_trock,NM19,Pinus sylvestris,HL,"0,1"
MT72,72,Meu_trock,NM19,Vaccinium myrtillus,HL,38
MT72,72,Meu_trock,NM19,Polytrichum formosum Hedw.,ML,"0,1"
MT73,73,Meu_trock,NM20,Betula,HL,"0,5"
MT73,73,Meu_trock,NM20,Molinia caerulea caerulea,HL,38
MT73,73,Meu_trock,NM20,Pinus sylvestris,HL,"0,5"
MT73,73,Meu_trock,NM20,Vaccinium myrtillus,HL,38
MT73,73,Meu_trock,NM20,Campylopus pyriformis (K. F. Schultz) Brid.,ML,"0,5"
MT73,73,Meu_trock,NM20,Polytrichum formosum Hedw.,ML,38
MT74,74,Meu_trock,NM21,Betula,HL,"0,5"
MT74,74,Meu_trock,NM21,Dryopteris carthusiana (spinulosa),HL,"0,5"
MT74,74,Meu_trock,NM21,Molinia caerulea caerulea,HL,18
MT74,74,Meu_trock,NM21,Pinus sylvestris,HL,"0,5"
MT74,74,Meu_trock,NM21,Vaccinium myrtillus,HL,18
MT74,74,Meu_trock,NM21,Campylopus pyriformis (K. F. Schultz) Brid.,ML,"0,1"
MT74,74,Meu_trock,NM21,Dicranum scoparium Hedw.,ML,"0,1"
MT74,74,Meu_trock,NM21,Polytrichum formosum Hedw.,ML,38
MT75,75,Meu_trock,NM22,Betula,HL,"4,5"
MT75,75,Meu_trock,NM22,Dryopteris carthusiana (spinulosa),HL,"4,5"
MT75,75,Meu_trock,NM22,Molinia caerulea caerulea,HL,"4,5"
MT75,75,Meu_trock,NM22,Pinus sylvestris,HL,"0,5"
MT75,75,Meu_trock,NM22,Vaccinium myrtillus,HL,"4,5"
MT75,75,Meu_trock,NM22,Campylopus pyriformis (K. F. Schultz) Brid.,ML,"4,5"
MT75,75,Meu_trock,NM22,Dicranum scoparium Hedw.,ML,"4,5"
MT75,75,Meu_trock,NM22,Polytrichum formosum Hedw.,ML,38
MT76,76,Meu_trock,NM23,Betula,HL,"4,5"
MT76,76,Meu_trock,NM23,Dryopteris carthusiana (spinulosa),HL,"4,5"
MT76,76,Meu_trock,NM23,Frangula alnus,HL,"0,1"
MT76,76,Meu_trock,NM23,Molinia caerulea caerulea,HL,38
MT76,76,Meu_trock,NM23,Pinus sylvestris,HL,"0,5"
MT76,76,Meu_trock,NM23,Campylopus pyriformis (K. F. Schultz) Brid.,ML,"0,5"
MT76,76,Meu_trock,NM23,Polytrichum formosum Hedw.,ML,38
MT77,77,Meu_trock,NM24,Betula,HL,"4,5"
MT77,77,Meu_trock,NM24,Frangula alnus,HL,"4,5"
MT77,77,Meu_trock,NM24,Molinia caerulea caerulea,HL,18
MT77,77,Meu_trock,NM24,Pinus sylvestris,HL,"4,5"
MT77,77,Meu_trock,NM24,Vaccinium myrtillus,HL,38
MT77,77,Meu_trock,NM24,Polytrichum formosum Hedw.,ML,18
MT78,78,Meu_trock,NM25,Betula,HL,"4,5"
MT78,78,Meu_trock,NM25,Molinia caerulea caerulea,HL,18
MT78,78,Meu_trock,NM25,Pinus sylvestris,HL,"0,5"
MT78,78,Meu_trock,NM25,Vaccinium myrtillus,HL,63
MT78,78,Meu_trock,NM25,Hypnum jutlandicum Holmen & Warncke (ericetorum),ML,"4,5"
MT78,78,Meu_trock,NM25,Polytrichum formosum Hedw.,ML,"4,5"
MT79,79,Meu_trock,NM26,Molinia caerulea caerulea,HL,"4,5"
MT79,79,Meu_trock,NM26,Pinus sylvestris,HL,"0,5"
MT79,79,Meu_trock,NM26,Campylopus pyriformis (K. F. Schultz) Brid.,ML,"0,1"
MT79,79,Meu_trock,NM26,Polytrichum formosum Hedw.,ML,"0,5"
MT80,80,Meu_trock,NM27,Betula,HL,"4,5"
MT80,80,Meu_trock,NM27,Dryopteris carthusiana (spinulosa),HL,"4,5"
MT80,80,Meu_trock,NM27,Frangula alnus,HL,"0,1"
MT80,80,Meu_trock,NM27,Molinia caerulea caerulea,HL,38
MT80,80,Meu_trock,NM27,Rubus caesius,HL,"0,5"
MT80,80,Meu_trock,NM27,Hypnum jutlandicum Holmen & Warncke (ericetorum),ML,"0,5"
MT80,80,Meu_trock,NM27,Polytrichum formosum Hedw.,ML,"4,5"
MT81,81,Meu_trock,NM28,Betula,HL,"4,5"
MT81,81,Meu_trock,NM28,Dryopteris carthusiana (spinulosa),HL,"4,5"
MT81,81,Meu_trock,NM28,Molinia caerulea caerulea,HL,63
MT81,81,Meu_trock,NM28,Pinus sylvestris,HL,"0,5"
MT81,81,Meu_trock,NM28,Polytrichum formosum Hedw.,ML,"4,5"
MT82,82,Meu_trock,NM29,Betula,HL,"0,5"
MT82,82,Meu_trock,NM29,Dryopteris carthusiana (spinulosa),HL,"4,5"
MT82,82,Meu_trock,NM29,Frangula alnus,HL,"0,5"
MT82,82,Meu_trock,NM29,Molinia caerulea caerulea,HL,18
MT82,82,Meu_trock,NM29,Hypnum jutlandicum Holmen & Warncke (ericetorum),ML,"4,5"
MT82,82,Meu_trock,NM29,Polytrichum formosum Hedw.,ML,"4,5"
MT82,82,Meu_trock,NM29,Frangula alnus,SL,38
MT83,83,Meu_trock,SM1,Betula pubescens,TL,"4,5"
MT83,83,Meu_trock,SM1,Betula,HL,"0,1"
MT83,83,Meu_trock,SM1,Frangula alnus,HL,"0,5"
MT83,83,Meu_trock,SM1,Molinia caerulea caerulea,HL,"4,5"
MT83,83,Meu_trock,SM1,Campylopus flexuosus (Hedw.) Brid.,ML,"0,1"
MT83,83,Meu_trock,SM1,Dicranum scoparium Hedw.,ML,"0,1"
MT83,83,Meu_trock,SM1,Hypnum cupressiforme Hedw. ssp. cupr. var. cupressiforme,ML,"4,5"
MT84,84,Meu_trock,SM2,Betula pubescens,TL,"4,5"
MT84,84,Meu_trock,SM2,Frangula alnus,HL,"0,1"
MT84,84,Meu_trock,SM2,Molinia caerulea caerulea,HL,18
MT84,84,Meu_trock,SM2,Campylopus flexuosus (Hedw.) Brid.,ML,"0,1"
MT84,84,Meu_trock,SM2,Hypnum cupressiforme Hedw. ssp. cupr. var. cupressiforme,ML,"0,5"
MT85,85,Meu_trock,SM3,Betula,HL,"0,5"
MT85,85,Meu_trock,SM3,Dryopteris carthusiana (spinulosa),HL,"4,5"
MT85,85,Meu_trock,SM3,Molinia caerulea caerulea,HL,88
MT85,85,Meu_trock,SM3,Pteridium aquilinum,HL,"4,5"
MT85,85,Meu_trock,SM3,Campylopus flexuosus (Hedw.) Brid.,ML,"0,1"
MT85,85,Meu_trock,SM3,Dicranum scoparium Hedw.,ML,"0,1"
MT85,85,Meu_trock,SM3,Hypnum cupressiforme Hedw. ssp. cupr. var. cupressiforme,ML,"0,5"
MT85,85,Meu_trock,SM3,Polytrichum formosum Hedw.,ML,"4,5"
MT85,85,Meu_trock,SM3,Tetraphis pellucida Hedw.,ML,"0,1"
MT86,86,Meu_trock,SM4,Dryopteris carthusiana (spinulosa),HL,18
MT86,86,Meu_trock,SM4,Frangula alnus,HL,"0,5"
MT86,86,Meu_trock,SM4,Molinia caerulea caerulea,HL,18
MT86,86,Meu_trock,SM4,Hypnum cupressiforme Hedw. ssp. cupr. var. cupressiforme,ML,"4,5"
MT86,86,Meu_trock,SM4,Polytrichum formosum Hedw.,ML,"4,5"
MT87,87,Meu_trock,SM5,Betula,HL,"0,5"
MT87,87,Meu_trock,SM5,Dryopteris carthusiana (spinulosa),HL,"4,5"
MT87,87,Meu_trock,SM5,Molinia caerulea caerulea,HL,18
MT87,87,Meu_trock,SM5,Pinus sylvestris,HL,"0,1"
MT87,87,Meu_trock,SM5,Vaccinium myrtillus,HL,"4,5"
MT87,87,Meu_trock,SM5,Hypnum cupressiforme Hedw. ssp. cupr. var. cupressiforme,ML,18
MT87,87,Meu_trock,SM5,Polytrichum formosum Hedw.,ML,"0,5"
MT87,87,Meu_trock,SM5,Betula pendula,SL,"4,5"
MT87,87,Meu_trock,SM5,Frangula alnus,SL,"4,5"
MT88,88,Meu_trock,SM6,Betula,HL,"0,1"
MT88,88,Meu_trock,SM6,Frangula alnus,HL,"4,5"
MT88,88,Meu_trock,SM6,Molinia caerulea caerulea,HL,18
MT88,88,Meu_trock,SM6,Vaccinium myrtillus,HL,"4,5"
MT88,88,Meu_trock,SM6,Hypnum cupressiforme Hedw. ssp. cupr. var. cupressiforme,ML,"4,5"
MT88,88,Meu_trock,SM6,Mnium hornum Hedw.,ML,"0,5"
MT88,88,Meu_trock,SM6,Pohlia nutans (Hedw.) Lindb.,ML,"0,5"
MT88,88,Meu_trock,SM6,Frangula alnus,SL,38
MT89,89,Meu_trock,SM7,Dryopteris carthusiana (spinulosa),HL,18
MT89,89,Meu_trock,SM7,Frangula alnus,HL,"0,5"
MT89,89,Meu_trock,SM7,Molinia caerulea caerulea,HL,18
MT89,89,Meu_trock,SM7,Vaccinium myrtillus,HL,18
MT89,89,Meu_trock,SM7,Hypnum cupressiforme Hedw. ssp. cupr. var. cupressiforme,ML,18
MT89,89,Meu_trock,SM7,Polytrichum formosum Hedw.,ML,"4,5"
MT89,89,Meu_trock,SM7,Frangula alnus,SL,18
MT90,90,Meu_trock,SM8,Betula,HL,"0,1"
MT90,90,Meu_trock,SM8,Dryopteris carthusiana (spinulosa),HL,"0,5"
MT90,90,Meu_trock,SM8,Frangula alnus,HL,"0,1"
MT90,90,Meu_trock,SM8,Molinia caerulea caerulea,HL,18
MT90,90,Meu_trock,SM8,Pinus sylvestris,HL,"0,1"
MT90,90,Meu_trock,SM8,Vaccinium myrtillus,HL,"0,1"
MT90,90,Meu_trock,SM8,Dicranum scoparium Hedw.,ML,"0,5"
MT90,90,Meu_trock,SM8,Hypnum cupressiforme Hedw. ssp. cupr. var. cupressiforme,ML,18
MT90,90,Meu_trock,SM8,Mnium hornum Hedw.,ML,"0,5"
MT90,90,Meu_trock,SM8,Pohlia nutans (Hedw.) Lindb.,ML,"0,5"
MT90,90,Meu_trock,SM8,Polytrichum formosum Hedw.,ML,"4,5"
MT91,91,Meu_trock,SM9,Frangula alnus,HL,"0,1"
MT91,91,Meu_trock,SM9,Molinia caerulea caerulea,HL,38
MT91,91,Meu_trock,SM9,Hypnum cupressiforme Hedw. ssp. cupr. var. cupressiforme,ML,"4,5"
MT91,91,Meu_trock,SM9,Polytrichum formosum Hedw.,ML,"0,5"
MT92,92,Meu_trock,SM10,Frangula alnus,HL,"0,5"
MT92,92,Meu_trock,SM10,Molinia caerulea caerulea,HL,63
MT92,92,Meu_trock,SM10,Hypnum cupressiforme Hedw. ssp. cupr. var. cupressiforme,ML,"0,1"
MT92,92,Meu_trock,SM10,Polytrichum formosum Hedw.,ML,"0,1"
MT92,92,Meu_trock,SM10,Frangula alnus,SL,"0,5"
MT93,93,Meu_trock,SM11,Frangula alnus,HL,"0,5"
MT93,93,Meu_trock,SM11,Molinia caerulea caerulea,HL,38
MT93,93,Meu_trock,SM11,Pteridium aquilinum,HL,18
MT93,93,Meu_trock,SM11,Hypnum cupressiforme Hedw. ssp. cupr. var. cupressiforme,ML,"0,5"
MT93,93,Meu_trock,SM11,Polytrichum formosum Hedw.,ML,18
MT93,93,Meu_trock,SM11,Frangula alnus,SL,"4,5"
MT94,94,Meu_trock,SM12,Dryopteris carthusiana (spinulosa),HL,"4,5"
MT94,94,Meu_trock,SM12,Frangula alnus,HL,"0,5"
MT94,94,Meu_trock,SM12,Molinia caerulea caerulea,HL,38
MT94,94,Meu_trock,SM12,Pinus sylvestris,HL,"0,1"
MT94,94,Meu_trock,SM12,Pteridium aquilinum,HL,"4,5"
MT94,94,Meu_trock,SM12,Dicranum flagellare Hedw.,ML,"0,5"
MT94,94,Meu_trock,SM12,Tetraphis pellucida Hedw.,ML,"0,5"
MT95,95,Meu_trock,SM13,Dryopteris carthusiana (spinulosa),HL,"4,5"
MT95,95,Meu_trock,SM13,Frangula alnus,HL,"4,5"
MT95,95,Meu_trock,SM13,Molinia caerulea caerulea,HL,38
MT95,95,Meu_trock,SM13,Pteridium aquilinum,HL,63
MT95,95,Meu_trock,SM13,Dicranum flagellare Hedw.,ML,"0,5"
MT95,95,Meu_trock,SM13,Polytrichum formosum Hedw.,ML,18
MT95,95,Meu_trock,SM13,Tetraphis pellucida Hedw.,ML,"0,5"
MT95,95,Meu_trock,SM13,Frangula alnus,SL,18
MT96,96,Meu_trock,SM14,Frangula alnus,HL,"0,5"
MT96,96,Meu_trock,SM14,Molinia caerulea caerulea,HL,18
MT96,96,Meu_trock,SM14,Pteridium aquilinum,HL,18
MT96,96,Meu_trock,SM14,Hypnum cupressiforme Hedw. ssp. cupr. var. cupressiforme,ML,"0,5"
MT96,96,Meu_trock,SM14,Polytrichum formosum Hedw.,ML,38
MT97,97,Meu_trock,SM15,Betula,HL,"0,5"
MT97,97,Meu_trock,SM15,Molinia caerulea caerulea,HL,38
MT97,97,Meu_trock,SM15,Pteridium aquilinum,HL,"4,5"
MT97,97,Meu_trock,SM15,Dicranum flagellare Hedw.,ML,"0,5"
MT97,97,Meu_trock,SM15,Hypnum cupressiforme Hedw. ssp. cupr. var. cupressiforme,ML,"0,5"
MT97,97,Meu_trock,SM15,Polytrichum formosum Hedw.,ML,38
MT98,98,Meu_trock,SM16,Betula,HL,"0,1"
MT98,98,Meu_trock,SM16,Molinia caerulea caerulea,HL,"4,5"
MT98,98,Meu_trock,SM16,Dicranodontium denudatum (Brid.) Britt. ex Williams var. denudatum,ML,"0,5"
MT98,98,Meu_trock,SM16,Dicranum flagellare Hedw.,ML,"0,5"
MT98,98,Meu_trock,SM16,Pohlia nutans (Hedw.) Lindb.,ML,"0,5"
MT98,98,Meu_trock,SM16,Polytrichum formosum Hedw.,ML,"4,5"
MT98,98,Meu_trock,SM16,Tetraphis pellucida Hedw.,ML,"0,5"
MT98,98,Meu_trock,SM16,Frangula alnus,SL,"4,5"
MT99,99,Meu_trock,SM17,Betula,HL,"0,1"
MT99,99,Meu_trock,SM17,Dryopteris carthusiana (spinulosa),HL,"4,5"
MT99,99,Meu_trock,SM17,Molinia caerulea caerulea,HL,"4,5"
MT99,99,Meu_trock,SM17,Pinus sylvestris,HL,"0,5"
MT99,99,Meu_trock,SM17,Campylopus flexuosus (Hedw.) Brid.,ML,"0,5"
MT99,99,Meu_trock,SM17,Dicranodontium denudatum (Brid.) Britt. ex Williams var. denudatum,ML,"0,5"
MT99,99,Meu_trock,SM17,Pohlia nutans (Hedw.) Lindb.,ML,"0,5"
MT99,99,Meu_trock,SM17,Polytrichum formosum Hedw.,ML,"4,5"
MT99,99,Meu_trock,SM17,Tetraphis pellucida Hedw.,ML,"0,5"
MT100,100,Meu_trock,SM18,Molinia caerulea caerulea,HL,"0,5"
MT100,100,Meu_trock,SM18,Pinus sylvestris,HL,"0,1"
MT100,100,Meu_trock,SM18,Vaccinium myrtillus,HL,"4,5"
MT100,100,Meu_trock,SM18,Dicranella cerviculata (Hedw.) Schimp.,ML,"0,5"
MT100,100,Meu_trock,SM18,Polytrichum formosum Hedw.,ML,"0,5"
MT100,100,Meu_trock,SM18,Tetraphis pellucida Hedw.,ML,"0,5"
MT101,101,Meu_trock,SM19,Dryopteris carthusiana (spinulosa),HL,"0,5"
MT101,101,Meu_trock,SM19,Molinia caerulea caerulea,HL,"4,5"
MT101,101,Meu_trock,SM19,Pinus sylvestris,HL,"0,1"
MT101,101,Meu_trock,SM19,Vaccinium myrtillus,HL,38
MT101,101,Meu_trock,SM19,Polytrichum formosum Hedw.,ML,38
MT102,102,Meu_trock,SM20,Dryopteris carthusiana (spinulosa),HL,"4,5"
MT102,102,Meu_trock,SM20,Molinia caerulea caerulea,HL,88
MT102,102,Meu_trock,SM20,Quercus robur,HL,"4,5"
MT102,102,Meu_trock,SM20,Hypnum cupressiforme Hedw. ssp. cupr. var. cupressiforme,ML,"0,1"
MT102,102,Meu_trock,SM20,Polytrichum formosum Hedw.,ML,"4,5"
MT103,103,Meu_trock,SM21,Betula,HL,"0,1"
MT103,103,Meu_trock,SM21,Dryopteris carthusiana (spinulosa),HL,"4,5"
MT103,103,Meu_trock,SM21,Frangula alnus,HL,"0,1"
MT103,103,Meu_trock,SM21,Molinia caerulea caerulea,HL,"4,5"
MT103,103,Meu_trock,SM21,Pinus sylvestris,HL,"0,1"
MT103,103,Meu_trock,SM21,Hypnum cupressiforme Hedw. ssp. cupr. var. cupressiforme,ML,"0,5"
MT103,103,Meu_trock,SM21,Polytrichum formosum Hedw.,ML,"4,5"
MT104,104,Meu_trock,SM22,Betula,HL,"0,1"
MT104,104,Meu_trock,SM22,Molinia caerulea caerulea,HL,"4,5"
MT104,104,Meu_trock,SM22,Vaccinium myrtillus,HL,"0,5"
MT104,104,Meu_trock,SM22,Hypnum cupressiforme Hedw. ssp. cupr. var. cupressiforme,ML,"0,5"
MT104,104,Meu_trock,SM22,Polytrichum formosum Hedw.,ML,"4,5"
MT105,105,Meu_trock,SM23,Molinia caerulea caerulea,HL,63
MT105,105,Meu_trock,SM23,Vaccinium myrtillus,HL,"0,1"
MT105,105,Meu_trock,SM23,Polytrichum formosum Hedw.,ML,"4,5"
MT106,106,Meu_trock,SM24,Betula,HL,"0,1"
MT106,106,Meu_trock,SM24,Frangula alnus,HL,"0,1"
MT106,106,Meu_trock,SM24,Molinia caerulea caerulea,HL,88
MT107,107,Meu_trock,SM25,Dryopteris carthusiana (spinulosa),HL,"0,5"
MT107,107,Meu_trock,SM25,Frangula alnus,HL,"4,5"
MT107,107,Meu_trock,SM25,Molinia caerulea caerulea,HL,88
MT107,107,Meu_trock,SM25,Vaccinium myrtillus,HL,18
MT107,107,Meu_trock,SM25,Polytrichum formosum Hedw.,ML,"0,1"
MT107,107,Meu_trock,SM25,Tetraphis pellucida Hedw.,ML,"0,1"
MT108,108,Meu_trock,SM26,Betula,HL,"0,5"
MT108,108,Meu_trock,SM26,Dryopteris carthusiana (spinulosa),HL,18
MT108,108,Meu_trock,SM26,Frangula alnus,HL,"4,5"
MT108,108,Meu_trock,SM26,Molinia caerulea caerulea,HL,38
MT108,108,Meu_trock,SM26,Vaccinium myrtillus,HL,"4,5"
MT108,108,Meu_trock,SM26,Hypnum cupressiforme Hedw. ssp. cupr. var. cupressiforme,ML,"4,5"
MT108,108,Meu_trock,SM26,Polytrichum formosum Hedw.,ML,"4,5"
MT108,108,Meu_trock,SM26,Tetraphis pellucida Hedw.,ML,"0,5"
MT108,108,Meu_trock,SM26,Frangula alnus,SL,18
MT109,109,Meu_trock,SM27,Betula,HL,"4,5"
MT109,109,Meu_trock,SM27,Dryopteris carthusiana (spinulosa),HL,"4,5"
MT109,109,Meu_trock,SM27,Frangula alnus,HL,"0,5"
MT109,109,Meu_trock,SM27,Molinia caerulea caerulea,HL,38
MT109,109,Meu_trock,SM27,Pinus sylvestris,HL,"0,5"
MT109,109,Meu_trock,SM27,Vaccinium myrtillus,HL,"4,5"
MT109,109,Meu_trock,SM27,Hypnum cupressiforme Hedw. ssp. cupr. var. cupressiforme,ML,"0,5"
MT109,109,Meu_trock,SM27,Polytrichum formosum Hedw.,ML,"0,5"
MT110,110,Meu_trock,SM28,Betula,HL,"4,5"
MT110,110,Meu_trock,SM28,Dryopteris carthusiana (spinulosa),HL,"4,5"
MT110,110,Meu_trock,SM28,Molinia caerulea caerulea,HL,38
MT110,110,Meu_trock,SM28,Pinus sylvestris,HL,"0,5"
MT110,110,Meu_trock,SM28,Campylopus flexuosus (Hedw.) Brid.,ML,"0,1"
MT110,110,Meu_trock,SM28,Polytrichum formosum Hedw.,ML,"4,5"
MT111,111,Meu_trock,SM29,Dryopteris carthusiana (spinulosa),HL,"4,5"
MT111,111,Meu_trock,SM29,Molinia caerulea caerulea,HL,38
MT111,111,Meu_trock,SM29,Pinus sylvestris,HL,"4,5"
MT111,111,Meu_trock,SM29,Polytrichum formosum Hedw.,ML,"4,5"
MN1,113,Meu_nass,OM1,Pinus sylvestris,TL,38
MN1,113,Meu_nass,OM1,Molinia caerulea caerulea,HL,38
MN1,113,Meu_nass,OM1,Vaccinium myrtillus,HL,18
MN1,113,Meu_nass,OM1,Dicranum scoparium Hedw.,ML,"0,5"
MN1,113,Meu_nass,OM1,Hypnum cupressiforme Hedw. ssp. cupr. var. cupressiforme,ML,38
MN1,113,Meu_nass,OM1,"Sphagnum fallax (Klinggr.) Klinggr. (mucronatum, recurvum)",ML,18
MN2,114,Meu_nass,OM2,Pinus sylvestris,TL,38
MN2,114,Meu_nass,OM2,Carex canescens canescens,HL,"0,5"
MN2,114,Meu_nass,OM2,Molinia caerulea caerulea,HL,38
MN2,114,Meu_nass,OM2,Hypnum cupressiforme Hedw. ssp. cupr. var. cupressiforme,ML,"4,5"
MN2,114,Meu_nass,OM2,Polytrichum formosum Hedw.,ML,"0,5"
MN2,114,Meu_nass,OM2,"Sphagnum fallax (Klinggr.) Klinggr. (mucronatum, recurvum)",ML,"4,5"
MN3,115,Meu_nass,OM3,Pinus sylvestris,TL,"4,5"
MN3,115,Meu_nass,OM3,Molinia caerulea caerulea,HL,38
MN3,115,Meu_nass,OM3,Campylopus flexuosus (Hedw.) Brid.,ML,"0,1"
MN3,115,Meu_nass,OM3,Hypnum cupressiforme Hedw. ssp. cupr. var. cupressiforme,ML,"4,5"
MN3,115,Meu_nass,OM3,"Sphagnum fallax (Klinggr.) Klinggr. (mucronatum, recurvum)",ML,"4,5"
MN3,115,Meu_nass,OM3,Tetraphis pellucida Hedw.,ML,"0,1"
MN4,116,Meu_nass,OM4,Molinia caerulea caerulea,HL,38
MN4,116,Meu_nass,OM4,Hypnum cupressiforme Hedw. ssp. cupr. var. cupressiforme,ML,"4,5"
MN5,117,Meu_nass,OM5,Molinia caerulea caerulea,HL,18
MN5,117,Meu_nass,OM5,Pinus sylvestris,HL,"0,1"
MN5,117,Meu_nass,OM5,Polytrichum formosum Hedw.,ML,"0,5"
MN5,117,Meu_nass,OM5,"Sphagnum fallax (Klinggr.) Klinggr. (mucronatum, recurvum)",ML,88
MN6,118,Meu_nass,OM6,Molinia caerulea caerulea,HL,18
MN6,118,Meu_nass,OM6,Dicranum scoparium Hedw.,ML,"0,1"
MN6,118,Meu_nass,OM6,Hypnum cupressiforme Hedw. ssp. cupr. var. cupressiforme,ML,"0,1"
MN6,118,Meu_nass,OM6,Polytrichum formosum Hedw.,ML,"0,1"
MN6,118,Meu_nass,OM6,"Sphagnum fallax (Klinggr.) Klinggr. (mucronatum, recurvum)",ML,88
MN7,119,Meu_nass,OM7,Molinia caerulea caerulea,HL,18
MN7,119,Meu_nass,OM7,"Sphagnum fallax (Klinggr.) Klinggr. (mucronatum, recurvum)",ML,88
MN8,120,Meu_nass,OM8,Carex rostrata (inflata),HL,"4,5"
MN8,120,Meu_nass,OM8,Molinia caerulea caerulea,HL,18
MN8,120,Meu_nass,OM8,Polytrichum formosum Hedw.,ML,"0,5"
MN8,120,Meu_nass,OM8,"Sphagnum fallax (Klinggr.) Klinggr. (mucronatum, recurvum)",ML,63
MN9,121,Meu_nass,OM9,Carex rostrata (inflata),HL,18
MN9,121,Meu_nass,OM9,Juncus effusus,HL,"4,5"
MN9,121,Meu_nass,OM9,Molinia caerulea caerulea,HL,"4,5"
MN9,121,Meu_nass,OM9,Sphagnum cuspidatum Ehrh. ex Hoffm. var. cuspidatum,ML,18
MN9,121,Meu_nass,OM9,"Sphagnum fallax (Klinggr.) Klinggr. (mucronatum, recurvum)",ML,63
MN10,122,Meu_nass,OM10,Betula,HL,"0,5"
MN10,122,Meu_nass,OM10,Carex rostrata (inflata),HL,"4,5"
MN10,122,Meu_nass,OM10,Molinia caerulea caerulea,HL,63
MN10,122,Meu_nass,OM10,Hypnum cupressiforme Hedw. ssp. cupr. var. cupressiforme,ML,"4,5"
MN10,122,Meu_nass,OM10,Sphagnum cuspidatum Ehrh. ex Hoffm. var. cuspidatum,ML,"4,5"
MN10,122,Meu_nass,OM10,"Sphagnum fallax (Klinggr.) Klinggr. (mucronatum, recurvum)",ML,38
MN11,123,Meu_nass,OM11,Carex rostrata (inflata),HL,"4,5"
MN11,123,Meu_nass,OM11,Juncus effusus,HL,"4,5"
MN11,123,Meu_nass,OM11,Molinia caerulea caerulea,HL,"4,5"
MN11,123,Meu_nass,OM11,Sphagnum cuspidatum Ehrh. ex Hoffm. var. cuspidatum,ML,38
MN11,123,Meu_nass,OM11,"Sphagnum fallax (Klinggr.) Klinggr. (mucronatum, recurvum)",ML,38
MN12,124,Meu_nass,OM12,Carex rostrata (inflata),HL,18
MN12,124,Meu_nass,OM12,Juncus effusus,HL,18
MN12,124,Meu_nass,OM12,Sphagnum cuspidatum Ehrh. ex Hoffm. var. cuspidatum,ML,63
MN12,124,Meu_nass,OM12,"Sphagnum fallax (Klinggr.) Klinggr. (mucronatum, recurvum)",ML,18
MN13,125,Meu_nass,OM13,Carex rostrata (inflata),HL,18
MN13,125,Meu_nass,OM13,Juncus effusus,HL,38
MN13,125,Meu_nass,OM13,Molinia caerulea caerulea,HL,"4,5"
MN13,125,Meu_nass,OM13,"Sphagnum fallax (Klinggr.) Klinggr. (mucronatum, recurvum)",ML,63
MN14,126,Meu_nass,OM14,Carex rostrata (inflata),HL,"4,5"
MN14,126,Meu_nass,OM14,Juncus effusus,HL,"0,5"
MN14,126,Meu_nass,OM14,Molinia caerulea caerulea,HL,18
MN14,126,Meu_nass,OM14,Sphagnum cuspidatum Ehrh. ex Hoffm. var. cuspidatum,ML,18
MN14,126,Meu_nass,OM14,"Sphagnum fallax (Klinggr.) Klinggr. (mucronatum, recurvum)",ML,63
MN15,127,Meu_nass,OM15,Carex rostrata (inflata),HL,"4,5"
MN15,127,Meu_nass,OM15,Molinia caerulea caerulea,HL,38
MN15,127,Meu_nass,OM15,Polytrichum formosum Hedw.,ML,"0,5"
MN15,127,Meu_nass,OM15,Sphagnum cuspidatum Ehrh. ex Hoffm. var. cuspidatum,ML,18
MN15,127,Meu_nass,OM15,"Sphagnum fallax (Klinggr.) Klinggr. (mucronatum, recurvum)",ML,38
MN16,128,Meu_nass,OM16,Carex rostrata (inflata),HL,"4,5"
MN16,128,Meu_nass,OM16,Molinia caerulea caerulea,HL,"0,5"
MN16,128,Meu_nass,OM16,"Sphagnum fallax (Klinggr.) Klinggr. (mucronatum, recurvum)",ML,88
MN17,129,Meu_nass,OM17,Carex rostrata (inflata),HL,"0,5"
MN17,129,Meu_nass,OM17,Juncus effusus,HL,18
MN17,129,Meu_nass,OM17,Molinia caerulea caerulea,HL,"4,5"
MN17,129,Meu_nass,OM17,"Sphagnum fallax (Klinggr.) Klinggr. (mucronatum, recurvum)",ML,63
MN18,130,Meu_nass,OM18,Molinia caerulea caerulea,HL,38
MN18,130,Meu_nass,OM18,Campylopus pyriformis (K. F. Schultz) Brid.,ML,"4,5"
MN18,130,Meu_nass,OM18,Hypnum cupressiforme Hedw. ssp. cupr. var. cupressiforme,ML,38
MN18,130,Meu_nass,OM18,Leucobryum glaucum (Hedw.) Aongstr. ex Fries,ML,"0,5"
MN18,130,Meu_nass,OM18,"Sphagnum fallax (Klinggr.) Klinggr. (mucronatum, recurvum)",ML,"4,5"
MN19,131,Meu_nass,OM19,Juncus effusus,HL,38
MN19,131,Meu_nass,OM19,Molinia caerulea caerulea,HL,"4,5"
MN19,131,Meu_nass,OM19,"Sphagnum fallax (Klinggr.) Klinggr. (mucronatum, recurvum)",ML,88
MN20,132,Meu_nass,OM20,Juncus effusus,HL,63
MN20,132,Meu_nass,OM20,"Sphagnum fallax (Klinggr.) Klinggr. (mucronatum, recurvum)",ML,63
MN21,133,Meu_nass,OM21,Carex rostrata (inflata),HL,"0,5"
MN21,133,Meu_nass,OM21,Juncus effusus,HL,"4,5"
MN21,133,Meu_nass,OM21,Sphagnum cuspidatum Ehrh. ex Hoffm. var. cuspidatum,ML,88
MN21,133,Meu_nass,OM21,"Sphagnum fallax (Klinggr.) Klinggr. (mucronatum, recurvum)",ML,"4,5"
MN22,134,Meu_nass,OM22,Carex rostrata (inflata),HL,"0,5"
MN22,134,Meu_nass,OM22,Juncus effusus,HL,18
MN22,134,Meu_nass,OM22,Sphagnum cuspidatum Ehrh. ex Hoffm. var. cuspidatum,ML,88
MN22,134,Meu_nass,OM22,"Sphagnum fallax (Klinggr.) Klinggr. (mucronatum, recurvum)",ML,"4,5"
MN23,135,Meu_nass,OM23,Carex rostrata (inflata),HL,"0,5"
MN23,135,Meu_nass,OM23,Juncus effusus,HL,38
MN23,135,Meu_nass,OM23,Sphagnum cuspidatum Ehrh. ex Hoffm. var. cuspidatum,ML,88
MN23,135,Meu_nass,OM23,"Sphagnum fallax (Klinggr.) Klinggr. (mucronatum, recurvum)",ML,"4,5"
MN24,136,Meu_nass,OM24,Carex rostrata (inflata),HL,"0,5"
MN24,136,Meu_nass,OM24,Juncus effusus,HL,38
MN24,136,Meu_nass,OM24,Sphagnum cuspidatum Ehrh. ex Hoffm. var. cuspidatum,ML,88
MN24,136,Meu_nass,OM24,"Sphagnum fallax (Klinggr.) Klinggr. (mucronatum, recurvum)",ML,"0,5"
MN25,137,Meu_nass,OM25,Carex rostrata (inflata),HL,18
MN25,137,Meu_nass,OM25,Juncus effusus,HL,38
MN25,137,Meu_nass,OM25,Sphagnum cuspidatum Ehrh. ex Hoffm. var. cuspidatum,ML,63
MN25,137,Meu_nass,OM25,"Sphagnum fallax (Klinggr.) Klinggr. (mucronatum, recurvum)",ML,18
MN26,138,Meu_nass,OM26,Carex rostrata (inflata),HL,38
MN26,138,Meu_nass,OM26,Juncus effusus,HL,"4,5"
MN26,138,Meu_nass,OM26,Sphagnum cuspidatum Ehrh. ex Hoffm. var. cuspidatum,ML,88
MN26,138,Meu_nass,OM26,"Sphagnum fallax (Klinggr.) Klinggr. (mucronatum, recurvum)",ML,"4,5"
MN27,139,Meu_nass,OM27,Carex rostrata (inflata),HL,38
MN27,139,Meu_nass,OM27,Juncus effusus,HL,38
MN27,139,Meu_nass,OM27,Sphagnum cuspidatum Ehrh. ex Hoffm. var. cuspidatum,ML,38
MN27,139,Meu_nass,OM27,"Sphagnum fallax (Klinggr.) Klinggr. (mucronatum, recurvum)",ML,38
MN28,140,Meu_nass,OM28,Carex rostrata (inflata),HL,18
MN28,140,Meu_nass,OM28,Juncus effusus,HL,"0,5"
MN28,140,Meu_nass,OM28,Molinia caerulea caerulea,HL,"0,5"
MN28,140,Meu_nass,OM28,Sphagnum cuspidatum Ehrh. ex Hoffm. var. cuspidatum,ML,63
MN29,141,Meu_nass,OM29,Carex rostrata (inflata),HL,18
MN29,141,Meu_nass,OM29,Juncus effusus,HL,18
MN29,141,Meu_nass,OM29,Sphagnum cuspidatum Ehrh. ex Hoffm. var. cuspidatum,ML,88
MN29,141,Meu_nass,OM29,"Sphagnum fallax (Klinggr.) Klinggr. (mucronatum, recurvum)",ML,"4,5"
MN30,142,Meu_nass,OM30,Carex canescens canescens,HL,"0,5"
MN30,142,Meu_nass,OM30,Carex rostrata (inflata),HL,38
MN30,142,Meu_nass,OM30,Juncus effusus,HL,"4,5"
MN30,142,Meu_nass,OM30,Sphagnum cuspidatum Ehrh. ex Hoffm. var. cuspidatum,ML,63
MN30,142,Meu_nass,OM30,"Sphagnum fallax (Klinggr.) Klinggr. (mucronatum, recurvum)",ML,"4,5"
MN31,143,Meu_nass,OM31,Carex canescens canescens,HL,"4,5"
MN31,143,Meu_nass,OM31,Carex rostrata (inflata),HL,38
MN31,143,Meu_nass,OM31,Juncus effusus,HL,"4,5"
MN31,143,Meu_nass,OM31,Sphagnum cuspidatum Ehrh. ex Hoffm. var. cuspidatum,ML,63
MN31,143,Meu_nass,OM31,"Sphagnum fallax (Klinggr.) Klinggr. (mucronatum, recurvum)",ML,"4,5"
MN32,144,Meu_nass,OM32,Carex rostrata (inflata),HL,18
MN32,144,Meu_nass,OM32,Juncus effusus,HL,18
MN32,144,Meu_nass,OM32,Sphagnum cuspidatum Ehrh. ex Hoffm. var. cuspidatum,ML,38
MN32,144,Meu_nass,OM32,"Sphagnum fallax (Klinggr.) Klinggr. (mucronatum, recurvum)",ML,18
MN33,145,Meu_nass,SM1,Pinus sylvestris,TL,88
MN33,145,Meu_nass,SM1,Pteridium aquilinum,HL,"4,5"
MN33,145,Meu_nass,SM1,Vaccinium myrtillus,HL,63
MN33,145,Meu_nass,SM1,Hypnum cupressiforme Hedw. ssp. cupr. var. cupressiforme,ML,"4,5"
MN34,146,Meu_nass,SM2,Pinus sylvestris,TL,63
MN34,146,Meu_nass,SM2,Pteridium aquilinum,HL,"4,5"
MN34,146,Meu_nass,SM2,Vaccinium myrtillus,HL,38
MN34,146,Meu_nass,SM2,Hypnum cupressiforme Hedw. ssp. cupr. var. cupressiforme,ML,"4,5"
MN34,146,Meu_nass,SM2,Sphagnum russowii Warnst. (robustum),ML,18
MN35,147,Meu_nass,SM3,Pinus sylvestris,TL,"4,5"
MN35,147,Meu_nass,SM3,Molinia caerulea caerulea,HL,"4,5"
MN35,147,Meu_nass,SM3,Vaccinium myrtillus,HL,63
MN35,147,Meu_nass,SM3,Hypnum cupressiforme Hedw. ssp. cupr. var. cupressiforme,ML,"0,5"
MN35,147,Meu_nass,SM3,Sphagnum russowii Warnst. (robustum),ML,38
MN36,148,Meu_nass,SM4,Molinia caerulea caerulea,HL,18
MN36,148,Meu_nass,SM4,Vaccinium myrtillus,HL,88
MN36,148,Meu_nass,SM4,Hypnum cupressiforme Hedw. ssp. cupr. var. cupressiforme,ML,"0,5"
MN36,148,Meu_nass,SM4,Sphagnum russowii Warnst. (robustum),ML,"4,5"
MN37,149,Meu_nass,SM5,Molinia caerulea caerulea,HL,38
MN37,149,Meu_nass,SM5,Vaccinium myrtillus,HL,"4,5"
MN37,149,Meu_nass,SM5,Hypnum cupressiforme Hedw. ssp. cupr. var. cupressiforme,ML,"4,5"
MN37,149,Meu_nass,SM5,"Sphagnum fallax (Klinggr.) Klinggr. (mucronatum, recurvum)",ML,18
MN38,150,Meu_nass,SM6,Carex canescens canescens,HL,"4,5"
MN38,150,Meu_nass,SM6,Molinia caerulea caerulea,HL,"4,5"
MN38,150,Meu_nass,SM6,Vaccinium myrtillus,HL,18
MN38,150,Meu_nass,SM6,Hypnum cupressiforme Hedw. ssp. cupr. var. cupressiforme,ML,"4,5"
MN38,150,Meu_nass,SM6,"Sphagnum fallax (Klinggr.) Klinggr. (mucronatum, recurvum)",ML,63
MN39,151,Meu_nass,SM7,Vaccinium myrtillus,HL,88
MN39,151,Meu_nass,SM7,Hypnum cupressiforme Hedw. ssp. cupr. var. cupressiforme,ML,"4,5"
MN39,151,Meu_nass,SM7,Leucobryum glaucum (Hedw.) Aongstr. ex Fries,ML,"0,5"
MN40,152,Meu_nass,SM8,Molinia caerulea caerulea,HL,"4,5"
MN40,152,Meu_nass,SM8,Vaccinium myrtillus,HL,38
MN40,152,Meu_nass,SM8,Dicranum flagellare Hedw.,ML,"0,1"
MN40,152,Meu_nass,SM8,Hypnum cupressiforme Hedw. ssp. cupr. var. cupressiforme,ML,18
MN40,152,Meu_nass,SM8,"Sphagnum fallax (Klinggr.) Klinggr. (mucronatum, recurvum)",ML,"4,5"
MN40,152,Meu_nass,SM8,Sphagnum russowii Warnst. (robustum),ML,"0,5"
MN40,152,Meu_nass,SM8,Tetraphis pellucida Hedw.,ML,"0,1"
MN41,153,Meu_nass,SM9,Juncus effusus,HL,"0,1"
MN41,153,Meu_nass,SM9,Molinia caerulea caerulea,HL,"4,5"
MN41,153,Meu_nass,SM9,Vaccinium myrtillus,HL,"0,1"
MN41,153,Meu_nass,SM9,Sphagnum cuspidatum Ehrh. ex Hoffm. var. cuspidatum,ML,18
MN41,153,Meu_nass,SM9,"Sphagnum fallax (Klinggr.) Klinggr. (mucronatum, recurvum)",ML,18
MN42,154,Meu_nass,SM10,Juncus effusus,HL,38
MN42,154,Meu_nass,SM10,Molinia caerulea caerulea,HL,"4,5"
MN42,154,Meu_nass,SM10,Pinus sylvestris,HL,"0,1"
MN42,154,Meu_nass,SM10,Hypnum cupressiforme Hedw. ssp. cupr. var. cupressiforme,ML,"0,5"
MN42,154,Meu_nass,SM10,Polytrichum formosum Hedw.,ML,"0,1"
MN42,154,Meu_nass,SM10,Sphagnum cuspidatum Ehrh. ex Hoffm. var. cuspidatum,ML,18
MN42,154,Meu_nass,SM10,"Sphagnum fallax (Klinggr.) Klinggr. (mucronatum, recurvum)",ML,18
MN43,155,Meu_nass,SM11,Carex canescens canescens,HL,"0,5"
MN43,155,Meu_nass,SM11,Juncus effusus,HL,18
MN43,155,Meu_nass,SM11,Molinia caerulea caerulea,HL,"4,5"
MN43,155,Meu_nass,SM11,Pinus sylvestris,HL,"0,5"
MN43,155,Meu_nass,SM11,Sphagnum cuspidatum Ehrh. ex Hoffm. var. cuspidatum,ML,38
MN43,155,Meu_nass,SM11,"Sphagnum fallax (Klinggr.) Klinggr. (mucronatum, recurvum)",ML,38
MN44,156,Meu_nass,SM12,Digitalis purpurea,HL,"0,5"
MN44,156,Meu_nass,SM12,Juncus effusus,HL,38
MN44,156,Meu_nass,SM12,Sphagnum cuspidatum Ehrh. ex Hoffm. var. cuspidatum,ML,38
MN44,156,Meu_nass,SM12,"Sphagnum fallax (Klinggr.) Klinggr. (mucronatum, recurvum)",ML,38
MN45,157,Meu_nass,SM13,Carex canescens canescens,HL,"4,5"
MN45,157,Meu_nass,SM13,Juncus effusus,HL,38
MN45,157,Meu_nass,SM13,Molinia caerulea caerulea,HL,"4,5"
MN45,157,Meu_nass,SM13,Pinus sylvestris,HL,"0,1"
MN45,157,Meu_nass,SM13,Sphagnum cuspidatum Ehrh. ex Hoffm. var. cuspidatum,ML,38
MN45,157,Meu_nass,SM13,"Sphagnum fallax (Klinggr.) Klinggr. (mucronatum, recurvum)",ML,38
MN46,158,Meu_nass,SM14,Carex canescens canescens,HL,"4,5"
MN46,158,Meu_nass,SM14,Carex rostrata (inflata),HL,"4,5"
MN46,158,Meu_nass,SM14,Juncus effusus,HL,38
MN46,158,Meu_nass,SM14,Sphagnum cuspidatum Ehrh. ex Hoffm. var. cuspidatum,ML,38
MN46,158,Meu_nass,SM14,"Sphagnum fallax (Klinggr.) Klinggr. (mucronatum, recurvum)",ML,18
MN47,159,Meu_nass,SM15,Carex rostrata (inflata),HL,"4,5"
MN47,159,Meu_nass,SM15,Juncus effusus,HL,18
MN47,159,Meu_nass,SM15,Hypnum cupressiforme Hedw. ssp. cupr. var. cupressiforme,ML,"0,5"
MN47,159,Meu_nass,SM15,Sphagnum cuspidatum Ehrh. ex Hoffm. var. cuspidatum,ML,"4,5"
MN47,159,Meu_nass,SM15,"Sphagnum fallax (Klinggr.) Klinggr. (mucronatum, recurvum)",ML,63
MN48,160,Meu_nass,SM16,Carex rostrata (inflata),HL,"0,5"
MN48,160,Meu_nass,SM16,Juncus effusus,HL,38
MN48,160,Meu_nass,SM16,Sphagnum cuspidatum Ehrh. ex Hoffm. var. cuspidatum,ML,63
MN48,160,Meu_nass,SM16,"Sphagnum fallax (Klinggr.) Klinggr. (mucronatum, recurvum)",ML,63
MN49,161,Meu_nass,SM17,Sphagnum cuspidatum Ehrh. ex Hoffm. var. cuspidatum,ML,63
MN49,161,Meu_nass,SM17,"Sphagnum fallax (Klinggr.) Klinggr. (mucronatum, recurvum)",ML,63
MN50,162,Meu_nass,SM18,Carex rostrata (inflata),HL,"4,5"
MN50,162,Meu_nass,SM18,Juncus effusus,HL,18
MN50,162,Meu_nass,SM18,Sphagnum cuspidatum Ehrh. ex Hoffm. var. cuspidatum,ML,63
MN50,162,Meu_nass,SM18,"Sphagnum fallax (Klinggr.) Klinggr. (mucronatum, recurvum)",ML,38
MN51,163,Meu_nass,SM19,Carex rostrata (inflata),HL,"4,5"
MN51,163,Meu_nass,SM19,Juncus effusus,HL,38
MN51,163,Meu_nass,SM19,Sphagnum cuspidatum Ehrh. ex Hoffm. var. cuspidatum,ML,38
MN51,163,Meu_nass,SM19,"Sphagnum fallax (Klinggr.) Klinggr. (mucronatum, recurvum)",ML,38
MN52,164,Meu_nass,SM20,Carex rostrata (inflata),HL,"4,5"
MN52,164,Meu_nass,SM20,Juncus effusus,HL,38
MN52,164,Meu_nass,SM20,Sphagnum cuspidatum Ehrh. ex Hoffm. var. cuspidatum,ML,38
MN52,164,Meu_nass,SM20,"Sphagnum fallax (Klinggr.) Klinggr. (mucronatum, recurvum)",ML,63
MN53,165,Meu_nass,SM21,Carex rostrata (inflata),HL,"4,5"
MN53,165,Meu_nass,SM21,Juncus effusus,HL,38
MN53,165,Meu_nass,SM21,Sphagnum cuspidatum Ehrh. ex Hoffm. var. cuspidatum,ML,18
MN53,165,Meu_nass,SM21,"Sphagnum fallax (Klinggr.) Klinggr. (mucronatum, recurvum)",ML,63
MN54,166,Meu_nass,SM22,Carex rostrata (inflata),HL,18
MN54,166,Meu_nass,SM22,Juncus effusus,HL,18
MN54,166,Meu_nass,SM22,Sphagnum cuspidatum Ehrh. ex Hoffm. var. cuspidatum,ML,38
MN54,166,Meu_nass,SM22,"Sphagnum fallax (Klinggr.) Klinggr. (mucronatum, recurvum)",ML,38
MN55,167,Meu_nass,SM23,Carex rostrata (inflata),HL,38
MN55,167,Meu_nass,SM23,Juncus effusus,HL,38
MN55,167,Meu_nass,SM23,Sphagnum cuspidatum Ehrh. ex Hoffm. var. cuspidatum,ML,18
MN55,167,Meu_nass,SM23,"Sphagnum fallax (Klinggr.) Klinggr. (mucronatum, recurvum)",ML,63
MN56,168,Meu_nass,NM1,Pinus sylvestris,TL,38
MN56,168,Meu_nass,NM1,Molinia caerulea caerulea,HL,"4,5"
MN56,168,Meu_nass,NM1,Pinus sylvestris,HL,"0,1"
MN56,168,Meu_nass,NM1,Campylopus pyriformis (K. F. Schultz) Brid.,ML,"0,5"
MN56,168,Meu_nass,NM1,Hypnum cupressiforme Hedw. ssp. cupr. var. cupressiforme,ML,"0,5"
MN56,168,Meu_nass,NM1,Hypnum jutlandicum Holmen & Warncke (ericetorum),ML,"0,5"
MN57,169,Meu_nass,NM2,Pinus sylvestris,TL,18
MN57,169,Meu_nass,NM2,Molinia caerulea caerulea,HL,38
MN57,169,Meu_nass,NM2,Campylopus pyriformis (K. F. Schultz) Brid.,ML,"0,5"
MN58,170,Meu_nass,NM3,Pinus sylvestris,TL,88
MN58,170,Meu_nass,NM3,Juncus effusus,HL,"4,5"
MN58,170,Meu_nass,NM3,Molinia caerulea caerulea,HL,38
MN58,170,Meu_nass,NM3,Sphagnum cuspidatum Ehrh. ex Hoffm. var. cuspidatum,ML,18
MN59,171,Meu_nass,NM4,Pinus sylvestris,TL,88
MN59,171,Meu_nass,NM4,Juncus effusus,HL,63
MN59,171,Meu_nass,NM4,Molinia caerulea caerulea,HL,"4,5"
MN59,171,Meu_nass,NM4,Sphagnum cuspidatum Ehrh. ex Hoffm. var. cuspidatum,ML,38
MN60,172,Meu_nass,NM5,Pinus sylvestris,TL,88
MN60,172,Meu_nass,NM5,Carex canescens canescens,HL,"4,5"
MN60,172,Meu_nass,NM5,Carex rostrata (inflata),HL,"4,5"
MN60,172,Meu_nass,NM5,Juncus effusus,HL,18
MN60,172,Meu_nass,NM5,Sphagnum cuspidatum Ehrh. ex Hoffm. var. cuspidatum,ML,38
MN61,173,Meu_nass,NM6,Pinus sylvestris,TL,38
MN61,173,Meu_nass,NM6,Carex rostrata (inflata),HL,"4,5"
MN61,173,Meu_nass,NM6,Juncus effusus,HL,"4,5"
MN61,173,Meu_nass,NM6,Sphagnum cuspidatum Ehrh. ex Hoffm. var. cuspidatum,ML,"4,5"
MN62,174,Meu_nass,NM7,Betula,HL,"0,5"
MN62,174,Meu_nass,NM7,Carex rostrata (inflata),HL,18
MN62,174,Meu_nass,NM7,Dicranum scoparium Hedw.,ML,"0,1"
MN62,174,Meu_nass,NM7,Sphagnum cuspidatum Ehrh. ex Hoffm. var. cuspidatum,ML,"0,1"
MN63,175,Meu_nass,NM8,Carex rostrata (inflata),HL,"4,5"
MN63,175,Meu_nass,NM8,Juncus effusus,HL,18
MN63,175,Meu_nass,NM8,Sphagnum cuspidatum Ehrh. ex Hoffm. var. cuspidatum,ML,38
MN64,176,Meu_nass,NM9,Carex canescens canescens,HL,"0,5"
MN64,176,Meu_nass,NM9,Carex rostrata (inflata),HL,"4,5"
MN64,176,Meu_nass,NM9,Juncus effusus,HL,"4,5"
MN64,176,Meu_nass,NM9,Molinia caerulea caerulea,HL,38
MN64,176,Meu_nass,NM9,Campylopus pyriformis (K. F. Schultz) Brid.,ML,"0,5"
MN64,176,Meu_nass,NM9,Sphagnum cuspidatum Ehrh. ex Hoffm. var. cuspidatum,ML,63
MN65,177,Meu_nass,NM10,Carex rostrata (inflata),HL,"4,5"
MN65,177,Meu_nass,NM10,Juncus effusus,HL,"4,5"
MN65,177,Meu_nass,NM10,Sphagnum cuspidatum Ehrh. ex Hoffm. var. cuspidatum,ML,88
MN66,178,Meu_nass,NM11,Betula,HL,"0,5"
MN66,178,Meu_nass,NM11,Carex canescens canescens,HL,"0,5"
MN66,178,Meu_nass,NM11,Carex rostrata (inflata),HL,"4,5"
MN66,178,Meu_nass,NM11,Dryopteris carthusiana (spinulosa),HL,"0,1"
MN66,178,Meu_nass,NM11,Molinia caerulea caerulea,HL,38
MN66,178,Meu_nass,NM11,Pinus sylvestris,HL,"0,5"
MN66,178,Meu_nass,NM11,Campylopus pyriformis (K. F. Schultz) Brid.,ML,"4,5"
MN66,178,Meu_nass,NM11,Cephalozia connivens (Dicks.) Lindb.,ML,"0,1"
MN66,178,Meu_nass,NM11,Hypnum cupressiforme Hedw. ssp. cupr. var. cupressiforme,ML,"0,1"
MN66,178,Meu_nass,NM11,Polytrichum formosum Hedw.,ML,"0,1"
MN66,178,Meu_nass,NM11,Sphagnum cuspidatum Ehrh. ex Hoffm. var. cuspidatum,ML,38
MN66,178,Meu_nass,NM11,Tetraphis pellucida Hedw.,ML,"0,1"
MN67,179,Meu_nass,NM12,Betula,HL,"4,5"
MN67,179,Meu_nass,NM12,Molinia caerulea caerulea,HL,38
MN67,179,Meu_nass,NM12,Campylopus pyriformis (K. F. Schultz) Brid.,ML,38
MN67,179,Meu_nass,NM12,Hypnum cupressiforme Hedw. ssp. cupr. var. cupressiforme,ML,"0,5"
MN67,179,Meu_nass,NM12,Pohlia nutans (Hedw.) Lindb.,ML,"0,1"
MN67,179,Meu_nass,NM12,Sphagnum cuspidatum Ehrh. ex Hoffm. var. cuspidatum,ML,18
MN68,180,Meu_nass,NM13,Carex rostrata (inflata),HL,38
MN68,180,Meu_nass,NM13,Juncus effusus,HL,"4,5"
MN68,180,Meu_nass,NM13,Campylopus pyriformis (K. F. Schultz) Brid.,ML,18
MN68,180,Meu_nass,NM13,Pohlia nutans (Hedw.) Lindb.,ML,"0,1"
MN68,180,Meu_nass,NM13,Sphagnum cuspidatum Ehrh. ex Hoffm. var. cuspidatum,ML,38
MN69,181,Meu_nass,NM14,Carex rostrata (inflata),HL,18
MN69,181,Meu_nass,NM14,Sphagnum cuspidatum Ehrh. ex Hoffm. var. cuspidatum,ML,38
MN70,182,Meu_nass,NM15,Carex rostrata (inflata),HL,18
MN70,182,Meu_nass,NM15,Sphagnum cuspidatum Ehrh. ex Hoffm. var. cuspidatum,ML,88
MN71,183,Meu_nass,NM16,Carex rostrata (inflata),HL,38
MN71,183,Meu_nass,NM16,Sphagnum cuspidatum Ehrh. ex Hoffm. var. cuspidatum,ML,63
MN72,184,Meu_nass,NM17,Carex rostrata (inflata),HL,38
MN72,184,Meu_nass,NM17,Sphagnum cuspidatum Ehrh. ex Hoffm. var. cuspidatum,ML,38
MN73,185,Meu_nass,NM18,Carex rostrata (inflata),HL,38
MN73,185,Meu_nass,NM18,Sphagnum cuspidatum Ehrh. ex Hoffm. var. cuspidatum,ML,63
MN74,186,Meu_nass,NM19,Carex rostrata (inflata),HL,38
MN74,186,Meu_nass,NM19,Sphagnum cuspidatum Ehrh. ex Hoffm. var. cuspidatum,ML,63
MN75,187,Meu_nass,NM20,Carex rostrata (inflata),HL,38
MN75,187,Meu_nass,NM20,Sphagnum cuspidatum Ehrh. ex Hoffm. var. cuspidatum,ML,63
MN76,188,Meu_nass,NM21,Carex rostrata (inflata),HL,63
MN76,188,Meu_nass,NM21,Sphagnum cuspidatum Ehrh. ex Hoffm. var. cuspidatum,ML,38
MN77,189,Meu_nass,NM22,Carex rostrata (inflata),HL,18
MN77,189,Meu_nass,NM22,Juncus effusus,HL,"4,5"
MN77,189,Meu_nass,NM22,Sphagnum cuspidatum Ehrh. ex Hoffm. var. cuspidatum,ML,88
MN110,190,Meu_nass,WM1,Pinus sylvestris,TL,88
MN110,190,Meu_nass,WM1,Pinus sylvestris,HL,"0,5"
MN110,190,Meu_nass,WM1,Vaccinium myrtillus,HL,38
MN110,190,Meu_nass,WM1,Dicranum scoparium Hedw.,ML,"0,1"
MN110,190,Meu_nass,WM1,Hypnum cupressiforme Hedw. ssp. cupr. var. cupressiforme,ML,"4,5"
MN110,190,Meu_nass,WM1,Polytrichum formosum Hedw.,ML,"0,1"
MN110,190,Meu_nass,WM1,Pinus sylvestris,SL,"4,5"
MN111,191,Meu_nass,WM2,Pinus sylvestris,TL,63
MN111,191,Meu_nass,WM2,Molinia caerulea caerulea,HL,"4,5"
MN111,191,Meu_nass,WM2,Pinus sylvestris,HL,"0,5"
MN111,191,Meu_nass,WM2,Vaccinium myrtillus,HL,38
MN111,191,Meu_nass,WM2,Hypnum cupressiforme Hedw. ssp. cupr. var. cupressiforme,ML,"4,5"
MN111,191,Meu_nass,WM2,Polytrichum formosum Hedw.,ML,"4,5"
MN111,191,Meu_nass,WM2,Betula pendula,SL,"4,5"
MN111,191,Meu_nass,WM2,Pinus sylvestris,SL,18
MN112,192,Meu_nass,WM3,Pinus sylvestris,TL,38
MN112,192,Meu_nass,WM3,Molinia caerulea caerulea,HL,38
MN112,192,Meu_nass,WM3,Pinus sylvestris,HL,"0,5"
MN112,192,Meu_nass,WM3,Vaccinium myrtillus,HL,"4,5"
MN112,192,Meu_nass,WM3,Hypnum cupressiforme Hedw. ssp. cupr. var. cupressiforme,ML,"4,5"
MN112,192,Meu_nass,WM3,Polytrichum formosum Hedw.,ML,"0,5"
MN113,193,Meu_nass,WM4,Pinus sylvestris,TL,"4,5"
MN113,193,Meu_nass,WM4,Molinia caerulea caerulea,HL,38
MN113,193,Meu_nass,WM4,Quercus robur,HL,"4,5"
MN113,193,Meu_nass,WM4,Hypnum cupressiforme Hedw. ssp. cupr. var. cupressiforme,ML,"0,5"
MN114,194,Meu_nass,WM5,Pinus sylvestris,TL,"4,5"
MN114,194,Meu_nass,WM5,Molinia caerulea caerulea,HL,88
MN114,194,Meu_nass,WM5,Hypnum cupressiforme Hedw. ssp. cupr. var. cupressiforme,ML,"4,5"
MN115,195,Meu_nass,WM6,Pinus sylvestris,TL,"4,5"
MN115,195,Meu_nass,WM6,Molinia caerulea caerulea,HL,88
MN115,195,Meu_nass,WM6,Hypnum cupressiforme Hedw. ssp. cupr. var. cupressiforme,ML,"4,5"
MN116,196,Meu_nass,WM7,Molinia caerulea caerulea,HL,88
MN116,196,Meu_nass,WM7,Hypnum cupressiforme Hedw. ssp. cupr. var. cupressiforme,ML,"4,5"
MN117,197,Meu_nass,WM8,Juncus effusus,HL,"4,5"
MN117,197,Meu_nass,WM8,Molinia caerulea caerulea,HL,38
MN117,197,Meu_nass,WM8,Pinus sylvestris,HL,"0,1"
MN117,197,Meu_nass,WM8,Dicranum scoparium Hedw.,ML,"0,1"
MN117,197,Meu_nass,WM8,Hypnum cupressiforme Hedw. ssp. cupr. var. cupressiforme,ML,"4,5"
MN117,197,Meu_nass,WM8,"Sphagnum fallax (Klinggr.) Klinggr. (mucronatum, recurvum)",ML,38
MN118,198,Meu_nass,WM9,Carex canescens canescens,HL,"4,5"
MN118,198,Meu_nass,WM9,Juncus effusus,HL,"0,5"
MN118,198,Meu_nass,WM9,Molinia caerulea caerulea,HL,18
MN118,198,Meu_nass,WM9,Pinus sylvestris,HL,"0,1"
MN118,198,Meu_nass,WM9,Sphagnum cuspidatum Ehrh. ex Hoffm. var. cuspidatum,ML,"4,5"
MN118,198,Meu_nass,WM9,"Sphagnum fallax (Klinggr.) Klinggr. (mucronatum, recurvum)",ML,63
MN119,199,Meu_nass,WM10,Carex echinata (stellulata),HL,"0,5"
MN119,199,Meu_nass,WM10,Juncus effusus,HL,"4,5"
MN119,199,Meu_nass,WM10,Molinia caerulea caerulea,HL,38
MN119,199,Meu_nass,WM10,"Sphagnum fallax (Klinggr.) Klinggr. (mucronatum, recurvum)",ML,63
MN119,199,Meu_nass,WM10,Betula pendula,SL,"0,5"
MN120,200,Meu_nass,WM11,Carex canescens canescens,HL,"0,1"
MN120,200,Meu_nass,WM11,Juncus effusus,HL,"4,5"
MN120,200,Meu_nass,WM11,Molinia caerulea caerulea,HL,18
MN120,200,Meu_nass,WM11,Dicranum scoparium Hedw.,ML,"0,1"
MN120,200,Meu_nass,WM11,Hypnum cupressiforme Hedw. ssp. cupr. var. cupressiforme,ML,"0,5"
MN120,200,Meu_nass,WM11,Sphagnum cuspidatum Ehrh. ex Hoffm. var. cuspidatum,ML,18
MN121,201,Meu_nass,WM12,Carex canescens canescens,HL,"4,5"
MN121,201,Meu_nass,WM12,Juncus effusus,HL,"4,5"
MN121,201,Meu_nass,WM12,Molinia caerulea caerulea,HL,38
MN121,201,Meu_nass,WM12,Dicranum scoparium Hedw.,ML,"0,1"
MN121,201,Meu_nass,WM12,Hypnum cupressiforme Hedw. ssp. cupr. var. cupressiforme,ML,"0,5"
MN121,201,Meu_nass,WM12,Sphagnum cuspidatum Ehrh. ex Hoffm. var. cuspidatum,ML,38
MN122,202,Meu_nass,WM13,Carex rostrata (inflata),HL,"0,5"
MN122,202,Meu_nass,WM13,Juncus effusus,HL,18
MN122,202,Meu_nass,WM13,Molinia caerulea caerulea,HL,"4,5"
MN122,202,Meu_nass,WM13,Sphagnum cuspidatum Ehrh. ex Hoffm. var. cuspidatum,ML,38
MN122,202,Meu_nass,WM13,"Sphagnum fallax (Klinggr.) Klinggr. (mucronatum, recurvum)",ML,"4,5"
MN123,203,Meu_nass,WM14,Carex rostrata (inflata),HL,"4,5"
MN123,203,Meu_nass,WM14,Juncus effusus,HL,18
MN123,203,Meu_nass,WM14,Hypnum cupressiforme Hedw. ssp. cupr. var. cupressiforme,ML,"0,5"
MN123,203,Meu_nass,WM14,"Sphagnum fallax (Klinggr.) Klinggr. (mucronatum, recurvum)",ML,38
MN124,204,Meu_nass,WM15,Betula,HL,"0,5"
MN124,204,Meu_nass,WM15,Carex echinata (stellulata),HL,"0,1"
MN124,204,Meu_nass,WM15,Carex rostrata (inflata),HL,18
MN124,204,Meu_nass,WM15,Juncus effusus,HL,38
MN124,204,Meu_nass,WM15,Dicranum scoparium Hedw.,ML,"0,5"
MN124,204,Meu_nass,WM15,Hypnum cupressiforme Hedw. ssp. cupr. var. cupressiforme,ML,"4,5"
MN124,204,Meu_nass,WM15,Sphagnum cuspidatum Ehrh. ex Hoffm. var. cuspidatum,ML,"4,5"
MN124,204,Meu_nass,WM15,Tetraphis pellucida Hedw.,ML,"4,5"
MN125,205,Meu_nass,WM16,Carex rostrata (inflata),HL,18
MN125,205,Meu_nass,WM16,Juncus effusus,HL,18
MN125,205,Meu_nass,WM16,Dicranum scoparium Hedw.,ML,"0,5"
MN125,205,Meu_nass,WM16,"Sphagnum fallax (Klinggr.) Klinggr. (mucronatum, recurvum)",ML,"4,5"
MN126,206,Meu_nass,WM17,Carex rostrata (inflata),HL,38
MN126,206,Meu_nass,WM17,Juncus effusus,HL,18
MN126,206,Meu_nass,WM17,"Sphagnum fallax (Klinggr.) Klinggr. (mucronatum, recurvum)",ML,38
MN127,207,Meu_nass,WM18,Carex rostrata (inflata),HL,63
MN127,207,Meu_nass,WM18,Juncus effusus,HL,"4,5"
MN127,207,Meu_nass,WM18,"Sphagnum fallax (Klinggr.) Klinggr. (mucronatum, recurvum)",ML,38
MN128,208,Meu_nass,WM19,Carex rostrata (inflata),HL,18
MN128,208,Meu_nass,WM19,Juncus effusus,HL,18
MN128,208,Meu_nass,WM19,Sphagnum cuspidatum Ehrh. ex Hoffm. var. cuspidatum,ML,88
MN129,209,Meu_nass,WM20,Carex rostrata (inflata),HL,38
MN129,209,Meu_nass,WM20,Juncus effusus,HL,18
MN129,209,Meu_nass,WM20,Sphagnum cuspidatum Ehrh. ex Hoffm. var. cuspidatum,ML,63
MN130,210,Meu_nass,WM21,Carex rostrata (inflata),HL,38
MN130,210,Meu_nass,WM21,Juncus effusus,HL,"4,5"
MN130,210,Meu_nass,WM21,Sphagnum cuspidatum Ehrh. ex Hoffm. var. cuspidatum,ML,88
MN131,211,Meu_nass,WM22,Carex rostrata (inflata),HL,38
MN131,211,Meu_nass,WM22,Juncus effusus,HL,"0,5"
MN131,211,Meu_nass,WM22,Sphagnum cuspidatum Ehrh. ex Hoffm. var. cuspidatum,ML,88
MN132,212,Meu_nass,WM23,Carex rostrata (inflata),HL,18
MN132,212,Meu_nass,WM23,Juncus effusus,HL,"0,5"
MN132,212,Meu_nass,WM23,Sphagnum cuspidatum Ehrh. ex Hoffm. var. cuspidatum,ML,88
MN133,213,Meu_nass,WM24,Carex rostrata (inflata),HL,18
MN133,213,Meu_nass,WM24,Sphagnum cuspidatum Ehrh. ex Hoffm. var. cuspidatum,ML,88
MN134,214,Meu_nass,WM25,Sphagnum cuspidatum Ehrh. ex Hoffm. var. cuspidatum,ML,88
MN135,215,Meu_nass,WM26,Carex rostrata (inflata),HL,18
MN135,215,Meu_nass,WM26,Juncus effusus,HL,18
MN135,215,Meu_nass,WM26,Sphagnum cuspidatum Ehrh. ex Hoffm. var. cuspidatum,ML,88
MN136,216,Meu_nass,WM27,Carex rostrata (inflata),HL,"4,5"
MN136,216,Meu_nass,WM27,Sphagnum cuspidatum Ehrh. ex Hoffm. var. cuspidatum,ML,88
MN137,217,Meu_nass,WM28,Carex rostrata (inflata),HL,"4,5"
MN137,217,Meu_nass,WM28,Sphagnum cuspidatum Ehrh. ex Hoffm. var. cuspidatum,ML,88
MN138,218,Meu_nass,WM29,Carex rostrata (inflata),HL,18
MN138,218,Meu_nass,WM29,Sphagnum cuspidatum Ehrh. ex Hoffm. var. cuspidatum,ML,88
MN139,219,Meu_nass,WM30,Carex rostrata (inflata),HL,"4,5"
MN139,219,Meu_nass,WM30,Sphagnum cuspidatum Ehrh. ex Hoffm. var. cuspidatum,ML,88
MN140,220,Meu_nass,WM31,Carex rostrata (inflata),HL,"4,5"
MN140,220,Meu_nass,WM31,Sphagnum cuspidatum Ehrh. ex Hoffm. var. cuspidatum,ML,63
MN141,221,Meu_nass,WM32,Carex rostrata (inflata),HL,18
MN141,221,Meu_nass,WM32,Juncus effusus,HL,"4,5"
MN141,221,Meu_nass,WM32,Sphagnum cuspidatum Ehrh. ex Hoffm. var. cuspidatum,ML,88
L1,222,Lic,OW1,Pinus sylvestris,TL,88
L1,222,Lic,OW1,Betula,HL,"4,5"
L1,222,Lic,OW1,Callitriche palustris agg.,HL,"0,1"
L1,222,Lic,OW1,Frangula alnus,HL,"0,5"
L1,222,Lic,OW1,Lycopus europaeus ssp. europaeus,HL,"0,5"
L1,222,Lic,OW1,Molinia caerulea caerulea,HL,"0,5"
L1,222,Lic,OW1,Pinus sylvestris,HL,"0,1"
L1,222,Lic,OW1,Vaccinium myrtillus,HL,"0,5"
L1,222,Lic,OW1,Campylopus pyriformis (K. F. Schultz) Brid.,ML,18
L1,222,Lic,OW1,Hypnum cupressiforme Hedw. ssp. cupr. var. cupressiforme,ML,18
L1,222,Lic,OW1,Mnium hornum Hedw.,ML,"0,5"
L1,222,Lic,OW1,Polytrichum formosum Hedw.,ML,"0,1"
L1,222,Lic,OW1,Betula pendula,SL,"4,5"
L2,223,Lic,OW2,Betula,HL,"4,5"
L2,223,Lic,OW2,Callitriche palustris agg.,HL,"0,1"
L2,223,Lic,OW2,Frangula alnus,HL,"0,5"
L2,223,Lic,OW2,Juncus effusus,HL,"0,1"
L2,223,Lic,OW2,Lycopus europaeus ssp. europaeus,HL,"0,1"
L2,223,Lic,OW2,Pinus sylvestris,HL,"0,1"
L2,223,Lic,OW2,Rubus caesius,HL,"0,5"
L2,223,Lic,OW2,Vaccinium myrtillus,HL,"4,5"
L2,223,Lic,OW2,Campylopus pyriformis (K. F. Schultz) Brid.,ML,"0,5"
L2,223,Lic,OW2,Dicranum scoparium Hedw.,ML,"0,5"
L2,223,Lic,OW2,Hypnum cupressiforme Hedw. ssp. cupr. var. cupressiforme,ML,38
L2,223,Lic,OW2,Polytrichum formosum Hedw.,ML,"0,5"
L2,223,Lic,OW2,Sphagnum girgensohnii Russ.,ML,"0,5"
L3,224,Lic,OW3,Betula,HL,"0,5"
L3,224,Lic,OW3,Dryopteris carthusiana (spinulosa),HL,"0,5"
L3,224,Lic,OW3,Frangula alnus,HL,"0,5"
L3,224,Lic,OW3,Juncus effusus,HL,88
L3,224,Lic,OW3,Lycopus europaeus ssp. europaeus,HL,"0,5"
L3,224,Lic,OW3,Rubus caesius,HL,"4,5"
L3,224,Lic,OW3,Scrophularia nodosa,HL,"0,5"
L3,224,Lic,OW3,Typha latifolia,HL,"4,5"
L4,225,Lic,OW4,Juncus effusus,HL,88
L4,225,Lic,OW4,Lycopus europaeus ssp. europaeus,HL,"0,5"
L4,225,Lic,OW4,Rubus caesius,HL,"4,5"
L4,225,Lic,OW4,Sphagnum squarrosum Crome,ML,"4,5"
L5,226,Lic,OW5,Betula,HL,"4,5"
L5,226,Lic,OW5,Frangula alnus,HL,"4,5"
L5,226,Lic,OW5,Juncus effusus,HL,38
L5,226,Lic,OW5,Pinus sylvestris,HL,"0,1"
L5,226,Lic,OW5,Dicranum scoparium Hedw.,ML,"4,5"
L5,226,Lic,OW5,Hypnum cupressiforme Hedw. ssp. cupr. var. cupressiforme,ML,38
L5,226,Lic,OW5,Polytrichum formosum Hedw.,ML,"0,5"
L6,227,Lic,OW6,Betula,HL,"0,5"
L6,227,Lic,OW6,Carex canescens canescens,HL,"4,5"
L6,227,Lic,OW6,Dryopteris carthusiana (spinulosa),HL,"0,1"
L6,227,Lic,OW6,Frangula alnus,HL,"0,5"
L6,227,Lic,OW6,Juncus effusus,HL,88
L6,227,Lic,OW6,Lycopus europaeus ssp. europaeus,HL,"4,5"
L6,227,Lic,OW6,Pinus sylvestris,HL,"0,1"
L6,227,Lic,OW6,Salix aurita,HL,"0,5"
L6,227,Lic,OW6,Vaccinium myrtillus,HL,"0,1"
L6,227,Lic,OW6,Typha latifolia,HL,"0,1"
L6,227,Lic,OW6,Hypnum cupressiforme Hedw. ssp. cupr. var. cupressiforme,ML,"0,1"
L6,227,Lic,OW6,Polytrichum formosum Hedw.,ML,"0,1"
L7,228,Lic,OW7,Betula,HL,"0,5"
L7,228,Lic,OW7,Dryopteris carthusiana (spinulosa),HL,"0,1"
L7,228,Lic,OW7,Frangula alnus,HL,"4,5"
L7,228,Lic,OW7,Molinia caerulea caerulea,HL,"4,5"
L7,228,Lic,OW7,Rubus caesius,HL,"0,5"
L7,228,Lic,OW7,Vaccinium myrtillus,HL,"4,5"
L7,228,Lic,OW7,Hypnum cupressiforme Hedw. ssp. cupr. var. cupressiforme,ML,"4,5"
L7,228,Lic,OW7,Polytrichum formosum Hedw.,ML,"4,5"
L7,228,Lic,OW7,Sphagnum russowii Warnst. (robustum),ML,18
L7,228,Lic,OW7,Frangula alnus,SL,63
L8,229,Lic,OW8,Betula,HL,"0,5"
L8,229,Lic,OW8,Carex canescens canescens,HL,"4,5"
L8,229,Lic,OW8,Juncus effusus,HL,38
L8,229,Lic,OW8,Molinia caerulea caerulea,HL,"4,5"
L8,229,Lic,OW8,Campylopus pyriformis (K. F. Schultz) Brid.,ML,"0,1"
L8,229,Lic,OW8,Hypnum cupressiforme Hedw. ssp. cupr. var. cupressiforme,ML,"0,1"
L8,229,Lic,OW8,Hypnum jutlandicum Holmen & Warncke (ericetorum),ML,"0,1"
L8,229,Lic,OW8,Sphagnum capillifolium (L.) Hedw. var. capillifolium (nemoreum),ML,"4,5"
L8,229,Lic,OW8,Frangula alnus,SL,"4,5"
L9,230,Lic,OW9,Betula,HL,"4,5"
L9,230,Lic,OW9,Frangula alnus,HL,"4,5"
L9,230,Lic,OW9,Molinia caerulea caerulea,HL,"0,5"
L9,230,Lic,OW9,Vaccinium myrtillus,HL,"4,5"
L9,230,Lic,OW9,Hypnum cupressiforme Hedw. ssp. cupr. var. cupressiforme,ML,18
L9,230,Lic,OW9,Leucobryum glaucum (Hedw.) Aongstr. ex Fries,ML,"4,5"
L9,230,Lic,OW9,Sphagnum russowii Warnst. (robustum),ML,38
L9,230,Lic,OW9,Betula pendula,SL,18
L9,230,Lic,OW9,Frangula alnus,SL,63
L10,231,Lic,OW10,Molinia caerulea caerulea,HL,63
L10,231,Lic,OW10,Pinus sylvestris,HL,"0,5"
L10,231,Lic,OW10,Sphagnum cuspidatum Ehrh. ex Hoffm. var. cuspidatum,ML,38
L10,231,Lic,OW10,Betula pendula,SL,"4,5"
L11,232,Lic,OW11,Betula,HL,"0,1"
L11,232,Lic,OW11,Eriophorum angustifolium,HL,"0,5"
L11,232,Lic,OW11,Molinia caerulea caerulea,HL,38
L11,232,Lic,OW11,Vaccinium myrtillus,HL,"4,5"
L11,232,Lic,OW11,Hypnum cupressiforme Hedw. ssp. cupr. var. cupressiforme,ML,"4,5"
L11,232,Lic,OW11,Sphagnum cuspidatum Ehrh. ex Hoffm. var. cuspidatum,ML,38
L12,233,Lic,OW12,Eriophorum angustifolium,HL,"4,5"
L12,233,Lic,OW12,Molinia caerulea caerulea,HL,88
L12,233,Lic,OW12,Sphagnum cuspidatum Ehrh. ex Hoffm. var. cuspidatum,ML,18
L13,234,Lic,OW13,Eriophorum angustifolium,HL,"4,5"
L13,234,Lic,OW13,Molinia caerulea caerulea,HL,88
L13,234,Lic,OW13,Sphagnum cuspidatum Ehrh. ex Hoffm. var. cuspidatum,ML,18
L14,235,Lic,OW14,Eriophorum angustifolium,HL,38
L14,235,Lic,OW14,Molinia caerulea caerulea,HL,"4,5"
L14,235,Lic,OW14,"Sphagnum fallax (Klinggr.) Klinggr. (mucronatum, recurvum)",ML,63
L15,236,Lic,OW15,Eriophorum angustifolium,HL,38
L15,236,Lic,OW15,Molinia caerulea caerulea,HL,"4,5"
L15,236,Lic,OW15,Pinus sylvestris,HL,"0,1"
L15,236,Lic,OW15,"Sphagnum fallax (Klinggr.) Klinggr. (mucronatum, recurvum)",ML,63
L16,237,Lic,OW16,Eriophorum angustifolium,HL,38
L16,237,Lic,OW16,"Sphagnum fallax (Klinggr.) Klinggr. (mucronatum, recurvum)",ML,"4,5"
L16,237,Lic,OW16,Salix aurita,SL,63
L17,238,Lic,OW17,Dryopteris carthusiana (spinulosa),HL,"4,5"
L17,238,Lic,OW17,Eriophorum angustifolium,HL,"4,5"
L17,238,Lic,OW17,Frangula alnus,HL,"4,5"
L17,238,Lic,OW17,Molinia caerulea caerulea,HL,"4,5"
L17,238,Lic,OW17,Vaccinium myrtillus,HL,"4,5"
L17,238,Lic,OW17,Hypnum jutlandicum Holmen & Warncke (ericetorum),ML,18
L17,238,Lic,OW17,Polytrichum formosum Hedw.,ML,"0,5"
L17,238,Lic,OW17,"Sphagnum fallax (Klinggr.) Klinggr. (mucronatum, recurvum)",ML,63
L17,238,Lic,OW17,Salix aurita,SL,"4,5"
L18,239,Lic,OW18,Eriophorum angustifolium,HL,18
L18,239,Lic,OW18,Molinia caerulea caerulea,HL,18
L18,239,Lic,OW18,"Sphagnum fallax (Klinggr.) Klinggr. (mucronatum, recurvum)",ML,38
L19,240,Lic,OW19,Eriophorum angustifolium,HL,38
L19,240,Lic,OW19,Molinia caerulea caerulea,HL,"4,5"
L19,240,Lic,OW19,"Sphagnum fallax (Klinggr.) Klinggr. (mucronatum, recurvum)",ML,38
L20,241,Lic,OW20,Eriophorum angustifolium,HL,38
L20,241,Lic,OW20,Molinia caerulea caerulea,HL,"4,5"
L20,241,Lic,OW20,"Sphagnum fallax (Klinggr.) Klinggr. (mucronatum, recurvum)",ML,38
L21,242,Lic,OW21,Eriophorum angustifolium,HL,38
L21,242,Lic,OW21,Molinia caerulea caerulea,HL,"0,5"
L21,242,Lic,OW21,"Sphagnum fallax (Klinggr.) Klinggr. (mucronatum, recurvum)",ML,63
L22,243,Lic,OW22,Eriophorum angustifolium,HL,38
L22,243,Lic,OW22,"Sphagnum fallax (Klinggr.) Klinggr. (mucronatum, recurvum)",ML,38
L23,244,Lic,OW23,Eriophorum angustifolium,HL,38
L23,244,Lic,OW23,Molinia caerulea caerulea,HL,"4,5"
L23,244,Lic,OW23,"Sphagnum fallax (Klinggr.) Klinggr. (mucronatum, recurvum)",ML,38
L24,245,Lic,OW24,Eriophorum angustifolium,HL,38
L24,245,Lic,OW24,Molinia caerulea caerulea,HL,"4,5"
L24,245,Lic,OW24,"Sphagnum fallax (Klinggr.) Klinggr. (mucronatum, recurvum)",ML,38
L25,246,Lic,OW25,Eriophorum angustifolium,HL,"4,5"
L25,246,Lic,OW25,Molinia caerulea caerulea,HL,38
L25,246,Lic,OW25,"Sphagnum fallax (Klinggr.) Klinggr. (mucronatum, recurvum)",ML,38
L26,247,Lic,OW26,Molinia caerulea caerulea,HL,63
L26,247,Lic,OW26,"Sphagnum fallax (Klinggr.) Klinggr. (mucronatum, recurvum)",ML,38
L27,248,Lic,OW27,Molinia caerulea caerulea,HL,88
L27,248,Lic,OW27,"Sphagnum fallax (Klinggr.) Klinggr. (mucronatum, recurvum)",ML,18
L28,249,Lic,OW28,Molinia caerulea caerulea,HL,88
L28,249,Lic,OW28,"Sphagnum fallax (Klinggr.) Klinggr. (mucronatum, recurvum)",ML,18
L30,251,Lic,OW30,Molinia caerulea caerulea,HL,88
L30,251,Lic,OW30,"Sphagnum fallax (Klinggr.) Klinggr. (mucronatum, recurvum)",ML,"4,5"
L31,252,Lic,OW31,Molinia caerulea caerulea,HL,88
L31,252,Lic,OW31,"Sphagnum fallax (Klinggr.) Klinggr. (mucronatum, recurvum)",ML,18
L32,253,Lic,OW32,Molinia caerulea caerulea,HL,18
L32,253,Lic,OW32,"Sphagnum fallax (Klinggr.) Klinggr. (mucronatum, recurvum)",ML,88
L33,254,Lic,OW33,Molinia caerulea caerulea,HL,88
L33,254,Lic,OW33,Vaccinium myrtillus,HL,"0,5"
L33,254,Lic,OW33,Campylopus pyriformis (K. F. Schultz) Brid.,ML,"0,5"
L33,254,Lic,OW33,Hypnum cupressiforme Hedw. ssp. cupr. var. cupressiforme,ML,"0,5"
L33,254,Lic,OW33,"Sphagnum fallax (Klinggr.) Klinggr. (mucronatum, recurvum)",ML,18
L34,255,Lic,OW34,Molinia caerulea caerulea,HL,88
L34,255,Lic,OW34,"Sphagnum fallax (Klinggr.) Klinggr. (mucronatum, recurvum)",ML,"4,5"
L35,256,Lic,OW35,Molinia caerulea caerulea,HL,88
L35,256,Lic,OW35,Pinus sylvestris,HL,"0,1"
L35,256,Lic,OW35,"Sphagnum fallax (Klinggr.) Klinggr. (mucronatum, recurvum)",ML,"4,5"
L36,257,Lic,OW36,Molinia caerulea caerulea,HL,88
L36,257,Lic,OW36,Vaccinium myrtillus,HL,"4,5"
L36,257,Lic,OW36,Hypnum cupressiforme Hedw. ssp. cupr. var. cupressiforme,ML,"0,1"
L36,257,Lic,OW36,"Sphagnum fallax (Klinggr.) Klinggr. (mucronatum, recurvum)",ML,"0,5"
L37,258,Lic,OW37,Molinia caerulea caerulea,HL,88
L37,258,Lic,OW37,"Sphagnum fallax (Klinggr.) Klinggr. (mucronatum, recurvum)",ML,18
L38,259,Lic,OW38,Calluna vulgaris,HL,"0,5"
L38,259,Lic,OW38,Molinia caerulea caerulea,HL,88
L38,259,Lic,OW38,"Sphagnum fallax (Klinggr.) Klinggr. (mucronatum, recurvum)",ML,18
L39,260,Lic,OW39,Calluna vulgaris,HL,"0,5"
L39,260,Lic,OW39,Molinia caerulea caerulea,HL,88
L39,260,Lic,OW39,"Sphagnum fallax (Klinggr.) Klinggr. (mucronatum, recurvum)",ML,18
L40,261,Lic,OW40,Molinia caerulea caerulea,HL,88
L40,261,Lic,OW40,"Sphagnum fallax (Klinggr.) Klinggr. (mucronatum, recurvum)",ML,18
L41,262,Lic,OW41,Molinia caerulea caerulea,HL,63
L41,262,Lic,OW41,"Sphagnum fallax (Klinggr.) Klinggr. (mucronatum, recurvum)",ML,38
L42,263,Lic,OW42,Molinia caerulea caerulea,HL,38
L42,263,Lic,OW42,"Sphagnum fallax (Klinggr.) Klinggr. (mucronatum, recurvum)",ML,38
L43,264,Lic,OW43,Molinia caerulea caerulea,HL,63
L43,264,Lic,OW43,"Sphagnum fallax (Klinggr.) Klinggr. (mucronatum, recurvum)",ML,38
L44,265,Lic,OW44,Molinia caerulea caerulea,HL,38
L44,265,Lic,OW44,"Sphagnum fallax (Klinggr.) Klinggr. (mucronatum, recurvum)",ML,38
L45,266,Lic,OW45,Molinia caerulea caerulea,HL,63
L45,266,Lic,OW45,"Sphagnum fallax (Klinggr.) Klinggr. (mucronatum, recurvum)",ML,38
L46,267,Lic,OW46,Molinia caerulea caerulea,HL,88
L46,267,Lic,OW46,Pinus sylvestris,HL,"0,1"
L46,267,Lic,OW46,"Sphagnum fallax (Klinggr.) Klinggr. (mucronatum, recurvum)",ML,18
L47,268,Lic,OW47,Molinia caerulea caerulea,HL,88
L47,268,Lic,OW47,Vaccinium myrtillus,HL,"0,1"
L47,268,Lic,OW47,"Sphagnum fallax (Klinggr.) Klinggr. (mucronatum, recurvum)",ML,"4,5"
L48,269,Lic,OW48,Molinia caerulea caerulea,HL,88
L48,269,Lic,OW48,Vaccinium myrtillus,HL,"0,5"
L48,269,Lic,OW48,Vaccinium oxycoccus oxycoccus (Oxyc. palustr.),HL,"0,5"
L48,269,Lic,OW48,"Sphagnum fallax (Klinggr.) Klinggr. (mucronatum, recurvum)",ML,"4,5"
L49,270,Lic,OW49,Molinia caerulea caerulea,HL,88
L49,270,Lic,OW49,Vaccinium oxycoccus oxycoccus (Oxyc. palustr.),HL,"4,5"
L49,270,Lic,OW49,"Sphagnum fallax (Klinggr.) Klinggr. (mucronatum, recurvum)",ML,18
L50,271,Lic,OW50,Molinia caerulea caerulea,HL,38
L50,271,Lic,OW50,Sphagnum cuspidatum Ehrh. ex Hoffm. var. cuspidatum,ML,63
L50,271,Lic,OW50,"Sphagnum fallax (Klinggr.) Klinggr. (mucronatum, recurvum)",ML,"4,5"
L51,272,Lic,OW51,Molinia caerulea caerulea,HL,38
L51,272,Lic,OW51,Sphagnum cuspidatum Ehrh. ex Hoffm. var. cuspidatum,ML,38
L51,272,Lic,OW51,"Sphagnum fallax (Klinggr.) Klinggr. (mucronatum, recurvum)",ML,18
L52,273,Lic,OW52,Molinia caerulea caerulea,HL,88
L52,273,Lic,OW52,Sphagnum cuspidatum Ehrh. ex Hoffm. var. cuspidatum,ML,"4,5"
L53,274,Lic,OW53,Molinia caerulea caerulea,HL,38
L53,274,Lic,OW53,Sphagnum cuspidatum Ehrh. ex Hoffm. var. cuspidatum,ML,63
L54,275,Lic,OW54,Molinia caerulea caerulea,HL,63
L54,275,Lic,OW54,Vaccinium myrtillus,HL,"4,5"
L54,275,Lic,OW54,"Sphagnum fallax (Klinggr.) Klinggr. (mucronatum, recurvum)",ML,38
L55,276,Lic,OW55,Betula,HL,"0,5"
L55,276,Lic,OW55,Molinia caerulea caerulea,HL,63
L55,276,Lic,OW55,"Sphagnum fallax (Klinggr.) Klinggr. (mucronatum, recurvum)",ML,18
L56,277,Lic,OW56,Molinia caerulea caerulea,HL,88
L56,277,Lic,OW56,Hypnum cupressiforme Hedw. ssp. cupr. var. cupressiforme,ML,"0,5"
L56,277,Lic,OW56,"Sphagnum fallax (Klinggr.) Klinggr. (mucronatum, recurvum)",ML,"4,5"
L57,278,Lic,OW57,Molinia caerulea caerulea,HL,63
L57,278,Lic,OW57,Vaccinium myrtillus,HL,"0,5"
L57,278,Lic,OW57,Hypnum cupressiforme Hedw. ssp. cupr. var. cupressiforme,ML,"0,5"
L57,278,Lic,OW57,"Sphagnum fallax (Klinggr.) Klinggr. (mucronatum, recurvum)",ML,18
L58,279,Lic,OW58,Molinia caerulea caerulea,HL,38
L58,279,Lic,OW58,"Sphagnum fallax (Klinggr.) Klinggr. (mucronatum, recurvum)",ML,63
L59,280,Lic,OW59,Molinia caerulea caerulea,HL,38
L59,280,Lic,OW59,"Sphagnum fallax (Klinggr.) Klinggr. (mucronatum, recurvum)",ML,38
L60,281,Lic,OW60,Frangula alnus,HL,"0,5"
L60,281,Lic,OW60,Molinia caerulea caerulea,HL,38
L60,281,Lic,OW60,"Sphagnum fallax (Klinggr.) Klinggr. (mucronatum, recurvum)",ML,38
L61,282,Lic,OW61,Molinia caerulea caerulea,HL,38
L61,282,Lic,OW61,"Sphagnum fallax (Klinggr.) Klinggr. (mucronatum, recurvum)",ML,38
L62,283,Lic,OW62,Molinia caerulea caerulea,HL,38
L62,283,Lic,OW62,"Sphagnum fallax (Klinggr.) Klinggr. (mucronatum, recurvum)",ML,63
L63,284,Lic,OW63,Betula,HL,"4,5"
L63,284,Lic,OW63,Molinia caerulea caerulea,HL,38
L63,284,Lic,OW63,Vaccinium myrtillus,HL,"4,5"
L63,284,Lic,OW63,Hypnum cupressiforme Hedw. ssp. cupr. var. cupressiforme,ML,18
L63,284,Lic,OW63,Polytrichum formosum Hedw.,ML,"0,5"
L63,284,Lic,OW63,"Sphagnum fallax (Klinggr.) Klinggr. (mucronatum, recurvum)",ML,18
L64,285,Lic,OW64,Molinia caerulea caerulea,HL,38
L64,285,Lic,OW64,Pinus sylvestris,HL,"0,1"
L64,285,Lic,OW64,Vaccinium myrtillus,HL,"4,5"
L64,285,Lic,OW64,Polytrichum formosum Hedw.,ML,"0,5"
L64,285,Lic,OW64,"Sphagnum fallax (Klinggr.) Klinggr. (mucronatum, recurvum)",ML,18
L64,285,Lic,OW64,Sphagnum russowii Warnst. (robustum),ML,38
L65,286,Lic,OW65,Dryopteris carthusiana (spinulosa),HL,"0,5"
L65,286,Lic,OW65,Frangula alnus,HL,"4,5"
L65,286,Lic,OW65,Vaccinium myrtillus,HL,38
L65,286,Lic,OW65,Hypnum cupressiforme Hedw. ssp. cupr. var. cupressiforme,ML,"4,5"
L65,286,Lic,OW65,Sphagnum russowii Warnst. (robustum),ML,"4,5"
L65,286,Lic,OW65,Betula pendula,SL,18
L66,287,Lic,OW66,Pinus sylvestris,TL,38
L66,287,Lic,OW66,Vaccinium myrtillus,HL,63
L66,287,Lic,OW66,Hypnum cupressiforme Hedw. ssp. cupr. var. cupressiforme,ML,"4,5"
L66,287,Lic,OW66,Betula pendula,SL,88
L66,287,Lic,OW66,Frangula alnus,SL,"4,5"
L67,288,Lic,OW67,Pinus sylvestris,TL,88
L67,288,Lic,OW67,Betula,HL,"4,5"
L67,288,Lic,OW67,Vaccinium myrtillus,HL,88
L67,288,Lic,OW67,Hypnum cupressiforme Hedw. ssp. cupr. var. cupressiforme,ML,"4,5"
L67,288,Lic,OW67,Frangula alnus,SL,63
L68,289,Lic,SN1,Betula,HL,"0,5"
L68,289,Lic,SN1,Carex canescens canescens,HL,"4,5"
L68,289,Lic,SN1,Digitalis purpurea,HL,"0,5"
L68,289,Lic,SN1,Frangula alnus,HL,"0,5"
L68,289,Lic,SN1,Molinia caerulea caerulea,HL,"4,5"
L68,289,Lic,SN1,Pinus sylvestris,HL,"4,5"
L68,289,Lic,SN1,Vaccinium myrtillus,HL,"4,5"
L68,289,Lic,SN1,Campylopus flexuosus (Hedw.) Brid.,ML,"0,5"
L68,289,Lic,SN1,Dicranum flagellare Hedw.,ML,"0,5"
L68,289,Lic,SN1,Hypnum jutlandicum Holmen & Warncke (ericetorum),ML,"0,1"
L68,289,Lic,SN1,Polytrichum formosum Hedw.,ML,"0,5"
L68,289,Lic,SN1,Sphagnum girgensohnii Russ.,ML,18
L68,289,Lic,SN1,Tetraphis pellucida Hedw.,ML,"0,1"
L69,290,Lic,SN2,Betula,HL,"0,5"
L69,290,Lic,SN2,Carex canescens canescens,HL,"4,5"
L69,290,Lic,SN2,Frangula alnus,HL,"4,5"
L69,290,Lic,SN2,Molinia caerulea caerulea,HL,"0,5"
L69,290,Lic,SN2,Rubus caesius,HL,"0,5"
L69,290,Lic,SN2,Vaccinium myrtillus,HL,"4,5"
L69,290,Lic,SN2,Hypnum jutlandicum Holmen & Warncke (ericetorum),ML,"0,1"
L69,290,Lic,SN2,Polytrichum formosum Hedw.,ML,"4,5"
L69,290,Lic,SN2,Sphagnum capillifolium (L.) Hedw. var. capillifolium (nemoreum),ML,"4,5"
L69,290,Lic,SN2,Sphagnum russowii Warnst. (robustum),ML,63
L70,291,Lic,SN3,Betula,HL,"0,1"
L70,291,Lic,SN3,Carex canescens canescens,HL,"0,1"
L70,291,Lic,SN3,Frangula alnus,HL,"4,5"
L70,291,Lic,SN3,Molinia caerulea caerulea,HL,"4,5"
L70,291,Lic,SN3,Vaccinium myrtillus,HL,18
L70,291,Lic,SN3,Hypnum cupressiforme Hedw. ssp. cupr. var. cupressiforme,ML,18
L70,291,Lic,SN3,Polytrichum formosum Hedw.,ML,"4,5"
L70,291,Lic,SN3,"Sphagnum denticulatum Brid. (auriculatum, rufescens)",ML,38
L70,291,Lic,SN3,Sphagnum russowii Warnst. (robustum),ML,"4,5"
L70,291,Lic,SN3,Betula pendula,SL,88
L71,292,Lic,SN4,Vaccinium myrtillus,HL,"4,5"
L71,292,Lic,SN4,Sphagnum fimbriatum Wils. ex Wils. & J. D. Hook.,ML,88
L72,293,Lic,SN5,Molinia caerulea caerulea,HL,18
L72,293,Lic,SN5,Vaccinium myrtillus,HL,18
L72,293,Lic,SN5,Hypnum cupressiforme Hedw. ssp. cupr. var. cupressiforme,ML,"4,5"
L72,293,Lic,SN5,Sphagnum fimbriatum Wils. ex Wils. & J. D. Hook.,ML,38
L72,293,Lic,SN5,Betula pendula,SL,88
L73,294,Lic,SN6,Carex canescens canescens,HL,"4,5"
L73,294,Lic,SN6,Molinia caerulea caerulea,HL,"0,1"
L73,294,Lic,SN6,"Sphagnum denticulatum Brid. (auriculatum, rufescens)",ML,"0,5"
L73,294,Lic,SN6,Sphagnum fimbriatum Wils. ex Wils. & J. D. Hook.,ML,88
L74,295,Lic,SN7,Molinia caerulea caerulea,HL,18
L74,295,Lic,SN7,Vaccinium myrtillus,HL,"4,5"
L74,295,Lic,SN7,Sphagnum fimbriatum Wils. ex Wils. & J. D. Hook.,ML,38
L74,295,Lic,SN7,Frangula alnus,SL,"4,5"
L75,296,Lic,SN8,Betula,HL,"0,5"
L75,296,Lic,SN8,Vaccinium myrtillus,HL,88
L75,296,Lic,SN8,Sphagnum russowii Warnst. (robustum),ML,18
L75,296,Lic,SN8,Frangula alnus,SL,"4,5"
L76,297,Lic,SN9,Molinia caerulea caerulea,HL,"0,1"
L76,297,Lic,SN9,Vaccinium myrtillus,HL,38
L76,297,Lic,SN9,Sphagnum russowii Warnst. (robustum),ML,63
L77,298,Lic,SN10,Molinia caerulea caerulea,HL,38
L77,298,Lic,SN10,Vaccinium myrtillus,HL,"0,1"
L77,298,Lic,SN10,"Sphagnum fallax (Klinggr.) Klinggr. (mucronatum, recurvum)",ML,63
L78,299,Lic,SN11,Molinia caerulea caerulea,HL,88
L78,299,Lic,SN11,"Sphagnum fallax (Klinggr.) Klinggr. (mucronatum, recurvum)",ML,"4,5"
L79,300,Lic,SN12,Betula,HL,"0,5"
L79,300,Lic,SN12,Molinia caerulea caerulea,HL,38
L79,300,Lic,SN12,Vaccinium myrtillus,HL,"0,5"
L79,300,Lic,SN12,"Sphagnum fallax (Klinggr.) Klinggr. (mucronatum, recurvum)",ML,63
L80,301,Lic,SN13,Molinia caerulea caerulea,HL,38
L80,301,Lic,SN13,Vaccinium myrtillus,HL,"0,1"
L80,301,Lic,SN13,"Sphagnum fallax (Klinggr.) Klinggr. (mucronatum, recurvum)",ML,38
L81,302,Lic,SN14,Molinia caerulea caerulea,HL,38
L81,302,Lic,SN14,Vaccinium myrtillus,HL,"0,1"
L81,302,Lic,SN14,Vaccinium oxycoccus oxycoccus (Oxyc. palustr.),HL,"4,5"
L81,302,Lic,SN14,Sphagnum russowii Warnst. (robustum),ML,38
L81,302,Lic,SN14,Betula pendula,SL,"4,5"
L82,303,Lic,SN15,Frangula alnus,HL,"0,5"
L82,303,Lic,SN15,Molinia caerulea caerulea,HL,88
L82,303,Lic,SN15,Vaccinium myrtillus,HL,18
L82,303,Lic,SN15,Sphagnum russowii Warnst. (robustum),ML,"4,5"
L83,304,Lic,SN16,Molinia caerulea caerulea,HL,88
L83,304,Lic,SN16,Sphagnum russowii Warnst. (robustum),ML,18
L84,305,Lic,SN17,Molinia caerulea caerulea,HL,88
L84,305,Lic,SN17,Sphagnum russowii Warnst. (robustum),ML,38
L85,306,Lic,SN18,Molinia caerulea caerulea,HL,38
L85,306,Lic,SN18,Sphagnum russowii Warnst. (robustum),ML,38
L86,307,Lic,SN19,Molinia caerulea caerulea,HL,63
L86,307,Lic,SN19,Sphagnum russowii Warnst. (robustum),ML,38
L87,308,Lic,SN20,Carex canescens canescens,HL,"4,5"
L87,308,Lic,SN20,Molinia caerulea caerulea,HL,"4,5"
L87,308,Lic,SN20,Sphagnum russowii Warnst. (robustum),ML,88
L88,309,Lic,SN21,Molinia caerulea caerulea,HL,38
L88,309,Lic,SN21,Sphagnum russowii Warnst. (robustum),ML,38
L89,310,Lic,SN22,Molinia caerulea caerulea,HL,63
L89,310,Lic,SN22,"Sphagnum fallax (Klinggr.) Klinggr. (mucronatum, recurvum)",ML,38
L90,311,Lic,SN23,Molinia caerulea caerulea,HL,38
L90,311,Lic,SN23,"Sphagnum fallax (Klinggr.) Klinggr. (mucronatum, recurvum)",ML,63
L91,312,Lic,SN24,Molinia caerulea caerulea,HL,38
L91,312,Lic,SN24,Pinus sylvestris,HL,"0,5"
L91,312,Lic,SN24,"Sphagnum fallax (Klinggr.) Klinggr. (mucronatum, recurvum)",ML,63
L92,313,Lic,SN25,Molinia caerulea caerulea,HL,"4,5"
L92,313,Lic,SN25,Vaccinium myrtillus,HL,"0,1"
L92,313,Lic,SN25,"Sphagnum fallax (Klinggr.) Klinggr. (mucronatum, recurvum)",ML,88
L93,314,Lic,SN26,Molinia caerulea caerulea,HL,18
L93,314,Lic,SN26,Pohlia nutans (Hedw.) Lindb.,ML,"0,5"
L93,314,Lic,SN26,"Sphagnum fallax (Klinggr.) Klinggr. (mucronatum, recurvum)",ML,88
L93,314,Lic,SN26,Tetraphis pellucida Hedw.,ML,"0,5"
L94,315,Lic,SN27,Molinia caerulea caerulea,HL,88
L94,315,Lic,SN27,"Sphagnum fallax (Klinggr.) Klinggr. (mucronatum, recurvum)",ML,18
L95,316,Lic,SN28,Molinia caerulea caerulea,HL,18
L95,316,Lic,SN28,"Sphagnum fallax (Klinggr.) Klinggr. (mucronatum, recurvum)",ML,88
L96,317,Lic,SN29,Molinia caerulea caerulea,HL,38
L96,317,Lic,SN29,"Sphagnum fallax (Klinggr.) Klinggr. (mucronatum, recurvum)",ML,63
L97,318,Lic,SN30,Molinia caerulea caerulea,HL,38
L97,318,Lic,SN30,"Sphagnum fallax (Klinggr.) Klinggr. (mucronatum, recurvum)",ML,38
L98,319,Lic,SN31,Molinia caerulea caerulea,HL,63
L98,319,Lic,SN31,"Sphagnum fallax (Klinggr.) Klinggr. (mucronatum, recurvum)",ML,38
L99,320,Lic,SN32,Molinia caerulea caerulea,HL,63
L99,320,Lic,SN32,"Sphagnum fallax (Klinggr.) Klinggr. (mucronatum, recurvum)",ML,38
L100,321,Lic,SN33,Carex canescens canescens,HL,"0,5"
L100,321,Lic,SN33,Molinia caerulea caerulea,HL,18
L100,321,Lic,SN33,Pinus sylvestris,HL,"0,5"
L100,321,Lic,SN33,"Sphagnum fallax (Klinggr.) Klinggr. (mucronatum, recurvum)",ML,38
L100,321,Lic,SN33,Betula pendula,SL,"4,5"
L101,322,Lic,SN34,Molinia caerulea caerulea,HL,"4,5"
L101,322,Lic,SN34,"Sphagnum fallax (Klinggr.) Klinggr. (mucronatum, recurvum)",ML,88
L102,323,Lic,SN35,Molinia caerulea caerulea,HL,38
L102,323,Lic,SN35,"Sphagnum fallax (Klinggr.) Klinggr. (mucronatum, recurvum)",ML,63
L103,324,Lic,SN36,Molinia caerulea caerulea,HL,38
L103,324,Lic,SN36,"Sphagnum fallax (Klinggr.) Klinggr. (mucronatum, recurvum)",ML,63
L104,325,Lic,SN37,Molinia caerulea caerulea,HL,38
L104,325,Lic,SN37,"Sphagnum fallax (Klinggr.) Klinggr. (mucronatum, recurvum)",ML,63
L105,326,Lic,SN38,Molinia caerulea caerulea,HL,38
L105,326,Lic,SN38,Pohlia nutans (Hedw.) Lindb.,ML,"0,1"
L105,326,Lic,SN38,"Sphagnum fallax (Klinggr.) Klinggr. (mucronatum, recurvum)",ML,63
L106,327,Lic,SN39,Molinia caerulea caerulea,HL,38
L106,327,Lic,SN39,"Sphagnum fallax (Klinggr.) Klinggr. (mucronatum, recurvum)",ML,63
L107,328,Lic,SN40,Molinia caerulea caerulea,HL,38
L107,328,Lic,SN40,Cephalozia connivens (Dicks.) Lindb.,ML,"0,1"
L107,328,Lic,SN40,Hypnum cupressiforme Hedw. ssp. cupr. var. cupressiforme,ML,"0,5"
L107,328,Lic,SN40,Riccardia latifrons (Lindb.) Lindb.,ML,"0,1"
L107,328,Lic,SN40,"Sphagnum fallax (Klinggr.) Klinggr. (mucronatum, recurvum)",ML,38
L107,328,Lic,SN40,Tetraphis pellucida Hedw.,ML,"0,1"
L108,329,Lic,SN41,Molinia caerulea caerulea,HL,63
L108,329,Lic,SN41,"Sphagnum fallax (Klinggr.) Klinggr. (mucronatum, recurvum)",ML,38
L109,330,Lic,SN42,Molinia caerulea caerulea,HL,88
L109,330,Lic,SN42,"Sphagnum fallax (Klinggr.) Klinggr. (mucronatum, recurvum)",ML,18
L110,331,Lic,SN43,Molinia caerulea caerulea,HL,88
L111,332,Lic,SN44,Eriophorum angustifolium,HL,38
L111,332,Lic,SN44,Molinia caerulea caerulea,HL,38
L111,332,Lic,SN44,"Sphagnum fallax (Klinggr.) Klinggr. (mucronatum, recurvum)",ML,38
L112,333,Lic,SN45,Eriophorum angustifolium,HL,38
L112,333,Lic,SN45,Molinia caerulea caerulea,HL,38
L112,333,Lic,SN45,"Sphagnum fallax (Klinggr.) Klinggr. (mucronatum, recurvum)",ML,38
L112,333,Lic,SN45,Betula pendula,SL,"0,5"
L113,334,Lic,SN46,Molinia caerulea caerulea,HL,88
L113,334,Lic,SN46,"Sphagnum fallax (Klinggr.) Klinggr. (mucronatum, recurvum)",ML,"4,5"
L114,335,Lic,SN47,Molinia caerulea caerulea,HL,88
L114,335,Lic,SN47,"Sphagnum fallax (Klinggr.) Klinggr. (mucronatum, recurvum)",ML,"4,5"
L115,336,Lic,SN48,Molinia caerulea caerulea,HL,88
L116,337,Lic,SN49,Molinia caerulea caerulea,HL,88
L116,337,Lic,SN49,"Sphagnum fallax (Klinggr.) Klinggr. (mucronatum, recurvum)",ML,"4,5"
L117,338,Lic,SN50,Molinia caerulea caerulea,HL,88
L117,338,Lic,SN50,"Sphagnum fallax (Klinggr.) Klinggr. (mucronatum, recurvum)",ML,"4,5"
L118,339,Lic,SN51,Molinia caerulea caerulea,HL,88
L118,339,Lic,SN51,"Sphagnum fallax (Klinggr.) Klinggr. (mucronatum, recurvum)",ML,"4,5"
L119,340,Lic,SN52,Molinia caerulea caerulea,HL,88
L119,340,Lic,SN52,"Sphagnum fallax (Klinggr.) Klinggr. (mucronatum, recurvum)",ML,"4,5"
L120,341,Lic,SN53,Molinia caerulea caerulea,HL,88
L120,341,Lic,SN53,"Sphagnum fallax (Klinggr.) Klinggr. (mucronatum, recurvum)",ML,"4,5"
L121,342,Lic,SN54,Molinia caerulea caerulea,HL,63
L121,342,Lic,SN54,"Sphagnum fallax (Klinggr.) Klinggr. (mucronatum, recurvum)",ML,"4,5"
L121,342,Lic,SN54,Betula pendula,SL,38
L122,343,Lic,SN55,Betula,HL,"0,5"
L122,343,Lic,SN55,Molinia caerulea caerulea,HL,63
L122,343,Lic,SN55,Pinus sylvestris,HL,"0,1"
L122,343,Lic,SN55,Vaccinium myrtillus,HL,"0,1"
L122,343,Lic,SN55,"Sphagnum fallax (Klinggr.) Klinggr. (mucronatum, recurvum)",ML,18
L122,343,Lic,SN55,Betula pendula,SL,18
L123,344,Lic,SN56,Betula,HL,"0,1"
L123,344,Lic,SN56,Molinia caerulea caerulea,HL,38
L123,344,Lic,SN56,Vaccinium myrtillus,HL,"0,5"
L123,344,Lic,SN56,Hypnum cupressiforme Hedw. ssp. cupr. var. cupressiforme,ML,"4,5"
L124,345,Lic,SN57,Frangula alnus,HL,"0,1"
L124,345,Lic,SN57,Molinia caerulea caerulea,HL,88
L125,346,Lic,SN58,Betula,HL,"4,5"
L125,346,Lic,SN58,Frangula alnus,HL,"4,5"
L125,346,Lic,SN58,Molinia caerulea caerulea,HL,"4,5"
L125,346,Lic,SN58,Campylopus pyriformis (K. F. Schultz) Brid.,ML,"0,1"
L125,346,Lic,SN58,Polytrichum formosum Hedw.,ML,"0,5"
L126,347,Lic,SN59,Betula,HL,"0,1"
L126,347,Lic,SN59,Frangula alnus,HL,"0,1"
L126,347,Lic,SN59,Molinia caerulea caerulea,HL,63
L126,347,Lic,SN59,Polytrichum formosum Hedw.,ML,"0,1"
L126,347,Lic,SN59,Sphagnum cuspidatum Ehrh. ex Hoffm. var. cuspidatum,ML,"4,5"
L127,348,Lic,SN60,Betula,HL,"0,5"
L127,348,Lic,SN60,Molinia caerulea caerulea,HL,18
L127,348,Lic,SN60,Pinus sylvestris,HL,"0,1"
L127,348,Lic,SN60,Campylopus pyriformis (K. F. Schultz) Brid.,ML,"0,1"
L127,348,Lic,SN60,"Sphagnum fallax (Klinggr.) Klinggr. (mucronatum, recurvum)",ML,"4,5"
L128,349,Lic,SN61,Betula,HL,"0,5"
L128,349,Lic,SN61,Frangula alnus,HL,"0,5"
L128,349,Lic,SN61,Molinia caerulea caerulea,HL,"4,5"
L128,349,Lic,SN61,Vaccinium myrtillus,HL,38
L128,349,Lic,SN61,Hypnum cupressiforme Hedw. ssp. cupr. var. cupressiforme,ML,"4,5"
L128,349,Lic,SN61,"Sphagnum denticulatum Brid. (auriculatum, rufescens)",ML,"4,5"
L128,349,Lic,SN61,Sphagnum fimbriatum Wils. ex Wils. & J. D. Hook.,ML,"4,5"
L128,349,Lic,SN61,Frangula alnus,SL,18
L129,350,Lic,SN62,Betula,HL,"0,1"
L129,350,Lic,SN62,Molinia caerulea caerulea,HL,88
L129,350,Lic,SN62,Sphagnum fimbriatum Wils. ex Wils. & J. D. Hook.,ML,"4,5"
