plot ID,site,arbeitsname,Name,Betula_pendula_TL,Picea_abies_TL,Pinus_sylvestris_TL,Betula_pubescens_TL,Agrostis_capillaris_HL,Agrostis_stolonifera_HL,Betula_HL,Brachypodium_sylvaticum_HL,Calamagrostis_epigejos_HL,Callitriche_palustris_HL,Calluna_vulgaris_HL,Carex_canescens_HL,Carex_echinata_HL,Carex_nigra_HL,Carex_pilulifera_HL,Carex_rostrata_HL,Deschampsia_cespitosa_HL,Digitalis_purpurea_HL,Dryopteris_carthusiana_HL,Epilobium_angustifolium_HL,Eriophorum_angustifolium_HL,Frangula_alnus_HL,Holcus_lanatus_HL,Juncus_bulbosus_HL,Juncus_effusus_HL,Luzula_multiflora_HL,Luzula_pilosa_HL,Lycopus_europaeus_HL,Molinia_caerulea_HL,Picea_abies_HL,Pinus_sylvestris_HL,Pteridium_aquilinum_HL,Quercus_robur_HL,Rubus_caesius_HL,Salix_aurita_HL,Schedonorus_giganteus_HL,Scrophularia_nodosa_HL,Vaccinium_myrtillus_HL,Vaccinium_oxycoccos_HL,Vaccinium_vitis_idaea_HL,Typha_latifolia_HL,Campylopus_flexuosus_ML,Campylopus_pyriformis_ML,Dicranella_cerviculata_ML,Dicranodontium_denudatum_ML,Dicranum_flagellare_ML,Dicranum_scoparia_ML,Fuscocephaloziopsis_connivens_ML,Hypnum_cupressiforme_ML,Hypnum_jutlandicum_ML,Lepidozia_reptans_ML,Leucobryum_glaucum_ML,Lophocolea_heterophylla_ML,Mnium_hornum_ML,Pohlia_nutans_ML,Polytrichum_formosum_ML,Riccardia_latifrons_ML,Sphagnum_auriculatum_ML,Sphagnum_capillifolium_ML,Sphagnum_cuspidatum_ML,Sphagnum_fallax_ML,Sphagnum_fimbriatum_ML,Sphagnum_girgensohnii_ML,Sphagnum_russowii_ML,Sphagnum_squarrosum_ML,Tetraphis_pellucida_ML,Betula_pendula_SL,Betula_pubescens_SL,Fagus_sylvatica_SL,Frangula_alnus_SL,Picea_abies_SL,Pinus_sylvestris_SL,Salix_aurita_SL
1,Meu_trock,WM1,MT1,0,0,88,0,0,0,0,0,0,0,0,0,0,0,0,0,0,0,0,0,0,0,0,0,0,0,0,0,38,0,0,0,0,0,0,0,0,0,0,0,0,0,0,0,0,0,0,0,0,0,0,0,0,0,0,4.5,0,0,0,0,0,0,0,0,0,0,0,0,0,0,18,0,0
2,Meu_trock,WM2,MT2,0,0,88,0,0,0,0,0,0,0,0,0,0,0,0,0,0,0,0,0,0,0,0,0,0,0,0,0,38,0,0,18,0,0,0,0,0,0.5,0,0,0,0,0,0,0,0,0,0,0,0,0,0,0,0,0,4.5,0,0,0,0,0,0,0,0,0,0,0,0,0,0,0,0,0
3,Meu_trock,WM3,MT3,0,0,38,0,0,0,0,0,0,0,0,0,0,0,0,0,0,0,0,0,0,0,0,0,0,0,0,0,18,0,0,0.5,0,0,0,0,0,4.5,0,0,0,0,0,0,0,0,0,0,0.5,0,0,0,0,0,0,18,0,0,0,0,0,0,0,0,0,0,38,0,0,0,0,0,0
4,Meu_trock,WM4,MT4,0,0,38,0,0,0,0,0,0,0,0,0,0,0,0,0,0,0,0,0,0,0.1,0,0,0,0,0,0,0,0,0.1,18,0,0,0,0,0,4.5,0,0,0,0,0,0,0,0,0,0,0.1,0,0,0,0,0,0,18,0,0,0,0,0,0,0,0,0,0,0,0,0,0,0,0,0
5,Meu_trock,WM5,MT5,0,0,38,0,0,0,0,0,0,0,0,0,0,0,0,0,0,0,0,0,0,0,0,0,0,0,0,0,38,0,0,4.5,0,0,0,0,0,0.5,0,0,0,0,0.1,0,0,0,0,0,0.1,0,0,0,0,0,0,18,0,0,0,0,0,0,0,0,0,0.1,0,0,0,0,0,4.5,0
6,Meu_trock,WM6,MT6,0,0,18,0,0,0,0,0,0,0,0,0,0,0,0,0,0,0,0,0,0,0,0,0,0,0,0,0,18,0,0.1,4.5,0,0.5,0,0,0,0,0,0,0,0,0,0,0,0,0,0,0,0,0,0,0,0,0,4.5,0,0,0,0,0,0,0,0,0,0,0,0,0,0,0,0,0
7,Meu_trock,WM7,MT7,0,0,4.5,0,0,0,0.5,0,0,0,0,0,0,0,0,0,0,0,4.5,0,0,0.1,0,0,0,0,0,0,18,0,0,4.5,0,0,0,0,0,0.5,0,0,0,0,0,0,0,0,0,0,0,0,0,0,0,0,0,4.5,0,0,0,0,0,0,0,0,0,0,0,0,0,0,0,0,0
8,Meu_trock,WM8,MT8,0,0,4.5,0,0,0,0.1,0,0,0,0,0,0,0,0,0,0,0,4.5,0,0,0,0,0,0,0,0,0,38,0,0,0,0,0,0,0,0,0,0,0,0,0,0,0,0,0,0,0,0,0,0,0,0,0,0,4.5,0,0,0,0,0,0,0,0,0,0,0,0,0,0,0,4.5,0
9,Meu_trock,WM9,MT9,0,0,4.5,0,0,0,0.5,0,0,0,0,0,0,0,0,0,0,0,0,0,0,0,0,0,0,0,0,0,63,0,0,0,0,4.5,0,0,0,0,0,0,0,0,0,0,0,0,0,0,0,0,0,0,0,0,0,4.5,0,0,0,0,0,0,0,0,0,0,0,0,0,0,0,4.5,0
10,Meu_trock,WM10,MT10,0,0,0,0,0,0,0,0,0,0,0,0,0,0,0,0,0,0,0,0,0,0,0,0,0,0,0,0,18,0,0.5,0,0,0,0,0,0,0.1,0,0,0,0,0,0,0,0,0,0,0,0,0,0,0,0,0,0.5,0,0,0,0,0,0,0,0,0,0,0,0,0,0,0,4.5,0
11,Meu_trock,WM11,MT11,0,0,0,0,0,0,0.1,0,0,0,0,0,0,0,0,0,0,0,0.5,0,0,0.1,0,0,0,0,0,0,38,0,0,0,0,0,0,0,0,0,0,0,0,0,0,0,0,0,0,0,0,0,0,0,0,0,0,4.5,0,0,0,0,0,0,0,0,0,0,0,0,0,0,0,0,0
12,Meu_trock,WM12,MT12,0,0,0,0,0,0,4.5,0,0,0,0,0,0,0.1,0,0,0,0,0,0,0,0.5,0,0,0,0,0,0,38,0,0.1,0,0,0,0,0,0,0,0,0,0,0,0,0,0,0,0,0,4.5,0,0,0,0,0,0,0,0,0,0,0,0,0,0,0,0,0,0,0,0,4.5,0,0,0
13,Meu_trock,WM13,MT13,0,0,0,0,0,0,0.1,0,0,0,0,0,0,0,0,0,0,0,0,0,0,0.1,0,0,0,0,0,0,18,0,0.1,88,0,0,0,0,0,0,0,0,0,0,0,0,0,0,0,0,0,0,0,0,0,0,0,0,0,0,0,0,0,0,0,0,0,0,0,0,0,0,0,0,0
14,Meu_trock,WM14,MT14,0,0,0,0,0,0,0,0,0,0,0,0,0,0,0,0,0,0,0,0,0,0,0,0,0,0,0,0,18,0,0.1,0,0,0,0,0,0,0,0,0,0,0,0,0,0,0,0,0,0,0,0,0,0,0,0,0,0,0,0,0,0,0,0,0,0,0,0,0,0,0,0,0,0
15,Meu_trock,WM15,MT15,0,0,0,0,0,0,0.1,0,0,0,0,0,0,0,0,0,0,0,0,0,0,0.1,0,0,0,0,0,0,18,0,0,0,0,0,0,0,0,0,0,0,0,0,0,0,0,0,0,0,0,0,0,0,0,0,0,0,0,0,0,0,0,0,0,0,0,0,0,0,0,0,0,0,0
16,Meu_trock,WM16,MT16,0,0,0,0,0,0,4.5,0,0,0,0,0,0,0,0,0,0,0,0,0,0,0,0,0,0,0,0,0,18,0,0.1,0,0,0,0,0,0,0,0,0,0,0,0.1,0,0,0,0,0,0,0,0,0,0,0,0,38,0,0,0,0,0,0,0,0,0,0,0,0,0,0,0,0,0
17,Meu_trock,WM17,MT17,0,0,0,0,0,0,4.5,0,0,0,0,0,0,0,0,0,0,0,0,0,0,0,0,0,0,0,0,0,38,0,4.5,0,0,0,0,0,0,0,0,0,0,0,0,0,0,0,0,0,0,0,0,0,0,0,0,38,0,0,0,0,0,0,0,0,0,0,0,0,0,0,0,0,0
18,Meu_trock,WM18,MT18,0,0,0,0,0,0,4.5,0,0,0,0,0,0,0,0,0,0,0,0,0,0,0,0,0,0,0,0,0,38,0,0.5,0,0,0,0,0,0,0,0,0,0,0,0,0,0,0,0,0,0,0,0,0,0,0,0,38,0,0,0,0,0,0,0,0,0,0,0,0,0,0,0,0,0
19,Meu_trock,WM19,MT19,0,0,0,0,0,0,0,0,0,0,0,0,0,0,0,0,0,0,0,0,0,0,0,0,0,0,0,0,63,0,0,0,0,0,0,0,0,0,0,0,0,0,4.5,0,0,0,0,0,0,0,0,0,0,0,0,18,0,0,0,0,0,0,0,0,0,0,0,0,0,0,0,0,0
20,Meu_trock,WM20,MT20,0,0,0,0,0,0,0,0,0,0,0,0,0,0,0,0,0,0,0,0,0,0.5,0,0,0,0,0,0,88,0,0,0,0,0,0,0,0,0,0,0,0,0,0.1,0,0,0,0.1,0,0.5,0,0,0,0,0,0,0,0,0,0,0,0,0,0,0,0,0,0,0,0,0,0,0,0
21,Meu_trock,WM21,MT21,0,0,0,0,0,0,0.5,0,0,0,0,0,0,0,0,0,0,0,0,0,0,0,0,0,0,0,0,0,63,0,0.5,0,0,0,0,0,0,0,0,0,0,0,0,0,0,0,0,0,0.5,0,0,0,0,0,0,4.5,0,0,0,0,0,0,0,0,0,0,0,0,0,0,0,0,0
22,Meu_trock,WM22,MT22,0,0,0,0,0,0,18,0,0,0,0,0,0,0,0,0,0,0,0.5,0,0,0,0,0,0,0,0,0,63,0,0.5,0,0,0,0,0,0,4.5,0,0,0,0,0,0,0,0,0,0,4.5,0,0,0,0,0,0,18,0,0,0,0,0,0,0,0,0,0,88,0,0,0,0,0,0
23,Meu_trock,WM23,MT23,0,0,0,0,0,0,0.5,0,0,0,0,0,0,0,0,0,0,0,0,0,0,0,0,0,0,0,0,0,38,0,0.5,0,0,0,0,0,0,0,0,0,0,0,0,0,0,0,0,0,0.1,0,0,0,0,0,0,18,0,0,0,0,0,0,0,0,0,0,0,0,0,0,0,0,0
24,Meu_trock,WM24,MT24,0,0,0,0,0,0,0,0,0,0,0,0,0,0.5,0,0,0,0,0,0,0,0,0,0,0,0,0,0,38,0,0.5,0,0,0,0,0,0,4.5,0,0,0,0,0,0,0,0,0,0,0,0,0,0,0,0,0,4.5,0,0,0,0,0,0,0,0,0,0,0,0,0,0.5,0,0,0
25,Meu_trock,WM25,MT25,0,0,0,0,0,0,0,0,0,0,0,0,0,0,0,0,0,0,4.5,0,0,0.5,0,0,0,0,0,0,18,0,0,0,0,0,0,0,0,38,0,0,0,0,0.1,0,0,0,0.1,0,0.5,0,0,0,0,0,0,38,0,0,0,0,0,0,0,0,0,0,0,0,0,4.5,0,0,0
26,Meu_trock,WM26,MT26,0,0,0,0,0,0,0.5,0,0,0,0,0,0,0,0,0,0,0,18,0,0,0.5,0,0,0,0,0,0,18,0,0.5,0,0,0,0,0,0,0,0,0,0,0,0,0,0,0,0,0,4.5,0.1,0,0,0,0,0,18,0,0,0,0,0,0.1,0,0,0,0,0,0,0,38,0,0,0
27,Meu_trock,MO1,MT27,0,0,0,0,0,0,0.1,0,0,0,0,0,0,0,0,0,0,0,18,0,0,0,0,0,0,0,0,0,38,0,0.1,0,0,0,0,0,0,0,0,0,0,0,0,0,0,0,0,0,0,0,0,0,0,0,0,4.5,0,0,0,0,0,0,0,0,0,0,0,0,0,0.5,0,0,0
28,Meu_trock,MO2,MT28,0,0,0,0,0,0,0,0,0,0,0,0,0,0,0,0,0,0,0.5,0,0,0.1,0,0,0,0,0,0,38,0,0,0,0,0,0,0,0,0,0,0,0,0,0,0,0,0,0,0,0,0,0,0,0,0,0,0.5,0,0,0,0,0,0,0,0,0,0,0,0,0,63,0,0,0
29,Meu_trock,MO3,MT29,0,0,0,0,0,0,0.5,0,0,0,0,0,0,0,0,0,0,0,4.5,0,0,0.5,0,0,0,0,0,0,18,0,0.1,0,0.5,0,0,0,0,0,0,0,0,0,0,0,0,0,0,0,0,0.1,0,0,0,0,0,4.5,0,0,0,0,0,0,0,0,0,0,0,0,0,63,0,0,0
30,Meu_trock,MO4,MT30,0,0,0,0,0,0,0,0,0,0,0,0,0,0,0,0,0,0,0.5,0,0,0.5,0,0,0,0,0,0,4.5,0,0.1,0,0,0,0,0,0,0,0,0,0,0,0,0,0,0,4.5,0,0,0.5,0,0,0,0,0,4.5,0,0,0,0,0,0,0,0,0,0,0,0,0,63,0,0,0
31,Meu_trock,MO5,MT31,0,0,0,0,0,0,0,0,0,0,0,0,0,0,0,0,0,0,0,0,0,4.5,0,0,0,0,0,0,0.5,0,0,0,0,0,0,0,0,0,0,0,0,0,0,0,0,0,0.5,0,0,0,0,0,0,0,0,18,0,0,0,0,0,0,0,0,0,0,0,0,0,4.5,0,0,0
32,Meu_trock,MO6,MT32,0,0,0,0,0,0,0,0,0,0,0,0,0,0,0,0,0,0,0.1,0,0,0.1,0,0,0,0,0,0,4.5,0,0,0,0,0,0,0,0,0,0,0,0,0,0,0,0,0,0,0,0,0,0,0,0,0,0,18,0,0,0,0,0,0,0,0,0,0,0,0,0,0.5,0,4.5,0
33,Meu_trock,MO7,MT33,0,0,0,0,0,0,0,0,0,0,0,0,0,0,0,0,0,0,0,0,0,0.5,0,0,0,0,0,0,38,0,0,0,0,0,0,0,0,0,0,0,0,0,0,0,0,0,0,0,0,0,0,0,0,0,0,0.5,0,0,0,0,0,0,0,0,0,0,0,0,0,38,0,0,0
34,Meu_trock,MO8,MT34,0,0,0,0,0,0,0.5,0,0,0,0,0,0,0,0,0,0,0,0,0,0,0,0,0,0,0,0,0,38,0,0.1,0,0,0,0,0,0,0,0,0,0,0,0,0,0,0,0,0,0,0,0,0,0,0,0,0.1,0,0,0,0,0,0,0,0,0,0,0,0,0,0,0,0.5,0
35,Meu_trock,MO9,MT35,0,0,0,0,0,0,0,0,0,0,0,0,0,0,0,0,0,0,0,0,0,0,0,0,0,0,0,0,38,0,0,0,0,0,0,0,0,0,0,0,0,0,0,0,0,0,0,0,0,0,0,0,0,0,0,4.5,0,0,0,0,0,0,0,0,0,0,0,0,0,0,0,4.5,0
36,Meu_trock,MO10,MT36,0,0,0,0,0,0,0,0,0,0,0,0,0,0,0,0,0,0,0,0,0,0,0,0,0,0,0,0,18,0,0,0,0,0,0,0,0,0,0,0,0,0,0.1,0,0,0,0,0,0,0,0,0,0,0,0,18,0,0,0.5,0,0,0,0,0,0,0,0,0,0,0,0,0,0
37,Meu_trock,MO11,MT37,0,0,0,0,0,0,0,0,0,0,0,0,0,0,0,0,0,0,0,0,0,0,0,0,0,0,0,0,18,0,0,0,0,0,0,0,0,0,0,0,0,0,0,0,0,0,0,0,0,0,0,0,0,0,0,18,0,0,0,0,0,0,0,0,0,0,0.5,0,0,0,0,4.5,0
38,Meu_trock,MO12,MT38,0,0,0,0,0,0,0,0,0,0,0,0,0,0,0,0,0,0,0,0,0,0,0,0,0,0,0,0,0,0,0,0,0,0,0,0,0,4.5,0,0,0,0,0,0,0,0,0,0,0,0,0,0,0,0,0,18,0,0,0,0,0,0,0,0,0,0,0,0,0,0,0,0,0
39,Meu_trock,MO13,MT39,0,0,0,0,0,0,0,0,0,0,0,0,0,0,0,0,0,0,0,0,0,0.1,0,0,0,0,0,0,38,0,0.5,0,0,0,0,0,0,0.5,0,0,0,0,0,0,0,0.1,0,0,0,0,0.1,0,0.1,0,0,18,0,0,0,0,0,0,0,0,0,0,0,0,0,4.5,0,0.5,0
40,Meu_trock,MO14,MT40,0,0,0,0,0,0,0.5,0,0,0,0,0,0,0,0,0,0,0,0,0,0,0.1,0,0,0,0,0,0,18,0,0.5,0,0,0,0,0,0,0,0,0,0,0,0,0,0,0,0,0,0,0.5,0,0,0,0,0,4.5,0,0,0,0,0,0,0,0,0,0,0,0,0,0.5,0,0,0
41,Meu_trock,MO15,MT41,0,0,0,0,0,0,0.5,0,0,0,0,0,0,0,0,0,0,0,0,0,0,0,0,0,0,0,0,0,18,0,0.1,0,0,0,0,0,0,4.5,0,0,0,0,0,0,0,0,0,0,0,0.1,0,0,0,0,0,38,0,0,0,0,0,0,0,0,0,0,0,0,0,0.5,0,0,0
42,Meu_trock,MO16,MT42,0,0,0,0,0,0,0.1,0,0,0,0,0,0,0,0,0,0,0,4.5,0,0,0,0,0,0,0,0,0,18,0,0,0,0,0,0,0,0,0,0,0,0,0,0,0,0,0,0,0,0,0,0,0,0,0,0,38,0,0,0,0,0,0,0,0,0,0,0,0,0,0,0,0,0
43,Meu_trock,MO17,MT43,0,0,0,0,0,0,0,0,0,0,0,0,0,0,0,0,0,0,0.5,0,0,0,0,0,0,0,0,0,38,0,0,0,0,0,0,0,0,0,0,0,0,0,0,0,0,0,0,0,0,0,0,0,0,0,0,4.5,0,0,0,0,0,0,0,0,0,0,0,0,0,0,0,0,0
44,Meu_trock,MO18,MT44,0,0,0,0,0,0,0,0,0,0,0,0,0,0,0,0,0,0,0.5,0,0,0,0,0,0,0,0,0,4.5,0,0,0,0,0,0,0,0,0,0,0,0,0,0,0,0,0,0.1,0,0,0,0,0,0,0,0,0.1,0,0,0,0,0,0,0,0,0,0,0,0,0,0,0,0,0
45,Meu_trock,MO19,MT45,0,0,0,0,0,0,0,0,0,0,0,0,0,0,0,0,0,0,0,0,0,0,0,0,0,0,0,0,63,0,0,0,0,0,0,0,0,0,0,0,0,0,0,0,0,0,0,0,0,0.1,0,0,0,0,0,0,0,0,0,0,0,0,0,0,0,0,0,0,0,0,0,0,0
46,Meu_trock,MO20,MT46,0,0,0,0,0,0,0.1,0,0,0,0,0,0,0,0,0,0,0,0,0,0,0,0,0,0,0,0,0,63,0,0,0,0,0,0,0,0,0,0,0,0,0,0,0,0,0,0,0,0,0.5,0,0,0,0,0,0,0,0,0,0,0,0,0,0,0,0,0,0,0,0,0,0,0
47,Meu_trock,MO21,MT47,0,0,0,0,0,0,0,0,0,0,0,0,0,0,0,0,0,0,0,0,0,0,0,0,0,0,0,0,63,0,0,0,0,0,0,0,0,4.5,0,0,0,0,0,0,0,0,0,0,0,0.1,0,0,0,0,0,0.1,0,0,0,0,0,0,0,0,0,0,0,0,0,0,0,0,0
48,Meu_trock,MO22,MT48,0,0,0,0,0,0,0.5,0,0,0,0,0,0,0,0,0,0,0,0,0,0,0,0,0,0,0,0,0,38,0,0,0,0,0,0,0,0,0,0,0,0,0,0,0,0,0,0,0,0,0.1,0,0,0,0,0,0.5,0,0,0,0,0,0,0,0,0,0,0,0,0,4.5,0,0,0
49,Meu_trock,MO23,MT49,0,0,0,0,0,0,0.1,0,0,0,0,0,0,0,0,0,0,0,0,0,0,0,0,0,0,0,0,0,63,0,0,0,0,0,0,0,0,0,0,0,0,0,0,0,0,0,0,0,0,0.1,0,0,0,0,0,0.5,0,0,0,0,0,0,0,0,0,0,0,0,0,0.1,0,0,0
50,Meu_trock,MO24,MT50,0,0,0,0,0,0,4.5,0,0,0,0,0,0,0,0,0,0,0,0,0,0,0.5,0,0,0,0,0,0,63,0,0,0,0,0,0,0,0,0,0,0,0,0,0,0,0,0,0.1,0,0,0.5,0,0,0,0,0,4.5,0,0,0,0,0,0,0,0,0,0,0,0,0,0,0,0,0
51,Meu_trock,MO25,MT51,0,0,0,0,0,0,0.5,0,0,0,0,0,0,0,0,0,0,0,0,0,0,0,0,0,0,0,0,0,63,0,0,0,0,0,0,0,0,0,0,0,0,0,0,0,0,0,0,0,0,0.5,0,0,0,0,0,0.5,0,0,0,0,0,0,0,0,0,0,0,0,0,4.5,0,0,0
52,Meu_trock,MO26,MT52,0,0,0,0,0,0,0.1,0,0,0,0,0,0,0,0,0,0,0,0,0,0,0,0,0,0,0,0,0,38,0,0,0,0,0,0,0,0,0,0,0,0,0,0,0.1,0,0,0,0,0,0.5,0,0,0,0,0,0.5,0,0,0,0,0,0,0,0,0,0,0,0,0,4.5,0,0,0
53,Meu_trock,MO27,MT53,0,0,0,0,0,0,0.1,0,0,0,0,0,0,0,0,0,0,0,0,0,0,0,0,0,0,0,0,0,38,0,0,0,0,0,0,0,0,0,0,0,0,0,0,0.1,0,0,0,0,0,0.5,0,0,0,0,0,4.5,0,0,0,0,0,0,0,0,0,0,0,0,0,0,0,0,0
54,Meu_trock,NM1,MT54,0,0,18,0,0,0,0,0,0,0,0,0,0,0,0,0,0,0,0,0,0,0,0,0,0,0,0,0,18,0,0,18,0,0,0,0,0,4.5,0,0,0,0,0,0,0,0,0,0,0,0,0,0,0,0,0,0,0,0,0,0,0,0,0,0,0,0,0,0,0,0,0,0,0
55,Meu_trock,NM2,MT55,0,0,4.5,0,0,0,0.5,0,0,0,0,0,0,0,0,0,0,0,0,0,0,0,0,0,0,0,0,0,0.5,0,0,63,0,0,0,0,0,38,0,0,0,0,0,0,0,0,0,0,0,0,0,0,0,0,0,0,0,0,0,0,0,0,0,0,0,0,0,0,0,0,0,0,0
56,Meu_trock,NM3,MT56,0,0,0,0,0,0,0.5,0,0,0,0,0,0,0,0,0,0,0,0,0,0,0,0,0,0,0,0,0,4.5,0,0,63,0,0,0,0,0,4.5,0,0,0,0,0,0,0,0,0,0,0,0,0,0,0,0,0,0.1,0,0,0,0,0,0,0,0,0,0,0,0,0,0,0,0,0
57,Meu_trock,NM4,MT57,0,0,0,0,0,0,0.5,0,0,0,0,0,0,0,0,0,0,0,0,0,0,0.1,0,0,0,0,0,0,4.5,0,0.1,38,0,0,0,0,0,0,0,0,0,0,0,0,0,0,0,0,0,0,0,0,0,0,0,0.1,0,0,0,0,0,0,0,0,0,0,0,0,0,0,0,0,0
58,Meu_trock,NM5,MT58,0,0,0,0,0,0,4.5,0,0,0,0,0,0,0,0,0,0,0,0,0,0,0.1,0,0,0,0,0,0,4.5,0,0,88,0,0,0,0,0,0,0,0,0,0,0,0,0,0,0,0,0,0,0,0,0,0,0,0.5,0,0,0,0,0,0,0,0,0,0,0,0,0.5,0,0,0,0
59,Meu_trock,NM6,MT59,0,0,0,0,0,0,4.5,0,0,0,0,0,0,0,0,0,0,0,0,0,0,0,0,0,0,0,0,0,38,0,0,18,0,0,0,0,0,0,0,0,0,0,0,0,0,0,0,0,0,0,0,0,0,0,0,4.5,0,0,0,0,0,0,0,0,0,0,0,0,0,0,0,0,0
60,Meu_trock,NM7,MT60,0,0,0,0,0,0,0.5,0,0,0,0,0,0,0,0,0,0,0,4.5,0,0,0.1,0,0,0,0,0,0,38,0,0,0,0,0,0,0,0,0,0,0,0,0,0,0,0,0,0,0,0,0.5,0,0,0,0,0,0.1,0,0,0,0,0,0,0,0,0,0,0,0,0,4.5,0,0,0
61,Meu_trock,NM8,MT61,0,0,0,0,0,0,0.5,0,0,0,0,0,0,0,0,0,0,0,0,0,0,0,0,0,0,0,0,0,88,0,0.1,0.1,0,0,0,0,0,0,0,0,0,0,0,0,0,0,0,0,0,0.5,0,0,0,0,0,4.5,0,0,0,0,0,0,0,0,0,0,0,0,0,0,0,0,0
62,Meu_trock,NM9,MT62,0,0,0,0,0,0,4.5,0,0,0,0,0,0,0,0,0,0,0,0,0,0,0.1,0,0,0,0,0,0,38,0,0,0,0,0,0,0,0,0,0,0,0,0,0,0,0,0,0,0,0,0,0,0,0,0,0,4.5,0,0,0,0,0,0,0,0,0,0,0,0,0,0,0,0,0
63,Meu_trock,NM10,MT63,0,0,0,0,0,0,0.5,0,0,0,0,0,0,0,0,0,0,0,0,0,0,0.5,0,0,0,0,0,0,88,0,0.1,0,0,0,0,0,0,0,0,0,0,0,0,0,0,0,0.1,0,0,0.1,0,0,0,0,0,4.5,0,0,0,0,0,0,0,0,0,0,0,0,0,4.5,0,0,0
64,Meu_trock,NM11,MT64,0,0,0,0,0,0,0.5,0,0,0,0,0,0,0,0,0,0,0,0,0,0,0,0,0,0,0,0,0,88,0,0.5,0,0,0,0,0,0,0,0,0,0,0,0,0,0,0,0,0,0,0.5,0,0,0.5,0,0,0.5,0,0,0,0,0,0,0,0,0,0,0,0,0,4.5,0,0,0
65,Meu_trock,NM12,MT65,0,0,0,0,0,0,18,0,0,0,0,0,0,0,0,0,0,0,0,0,0,0,0,0,0,0,0,0,0,0,4.5,0,0,0,0,0,0,0,0,0,0,0,0,0,0,0,0,0,0,0.1,0,0,0,0,0,4.5,0,0,0,0,0,0,0,0,0,0,0,0,0,63,0,0,0
66,Meu_trock,NM13,MT66,0,0,0,0,0,0,0.5,0,0,0,0,0,0,0,0,0,0,0,0.5,0,0,0.5,0,0,0,0,0,0,18,0,0,0,0,0,0,0,0,0.5,0,0,0,0,0,0,0,0,0,0,0,0.1,0,0,0,0,0,4.5,0,0,0,0,0,0,0,0,0,0,0,0,0,0,0,4.5,0
67,Meu_trock,NM14,MT67,0,0,0,0,0,0,0.5,0,0,0,0,0,0,0,0,0,0,0,0,0,0,0,0,0,0,0,0,0,4.5,0,0,0,0,0,0,0,0,4.5,0,0,0,0,0,0,0,0,0,0,0,0.5,0,0,0,0,0,18,0,0,0,0,0,0,0,0,0,0,0,0,0,4.5,0,4.5,0
68,Meu_trock,NM15,MT68,0,0,0,0,0,0,0,0,0,0,0,0,0,0,0,0,0,0,0.5,0,0,0.1,0,0,0,0,0,0,4.5,0,0.1,0,0,0,0,0,0,4.5,0,0,0,0,0,0.1,0,0,0,0,0,0.5,0,0,0,0,0.5,0.1,0,0,0,0,0,0,0,0,0,0,0,4.5,0,0,0,4.5,0
69,Meu_trock,NM16,MT69,0,0,0,0,0,0,0,0,0,0,0,0,0,0,0,0,0,0,0,0,0,0,0,0,0,0,0,0,0.5,0,4.5,0,0,0,0,0,0,0.5,0,0,0,0,0,0,0,0,0,0,0,0,0,0,0,0,0,0.5,0,0,0,0,0,0,0,0,0,0,0,0,0,0,0,0,0
70,Meu_trock,NM17,MT70,0,0,0,0,0,0,0.5,0,0,0,0,0,0,0,0,0,0,0,0,0,0,0.5,0,0,0,0,0,0,38,0,0.5,0,0,0,0,0,0,0,0,0,0,0,0,0,0,0,0,0,0,0,0,0,0,0,0.1,0.5,0,0,0,0,0,0,0,0,0,0,0,0,0,0,0,0,0
71,Meu_trock,NM18,MT71,0,0,0,0,0,0,0,0,0,0,0,0,0,0,0,0,0,0,0,0,0,0,0,0,0,0,0,0,38,0,0,0,0,0,0,0,0,0,0,0,0,0,0,0,0,0,0,0,0,4.5,0,0,0,0,0,0,0,0,0,0,0,0,0,0,0,0,0,0,0,0.5,0,0,0
72,Meu_trock,NM19,MT72,0,0,0,0,0,0,0.5,0,0,0,0,0,0,0,0,0,0,0,0,0,0,0,0,0,0,0,0,0,88,0,0.1,0,0,0,0,0,0,38,0,0,0,0,0,0,0,0,0,0,0,0,0,0,0,0,0,0.1,0,0,0,0,0,0,0,0,0,0,0,0,0,0,0,0,0
73,Meu_trock,NM20,MT73,0,0,0,0,0,0,0.5,0,0,0,0,0,0,0,0,0,0,0,0,0,0,0,0,0,0,0,0,0,38,0,0.5,0,0,0,0,0,0,38,0,0,0,0,0.5,0,0,0,0,0,0,0,0,0,0,0,0,38,0,0,0,0,0,0,0,0,0,0,0,0,0,0,0,0,0
74,Meu_trock,NM21,MT74,0,0,0,0,0,0,0.5,0,0,0,0,0,0,0,0,0,0,0,0.5,0,0,0,0,0,0,0,0,0,18,0,0.5,0,0,0,0,0,0,18,0,0,0,0,0.1,0,0,0,0.1,0,0,0,0,0,0,0,0,38,0,0,0,0,0,0,0,0,0,0,0,0,0,0,0,0,0
75,Meu_trock,NM22,MT75,0,0,0,0,0,0,4.5,0,0,0,0,0,0,0,0,0,0,0,4.5,0,0,0,0,0,0,0,0,0,4.5,0,0.5,0,0,0,0,0,0,4.5,0,0,0,0,4.5,0,0,0,4.5,0,0,0,0,0,0,0,0,38,0,0,0,0,0,0,0,0,0,0,0,0,0,0,0,0,0
76,Meu_trock,NM23,MT76,0,0,0,0,0,0,4.5,0,0,0,0,0,0,0,0,0,0,0,4.5,0,0,0.1,0,0,0,0,0,0,38,0,0.5,0,0,0,0,0,0,0,0,0,0,0,0.5,0,0,0,0,0,0,0,0,0,0,0,0,38,0,0,0,0,0,0,0,0,0,0,0,0,0,0,0,0,0
77,Meu_trock,NM24,MT77,0,0,0,0,0,0,4.5,0,0,0,0,0,0,0,0,0,0,0,0,0,0,4.5,0,0,0,0,0,0,18,0,4.5,0,0,0,0,0,0,38,0,0,0,0,0,0,0,0,0,0,0,0,0,0,0,0,0,18,0,0,0,0,0,0,0,0,0,0,0,0,0,0,0,0,0
78,Meu_trock,NM25,MT78,0,0,0,0,0,0,4.5,0,0,0,0,0,0,0,0,0,0,0,0,0,0,0,0,0,0,0,0,0,18,0,0.5,0,0,0,0,0,0,63,0,0,0,0,0,0,0,0,0,0,0,4.5,0,0,0,0,0,4.5,0,0,0,0,0,0,0,0,0,0,0,0,0,0,0,0,0
79,Meu_trock,NM26,MT79,0,0,0,0,0,0,0,0,0,0,0,0,0,0,0,0,0,0,0,0,0,0,0,0,0,0,0,0,4.5,0,0.5,0,0,0,0,0,0,0,0,0,0,0,0.1,0,0,0,0,0,0,0,0,0,0,0,0,0.5,0,0,0,0,0,0,0,0,0,0,0,0,0,0,0,0,0
80,Meu_trock,NM27,MT80,0,0,0,0,0,0,4.5,0,0,0,0,0,0,0,0,0,0,0,4.5,0,0,0.1,0,0,0,0,0,0,38,0,0,0,0,0.5,0,0,0,0,0,0,0,0,0,0,0,0,0,0,0,0.5,0,0,0,0,0,4.5,0,0,0,0,0,0,0,0,0,0,0,0,0,0,0,0,0
81,Meu_trock,NM28,MT81,0,0,0,0,0,0,4.5,0,0,0,0,0,0,0,0,0,0,0,4.5,0,0,0,0,0,0,0,0,0,63,0,0.5,0,0,0,0,0,0,0,0,0,0,0,0,0,0,0,0,0,0,0,0,0,0,0,0,4.5,0,0,0,0,0,0,0,0,0,0,0,0,0,0,0,0,0
82,Meu_trock,NM29,MT82,0,0,0,0,0,0,0.5,0,0,0,0,0,0,0,0,0,0,0,4.5,0,0,0.5,0,0,0,0,0,0,18,0,0,0,0,0,0,0,0,0,0,0,0,0,0,0,0,0,0,0,0,4.5,0,0,0,0,0,4.5,0,0,0,0,0,0,0,0,0,0,0,0,0,38,0,0,0
83,Meu_trock,SM1,MT83,0,0,0,4.5,0,0,0.1,0,0,0,0,0,0,0,0,0,0,0,0,0,0,0.5,0,0,0,0,0,0,4.5,0,0,0,0,0,0,0,0,0,0,0,0,0.1,0,0,0,0,0.1,0,4.5,0,0,0,0,0,0,0,0,0,0,0,0,0,0,0,0,0,0,0,0,0,0,0,0
84,Meu_trock,SM2,MT84,0,0,0,4.5,0,0,0,0,0,0,0,0,0,0,0,0,0,0,0,0,0,0.1,0,0,0,0,0,0,18,0,0,0,0,0,0,0,0,0,0,0,0,0.1,0,0,0,0,0,0,0.5,0,0,0,0,0,0,0,0,0,0,0,0,0,0,0,0,0,0,0,0,0,0,0,0
85,Meu_trock,SM3,MT85,0,0,0,0,0,0,0.5,0,0,0,0,0,0,0,0,0,0,0,4.5,0,0,0,0,0,0,0,0,0,88,0,0,4.5,0,0,0,0,0,0,0,0,0,0.1,0,0,0,0,0.1,0,0.5,0,0,0,0,0,0,4.5,0,0,0,0,0,0,0,0,0,0.1,0,0,0,0,0,0,0
86,Meu_trock,SM4,MT86,0,0,0,0,0,0,0,0,0,0,0,0,0,0,0,0,0,0,18,0,0,0.5,0,0,0,0,0,0,18,0,0,0,0,0,0,0,0,0,0,0,0,0,0,0,0,0,0,0,4.5,0,0,0,0,0,0,4.5,0,0,0,0,0,0,0,0,0,0,0,0,0,0,0,0,0
87,Meu_trock,SM5,MT87,0,0,0,0,0,0,0.5,0,0,0,0,0,0,0,0,0,0,0,4.5,0,0,0,0,0,0,0,0,0,18,0,0.1,0,0,0,0,0,0,4.5,0,0,0,0,0,0,0,0,0,0,18,0,0,0,0,0,0,0.5,0,0,0,0,0,0,0,0,0,0,4.5,0,0,4.5,0,0,0
88,Meu_trock,SM6,MT88,0,0,0,0,0,0,0.1,0,0,0,0,0,0,0,0,0,0,0,0,0,0,4.5,0,0,0,0,0,0,18,0,0,0,0,0,0,0,0,4.5,0,0,0,0,0,0,0,0,0,0,4.5,0,0,0,0,0.5,0.5,0,0,0,0,0,0,0,0,0,0,0,0,0,0,38,0,0,0
89,Meu_trock,SM7,MT89,0,0,0,0,0,0,0,0,0,0,0,0,0,0,0,0,0,0,18,0,0,0.5,0,0,0,0,0,0,18,0,0,0,0,0,0,0,0,18,0,0,0,0,0,0,0,0,0,0,18,0,0,0,0,0,0,4.5,0,0,0,0,0,0,0,0,0,0,0,0,0,18,0,0,0
90,Meu_trock,SM8,MT90,0,0,0,0,0,0,0.1,0,0,0,0,0,0,0,0,0,0,0,0.5,0,0,0.1,0,0,0,0,0,0,18,0,0.1,0,0,0,0,0,0,0.1,0,0,0,0,0,0,0,0,0.5,0,18,0,0,0,0,0.5,0.5,4.5,0,0,0,0,0,0,0,0,0,0,0,0,0,0,0,0,0
91,Meu_trock,SM9,MT91,0,0,0,0,0,0,0,0,0,0,0,0,0,0,0,0,0,0,0,0,0,0.1,0,0,0,0,0,0,38,0,0,0,0,0,0,0,0,0,0,0,0,0,0,0,0,0,0,0,4.5,0,0,0,0,0,0,0.5,0,0,0,0,0,0,0,0,0,0,0,0,0,0,0,0,0
92,Meu_trock,SM10,MT92,0,0,0,0,0,0,0,0,0,0,0,0,0,0,0,0,0,0,0,0,0,0.5,0,0,0,0,0,0,63,0,0,0,0,0,0,0,0,0,0,0,0,0,0,0,0,0,0,0,0.1,0,0,0,0,0,0,0.1,0,0,0,0,0,0,0,0,0,0,0,0,0,0.5,0,0,0
93,Meu_trock,SM11,MT93,0,0,0,0,0,0,0,0,0,0,0,0,0,0,0,0,0,0,0,0,0,0.5,0,0,0,0,0,0,38,0,0,18,0,0,0,0,0,0,0,0,0,0,0,0,0,0,0,0,0.5,0,0,0,0,0,0,18,0,0,0,0,0,0,0,0,0,0,0,0,0,4.5,0,0,0
94,Meu_trock,SM12,MT94,0,0,0,0,0,0,0,0,0,0,0,0,0,0,0,0,0,0,4.5,0,0,0.5,0,0,0,0,0,0,38,0,0.1,4.5,0,0,0,0,0,0,0,0,0,0,0,0,0,0.5,0,0,0,0,0,0,0,0,0,0,0,0,0,0,0,0,0,0,0,0.5,0,0,0,0,0,0,0
95,Meu_trock,SM13,MT95,0,0,0,0,0,0,0,0,0,0,0,0,0,0,0,0,0,0,4.5,0,0,4.5,0,0,0,0,0,0,38,0,0,63,0,0,0,0,0,0,0,0,0,0,0,0,0,0.5,0,0,0,0,0,0,0,0,0,18,0,0,0,0,0,0,0,0,0,0.5,0,0,0,18,0,0,0
96,Meu_trock,SM14,MT96,0,0,0,0,0,0,0,0,0,0,0,0,0,0,0,0,0,0,0,0,0,0.5,0,0,0,0,0,0,18,0,0,18,0,0,0,0,0,0,0,0,0,0,0,0,0,0,0,0,0.5,0,0,0,0,0,0,38,0,0,0,0,0,0,0,0,0,0,0,0,0,0,0,0,0
97,Meu_trock,SM15,MT97,0,0,0,0,0,0,0.5,0,0,0,0,0,0,0,0,0,0,0,0,0,0,0,0,0,0,0,0,0,38,0,0,4.5,0,0,0,0,0,0,0,0,0,0,0,0,0,0.5,0,0,0.5,0,0,0,0,0,0,38,0,0,0,0,0,0,0,0,0,0,0,0,0,0,0,0,0
98,Meu_trock,SM16,MT98,0,0,0,0,0,0,0.1,0,0,0,0,0,0,0,0,0,0,0,0,0,0,0,0,0,0,0,0,0,4.5,0,0,0,0,0,0,0,0,0,0,0,0,0,0,0,0.5,0.5,0,0,0,0,0,0,0,0,0.5,4.5,0,0,0,0,0,0,0,0,0,0.5,0,0,0,4.5,0,0,0
99,Meu_trock,SM17,MT99,0,0,0,0,0,0,0.1,0,0,0,0,0,0,0,0,0,0,0,4.5,0,0,0,0,0,0,0,0,0,4.5,0,0.5,0,0,0,0,0,0,0,0,0,0,0.5,0,0,0.5,0,0,0,0,0,0,0,0,0,0.5,4.5,0,0,0,0,0,0,0,0,0,0.5,0,0,0,0,0,0,0
100,Meu_trock,SM18,MT100,0,0,0,0,0,0,0,0,0,0,0,0,0,0,0,0,0,0,0,0,0,0,0,0,0,0,0,0,0.5,0,0.1,0,0,0,0,0,0,4.5,0,0,0,0,0,0.5,0,0,0,0,0,0,0,0,0,0,0,0.5,0,0,0,0,0,0,0,0,0,0.5,0,0,0,0,0,0,0
101,Meu_trock,SM19,MT101,0,0,0,0,0,0,0,0,0,0,0,0,0,0,0,0,0,0,0.5,0,0,0,0,0,0,0,0,0,4.5,0,0.1,0,0,0,0,0,0,38,0,0,0,0,0,0,0,0,0,0,0,0,0,0,0,0,0,38,0,0,0,0,0,0,0,0,0,0,0,0,0,0,0,0,0
102,Meu_trock,SM20,MT102,0,0,0,0,0,0,0,0,0,0,0,0,0,0,0,0,0,0,4.5,0,0,0,0,0,0,0,0,0,88,0,0,0,4.5,0,0,0,0,0,0,0,0,0,0,0,0,0,0,0,0.1,0,0,0,0,0,0,4.5,0,0,0,0,0,0,0,0,0,0,0,0,0,0,0,0,0
103,Meu_trock,SM21,MT103,0,0,0,0,0,0,0.1,0,0,0,0,0,0,0,0,0,0,0,4.5,0,0,0.1,0,0,0,0,0,0,4.5,0,0.1,0,0,0,0,0,0,0,0,0,0,0,0,0,0,0,0,0,0.5,0,0,0,0,0,0,4.5,0,0,0,0,0,0,0,0,0,0,0,0,0,0,0,0,0
104,Meu_trock,SM22,MT104,0,0,0,0,0,0,0.1,0,0,0,0,0,0,0,0,0,0,0,0,0,0,0,0,0,0,0,0,0,4.5,0,0,0,0,0,0,0,0,0.5,0,0,0,0,0,0,0,0,0,0,0.5,0,0,0,0,0,0,4.5,0,0,0,0,0,0,0,0,0,0,0,0,0,0,0,0,0
105,Meu_trock,SM23,MT105,0,0,0,0,0,0,0,0,0,0,0,0,0,0,0,0,0,0,0,0,0,0,0,0,0,0,0,0,63,0,0,0,0,0,0,0,0,0.1,0,0,0,0,0,0,0,0,0,0,0,0,0,0,0,0,0,4.5,0,0,0,0,0,0,0,0,0,0,0,0,0,0,0,0,0
106,Meu_trock,SM24,MT106,0,0,0,0,0,0,0.1,0,0,0,0,0,0,0,0,0,0,0,0,0,0,0.1,0,0,0,0,0,0,88,0,0,0,0,0,0,0,0,0,0,0,0,0,0,0,0,0,0,0,0,0,0,0,0,0,0,0,0,0,0,0,0,0,0,0,0,0,0,0,0,0,0,0,0
107,Meu_trock,SM25,MT107,0,0,0,0,0,0,0,0,0,0,0,0,0,0,0,0,0,0,0.5,0,0,4.5,0,0,0,0,0,0,88,0,0,0,0,0,0,0,0,18,0,0,0,0,0,0,0,0,0,0,0,0,0,0,0,0,0,0.1,0,0,0,0,0,0,0,0,0,0.1,0,0,0,0,0,0,0
108,Meu_trock,SM26,MT108,0,0,0,0,0,0,0.5,0,0,0,0,0,0,0,0,0,0,0,18,0,0,4.5,0,0,0,0,0,0,38,0,0,0,0,0,0,0,0,4.5,0,0,0,0,0,0,0,0,0,0,4.5,0,0,0,0,0,0,4.5,0,0,0,0,0,0,0,0,0,0.5,0,0,0,18,0,0,0
109,Meu_trock,SM27,MT109,0,0,0,0,0,0,4.5,0,0,0,0,0,0,0,0,0,0,0,4.5,0,0,0.5,0,0,0,0,0,0,38,0,0.5,0,0,0,0,0,0,4.5,0,0,0,0,0,0,0,0,0,0,0.5,0,0,0,0,0,0,0.5,0,0,0,0,0,0,0,0,0,0,0,0,0,0,0,0,0
110,Meu_trock,SM28,MT110,0,0,0,0,0,0,4.5,0,0,0,0,0,0,0,0,0,0,0,4.5,0,0,0,0,0,0,0,0,0,38,0,0.5,0,0,0,0,0,0,0,0,0,0,0.1,0,0,0,0,0,0,0,0,0,0,0,0,0,4.5,0,0,0,0,0,0,0,0,0,0,0,0,0,0,0,0,0
111,Meu_trock,SM29,MT111,0,0,0,0,0,0,0,0,0,0,0,0,0,0,0,0,0,0,4.5,0,0,0,0,0,0,0,0,0,38,0,4.5,0,0,0,0,0,0,0,0,0,0,0,0,0,0,0,0,0,0,0,0,0,0,0,0,4.5,0,0,0,0,0,0,0,0,0,0,0,0,0,0,0,0,0
112,Meu_trock,SM30,MT112,0,0,0,0,0,0,0,0,0,0,0,0,0,0,0,0,0,0,0,0,0,0,0,0,0,0,0,0,0,0,0,0,0,0,0,0,0,0,0,0,0,0,0,0,0,0,0,0,0,0,0,0,0,0,0,0,0,0,0,0,0,0,0,0,0,0,0,0,0,0,0,0,0
113,Meu_nass,OM1,MN1,0,0,38,0,0,0,0,0,0,0,0,0,0,0,0,0,0,0,0,0,0,0,0,0,0,0,0,0,38,0,0,0,0,0,0,0,0,18,0,0,0,0,0,0,0,0,0.5,0,38,0,0,0,0,0,0,0,0,0,0,0,18,0,0,0,0,0,0,0,0,0,0,0,0
114,Meu_nass,OM2,MN2,0,0,38,0,0,0,0,0,0,0,0,0.5,0,0,0,0,0,0,0,0,0,0,0,0,0,0,0,0,38,0,0,0,0,0,0,0,0,0,0,0,0,0,0,0,0,0,0,0,4.5,0,0,0,0,0,0,0.5,0,0,0,0,4.5,0,0,0,0,0,0,0,0,0,0,0,0
115,Meu_nass,OM3,MN3,0,0,4.5,0,0,0,0,0,0,0,0,0,0,0,0,0,0,0,0,0,0,0,0,0,0,0,0,0,38,0,0,0,0,0,0,0,0,0,0,0,0,0.1,0,0,0,0,0,0,4.5,0,0,0,0,0,0,0,0,0,0,0,4.5,0,0,0,0,0.1,0,0,0,0,0,0,0
116,Meu_nass,OM4,MN4,0,0,0,0,0,0,0,0,0,0,0,0,0,0,0,0,0,0,0,0,0,0,0,0,0,0,0,0,38,0,0,0,0,0,0,0,0,0,0,0,0,0,0,0,0,0,0,0,4.5,0,0,0,0,0,0,0,0,0,0,0,0,0,0,0,0,0,0,0,0,0,0,0,0
117,Meu_nass,OM5,MN5,0,0,0,0,0,0,0,0,0,0,0,0,0,0,0,0,0,0,0,0,0,0,0,0,0,0,0,0,18,0,0.1,0,0,0,0,0,0,0,0,0,0,0,0,0,0,0,0,0,0,0,0,0,0,0,0,0.5,0,0,0,0,88,0,0,0,0,0,0,0,0,0,0,0,0
118,Meu_nass,OM6,MN6,0,0,0,0,0,0,0,0,0,0,0,0,0,0,0,0,0,0,0,0,0,0,0,0,0,0,0,0,18,0,0,0,0,0,0,0,0,0,0,0,0,0,0,0,0,0,0.1,0,0.1,0,0,0,0,0,0,0.1,0,0,0,0,88,0,0,0,0,0,0,0,0,0,0,0,0
119,Meu_nass,OM7,MN7,0,0,0,0,0,0,0,0,0,0,0,0,0,0,0,0,0,0,0,0,0,0,0,0,0,0,0,0,18,0,0,0,0,0,0,0,0,0,0,0,0,0,0,0,0,0,0,0,0,0,0,0,0,0,0,0,0,0,0,0,88,0,0,0,0,0,0,0,0,0,0,0,0
120,Meu_nass,OM8,MN8,0,0,0,0,0,0,0,0,0,0,0,0,0,0,0,4.5,0,0,0,0,0,0,0,0,0,0,0,0,18,0,0,0,0,0,0,0,0,0,0,0,0,0,0,0,0,0,0,0,0,0,0,0,0,0,0,0.5,0,0,0,0,63,0,0,0,0,0,0,0,0,0,0,0,0
121,Meu_nass,OM9,MN9,0,0,0,0,0,0,0,0,0,0,0,0,0,0,0,18,0,0,0,0,0,0,0,0,4.5,0,0,0,4.5,0,0,0,0,0,0,0,0,0,0,0,0,0,0,0,0,0,0,0,0,0,0,0,0,0,0,0,0,0,0,18,63,0,0,0,0,0,0,0,0,0,0,0,0
122,Meu_nass,OM10,MN10,0,0,0,0,0,0,0.5,0,0,0,0,0,0,0,0,4.5,0,0,0,0,0,0,0,0,0,0,0,0,63,0,0,0,0,0,0,0,0,0,0,0,0,0,0,0,0,0,0,0,4.5,0,0,0,0,0,0,0,0,0,0,4.5,38,0,0,0,0,0,0,0,0,0,0,0,0
123,Meu_nass,OM11,MN11,0,0,0,0,0,0,0,0,0,0,0,0,0,0,0,4.5,0,0,0,0,0,0,0,0,4.5,0,0,0,4.5,0,0,0,0,0,0,0,0,0,0,0,0,0,0,0,0,0,0,0,0,0,0,0,0,0,0,0,0,0,0,38,38,0,0,0,0,0,0,0,0,0,0,0,0
124,Meu_nass,OM12,MN12,0,0,0,0,0,0,0,0,0,0,0,0,0,0,0,18,0,0,0,0,0,0,0,0,18,0,0,0,0,0,0,0,0,0,0,0,0,0,0,0,0,0,0,0,0,0,0,0,0,0,0,0,0,0,0,0,0,0,0,63,18,0,0,0,0,0,0,0,0,0,0,0,0
125,Meu_nass,OM13,MN13,0,0,0,0,0,0,0,0,0,0,0,0,0,0,0,18,0,0,0,0,0,0,0,0,38,0,0,0,4.5,0,0,0,0,0,0,0,0,0,0,0,0,0,0,0,0,0,0,0,0,0,0,0,0,0,0,0,0,0,0,0,63,0,0,0,0,0,0,0,0,0,0,0,0
126,Meu_nass,OM14,MN14,0,0,0,0,0,0,0,0,0,0,0,0,0,0,0,4.5,0,0,0,0,0,0,0,0,0.5,0,0,0,18,0,0,0,0,0,0,0,0,0,0,0,0,0,0,0,0,0,0,0,0,0,0,0,0,0,0,0,0,0,0,18,63,0,0,0,0,0,0,0,0,0,0,0,0
127,Meu_nass,OM15,MN15,0,0,0,0,0,0,0,0,0,0,0,0,0,0,0,4.5,0,0,0,0,0,0,0,0,0,0,0,0,38,0,0,0,0,0,0,0,0,0,0,0,0,0,0,0,0,0,0,0,0,0,0,0,0,0,0,0.5,0,0,0,18,38,0,0,0,0,0,0,0,0,0,0,0,0
128,Meu_nass,OM16,MN16,0,0,0,0,0,0,0,0,0,0,0,0,0,0,0,4.5,0,0,0,0,0,0,0,0,0,0,0,0,0.5,0,0,0,0,0,0,0,0,0,0,0,0,0,0,0,0,0,0,0,0,0,0,0,0,0,0,0,0,0,0,0,88,0,0,0,0,0,0,0,0,0,0,0,0
129,Meu_nass,OM17,MN17,0,0,0,0,0,0,0,0,0,0,0,0,0,0,0,0.5,0,0,0,0,0,0,0,0,18,0,0,0,4.5,0,0,0,0,0,0,0,0,0,0,0,0,0,0,0,0,0,0,0,0,0,0,0,0,0,0,0,0,0,0,0,63,0,0,0,0,0,0,0,0,0,0,0,0
130,Meu_nass,OM18,MN18,0,0,0,0,0,0,0,0,0,0,0,0,0,0,0,0,0,0,0,0,0,0,0,0,0,0,0,0,38,0,0,0,0,0,0,0,0,0,0,0,0,0,4.5,0,0,0,0,0,38,0,0,0.5,0,0,0,0,0,0,0,0,4.5,0,0,0,0,0,0,0,0,0,0,0,0
131,Meu_nass,OM19,MN19,0,0,0,0,0,0,0,0,0,0,0,0,0,0,0,0,0,0,0,0,0,0,0,0,38,0,0,0,4.5,0,0,0,0,0,0,0,0,0,0,0,0,0,0,0,0,0,0,0,0,0,0,0,0,0,0,0,0,0,0,0,88,0,0,0,0,0,0,0,0,0,0,0,0
132,Meu_nass,OM20,MN20,0,0,0,0,0,0,0,0,0,0,0,0,0,0,0,0,0,0,0,0,0,0,0,0,63,0,0,0,0,0,0,0,0,0,0,0,0,0,0,0,0,0,0,0,0,0,0,0,0,0,0,0,0,0,0,0,0,0,0,0,63,0,0,0,0,0,0,0,0,0,0,0,0
133,Meu_nass,OM21,MN21,0,0,0,0,0,0,0,0,0,0,0,0,0,0,0,0.5,0,0,0,0,0,0,0,0,4.5,0,0,0,0,0,0,0,0,0,0,0,0,0,0,0,0,0,0,0,0,0,0,0,0,0,0,0,0,0,0,0,0,0,0,88,4.5,0,0,0,0,0,0,0,0,0,0,0,0
134,Meu_nass,OM22,MN22,0,0,0,0,0,0,0,0,0,0,0,0,0,0,0,0.5,0,0,0,0,0,0,0,0,18,0,0,0,0,0,0,0,0,0,0,0,0,0,0,0,0,0,0,0,0,0,0,0,0,0,0,0,0,0,0,0,0,0,0,88,4.5,0,0,0,0,0,0,0,0,0,0,0,0
135,Meu_nass,OM23,MN23,0,0,0,0,0,0,0,0,0,0,0,0,0,0,0,0.5,0,0,0,0,0,0,0,0,38,0,0,0,0,0,0,0,0,0,0,0,0,0,0,0,0,0,0,0,0,0,0,0,0,0,0,0,0,0,0,0,0,0,0,88,4.5,0,0,0,0,0,0,0,0,0,0,0,0
136,Meu_nass,OM24,MN24,0,0,0,0,0,0,0,0,0,0,0,0,0,0,0,0.5,0,0,0,0,0,0,0,0,38,0,0,0,0,0,0,0,0,0,0,0,0,0,0,0,0,0,0,0,0,0,0,0,0,0,0,0,0,0,0,0,0,0,0,88,0.5,0,0,0,0,0,0,0,0,0,0,0,0
137,Meu_nass,OM25,MN25,0,0,0,0,0,0,0,0,0,0,0,0,0,0,0,18,0,0,0,0,0,0,0,0,38,0,0,0,0,0,0,0,0,0,0,0,0,0,0,0,0,0,0,0,0,0,0,0,0,0,0,0,0,0,0,0,0,0,0,63,18,0,0,0,0,0,0,0,0,0,0,0,0
138,Meu_nass,OM26,MN26,0,0,0,0,0,0,0,0,0,0,0,0,0,0,0,38,0,0,0,0,0,0,0,0,4.5,0,0,0,0,0,0,0,0,0,0,0,0,0,0,0,0,0,0,0,0,0,0,0,0,0,0,0,0,0,0,0,0,0,0,88,4.5,0,0,0,0,0,0,0,0,0,0,0,0
139,Meu_nass,OM27,MN27,0,0,0,0,0,0,0,0,0,0,0,0,0,0,0,38,0,0,0,0,0,0,0,0,38,0,0,0,0,0,0,0,0,0,0,0,0,0,0,0,0,0,0,0,0,0,0,0,0,0,0,0,0,0,0,0,0,0,0,38,38,0,0,0,0,0,0,0,0,0,0,0,0
140,Meu_nass,OM28,MN28,0,0,0,0,0,0,0,0,0,0,0,0,0,0,0,18,0,0,0,0,0,0,0,0,0.5,0,0,0,0.5,0,0,0,0,0,0,0,0,0,0,0,0,0,0,0,0,0,0,0,0,0,0,0,0,0,0,0,0,0,0,63,0,0,0,0,0,0,0,0,0,0,0,0,0
141,Meu_nass,OM29,MN29,0,0,0,0,0,0,0,0,0,0,0,0,0,0,0,18,0,0,0,0,0,0,0,0,18,0,0,0,0,0,0,0,0,0,0,0,0,0,0,0,0,0,0,0,0,0,0,0,0,0,0,0,0,0,0,0,0,0,0,88,4.5,0,0,0,0,0,0,0,0,0,0,0,0
142,Meu_nass,OM30,MN30,0,0,0,0,0,0,0,0,0,0,0,0.5,0,0,0,38,0,0,0,0,0,0,0,0,4.5,0,0,0,0,0,0,0,0,0,0,0,0,0,0,0,0,0,0,0,0,0,0,0,0,0,0,0,0,0,0,0,0,0,0,63,4.5,0,0,0,0,0,0,0,0,0,0,0,0
143,Meu_nass,OM31,MN31,0,0,0,0,0,0,0,0,0,0,0,4.5,0,0,0,38,0,0,0,0,0,0,0,0,4.5,0,0,0,0,0,0,0,0,0,0,0,0,0,0,0,0,0,0,0,0,0,0,0,0,0,0,0,0,0,0,0,0,0,0,63,4.5,0,0,0,0,0,0,0,0,0,0,0,0
144,Meu_nass,OM32,MN32,0,0,0,0,0,0,0,0,0,0,0,0,0,0,0,18,0,0,0,0,0,0,0,0,18,0,0,0,0,0,0,0,0,0,0,0,0,0,0,0,0,0,0,0,0,0,0,0,0,0,0,0,0,0,0,0,0,0,0,38,18,0,0,0,0,0,0,0,0,0,0,0,0
145,Meu_nass,SM1,MN33,0,0,88,0,0,0,0,0,0,0,0,0,0,0,0,0,0,0,0,0,0,0,0,0,0,0,0,0,0,0,0,4.5,0,0,0,0,0,63,0,0,0,0,0,0,0,0,0,0,4.5,0,0,0,0,0,0,0,0,0,0,0,0,0,0,0,0,0,0,0,0,0,0,0,0
146,Meu_nass,SM2,MN34,0,0,63,0,0,0,0,0,0,0,0,0,0,0,0,0,0,0,0,0,0,0,0,0,0,0,0,0,0,0,0,4.5,0,0,0,0,0,38,0,0,0,0,0,0,0,0,0,0,4.5,0,0,0,0,0,0,0,0,0,0,0,0,0,0,18,0,0,0,0,0,0,0,0,0
147,Meu_nass,SM3,MN35,0,0,4.5,0,0,0,0,0,0,0,0,0,0,0,0,0,0,0,0,0,0,0,0,0,0,0,0,0,4.5,0,0,0,0,0,0,0,0,63,0,0,0,0,0,0,0,0,0,0,0.5,0,0,0,0,0,0,0,0,0,0,0,0,0,0,38,0,0,0,0,0,0,0,0,0
148,Meu_nass,SM4,MN36,0,0,0,0,0,0,0,0,0,0,0,0,0,0,0,0,0,0,0,0,0,0,0,0,0,0,0,0,18,0,0,0,0,0,0,0,0,88,0,0,0,0,0,0,0,0,0,0,0.5,0,0,0,0,0,0,0,0,0,0,0,0,0,0,4.5,0,0,0,0,0,0,0,0,0
149,Meu_nass,SM5,MN37,0,0,0,0,0,0,0,0,0,0,0,0,0,0,0,0,0,0,0,0,0,0,0,0,0,0,0,0,38,0,0,0,0,0,0,0,0,4.5,0,0,0,0,0,0,0,0,0,0,4.5,0,0,0,0,0,0,0,0,0,0,0,18,0,0,0,0,0,0,0,0,0,0,0,0
150,Meu_nass,SM6,MN38,0,0,0,0,0,0,0,0,0,0,0,4.5,0,0,0,0,0,0,0,0,0,0,0,0,0,0,0,0,4.5,0,0,0,0,0,0,0,0,18,0,0,0,0,0,0,0,0,0,0,4.5,0,0,0,0,0,0,0,0,0,0,0,63,0,0,0,0,0,0,0,0,0,0,0,0
151,Meu_nass,SM7,MN39,0,0,0,0,0,0,0,0,0,0,0,0,0,0,0,0,0,0,0,0,0,0,0,0,0,0,0,0,0,0,0,0,0,0,0,0,0,88,0,0,0,0,0,0,0,0,0,0,4.5,0,0,0.5,0,0,0,0,0,0,0,0,0,0,0,0,0,0,0,0,0,0,0,0,0
152,Meu_nass,SM8,MN40,0,0,0,0,0,0,0,0,0,0,0,0,0,0,0,0,0,0,0,0,0,0,0,0,0,0,0,0,4.5,0,0,0,0,0,0,0,0,38,0,0,0,0,0,0,0,0.1,0,0,18,0,0,0,0,0,0,0,0,0,0,0,4.5,0,0,0.5,0,0.1,0,0,0,0,0,0,0
153,Meu_nass,SM9,MN41,0,0,0,0,0,0,0,0,0,0,0,0,0,0,0,0,0,0,0,0,0,0,0,0,0.1,0,0,0,4.5,0,0,0,0,0,0,0,0,0.1,0,0,0,0,0,0,0,0,0,0,0,0,0,0,0,0,0,0,0,0,0,18,18,0,0,0,0,0,0,0,0,0,0,0,0
154,Meu_nass,SM10,MN42,0,0,0,0,0,0,0,0,0,0,0,0,0,0,0,0,0,0,0,0,0,0,0,0,38,0,0,0,4.5,0,0.1,0,0,0,0,0,0,0,0,0,0,0,0,0,0,0,0,0,0.5,0,0,0,0,0,0,0.1,0,0,0,18,18,0,0,0,0,0,0,0,0,0,0,0,0
155,Meu_nass,SM11,MN43,0,0,0,0,0,0,0,0,0,0,0,0.5,0,0,0,0,0,0,0,0,0,0,0,0,18,0,0,0,4.5,0,0.5,0,0,0,0,0,0,0,0,0,0,0,0,0,0,0,0,0,0,0,0,0,0,0,0,0,0,0,0,38,38,0,0,0,0,0,0,0,0,0,0,0,0
156,Meu_nass,SM12,MN44,0,0,0,0,0,0,0,0,0,0,0,0,0,0,0,0,0,0.5,0,0,0,0,0,0,38,0,0,0,0,0,0,0,0,0,0,0,0,0,0,0,0,0,0,0,0,0,0,0,0,0,0,0,0,0,0,0,0,0,0,38,38,0,0,0,0,0,0,0,0,0,0,0,0
157,Meu_nass,SM13,MN45,0,0,0,0,0,0,0,0,0,0,0,4.5,0,0,0,0,0,0,0,0,0,0,0,0,38,0,0,0,4.5,0,0.1,0,0,0,0,0,0,0,0,0,0,0,0,0,0,0,0,0,0,0,0,0,0,0,0,0,0,0,0,38,38,0,0,0,0,0,0,0,0,0,0,0,0
158,Meu_nass,SM14,MN46,0,0,0,0,0,0,0,0,0,0,0,4.5,0,0,0,4.5,0,0,0,0,0,0,0,0,38,0,0,0,0,0,0,0,0,0,0,0,0,0,0,0,0,0,0,0,0,0,0,0,0,0,0,0,0,0,0,0,0,0,0,38,18,0,0,0,0,0,0,0,0,0,0,0,0
159,Meu_nass,SM15,MN47,0,0,0,0,0,0,0,0,0,0,0,0,0,0,0,4.5,0,0,0,0,0,0,0,0,18,0,0,0,0,0,0,0,0,0,0,0,0,0,0,0,0,0,0,0,0,0,0,0,0.5,0,0,0,0,0,0,0,0,0,0,4.5,63,0,0,0,0,0,0,0,0,0,0,0,0
160,Meu_nass,SM16,MN48,0,0,0,0,0,0,0,0,0,0,0,0,0,0,0,0.5,0,0,0,0,0,0,0,0,38,0,0,0,0,0,0,0,0,0,0,0,0,0,0,0,0,0,0,0,0,0,0,0,0,0,0,0,0,0,0,0,0,0,0,63,63,0,0,0,0,0,0,0,0,0,0,0,0
161,Meu_nass,SM17,MN49,0,0,0,0,0,0,0,0,0,0,0,0,0,0,0,0,0,0,0,0,0,0,0,0,0,0,0,0,0,0,0,0,0,0,0,0,0,0,0,0,0,0,0,0,0,0,0,0,0,0,0,0,0,0,0,0,0,0,0,63,63,0,0,0,0,0,0,0,0,0,0,0,0
162,Meu_nass,SM18,MN50,0,0,0,0,0,0,0,0,0,0,0,0,0,0,0,4.5,0,0,0,0,0,0,0,0,18,0,0,0,0,0,0,0,0,0,0,0,0,0,0,0,0,0,0,0,0,0,0,0,0,0,0,0,0,0,0,0,0,0,0,63,38,0,0,0,0,0,0,0,0,0,0,0,0
163,Meu_nass,SM19,MN51,0,0,0,0,0,0,0,0,0,0,0,0,0,0,0,4.5,0,0,0,0,0,0,0,0,38,0,0,0,0,0,0,0,0,0,0,0,0,0,0,0,0,0,0,0,0,0,0,0,0,0,0,0,0,0,0,0,0,0,0,38,38,0,0,0,0,0,0,0,0,0,0,0,0
164,Meu_nass,SM20,MN52,0,0,0,0,0,0,0,0,0,0,0,0,0,0,0,4.5,0,0,0,0,0,0,0,0,38,0,0,0,0,0,0,0,0,0,0,0,0,0,0,0,0,0,0,0,0,0,0,0,0,0,0,0,0,0,0,0,0,0,0,38,63,0,0,0,0,0,0,0,0,0,0,0,0
165,Meu_nass,SM21,MN53,0,0,0,0,0,0,0,0,0,0,0,0,0,0,0,4.5,0,0,0,0,0,0,0,0,38,0,0,0,0,0,0,0,0,0,0,0,0,0,0,0,0,0,0,0,0,0,0,0,0,0,0,0,0,0,0,0,0,0,0,18,63,0,0,0,0,0,0,0,0,0,0,0,0
166,Meu_nass,SM22,MN54,0,0,0,0,0,0,0,0,0,0,0,0,0,0,0,18,0,0,0,0,0,0,0,0,18,0,0,0,0,0,0,0,0,0,0,0,0,0,0,0,0,0,0,0,0,0,0,0,0,0,0,0,0,0,0,0,0,0,0,38,38,0,0,0,0,0,0,0,0,0,0,0,0
167,Meu_nass,SM23,MN55,0,0,0,0,0,0,0,0,0,0,0,0,0,0,0,38,0,0,0,0,0,0,0,0,38,0,0,0,0,0,0,0,0,0,0,0,0,0,0,0,0,0,0,0,0,0,0,0,0,0,0,0,0,0,0,0,0,0,0,18,63,0,0,0,0,0,0,0,0,0,0,0,0
168,Meu_nass,NM1,MN56,0,0,38,0,0,0,0,0,0,0,0,0,0,0,0,0,0,0,0,0,0,0,0,0,0,0,0,0,4.5,0,0.1,0,0,0,0,0,0,0,0,0,0,0,0.5,0,0,0,0,0,0.5,0.5,0,0,0,0,0,0,0,0,0,0,0,0,0,0,0,0,0,0,0,0,0,0,0
169,Meu_nass,NM2,MN57,0,0,18,0,0,0,0,0,0,0,0,0,0,0,0,0,0,0,0,0,0,0,0,0,0,0,0,0,38,0,0,0,0,0,0,0,0,0,0,0,0,0,0.5,0,0,0,0,0,0,0,0,0,0,0,0,0,0,0,0,0,0,0,0,0,0,0,0,0,0,0,0,0,0
170,Meu_nass,NM3,MN58,0,0,88,0,0,0,0,0,0,0,0,0,0,0,0,0,0,0,0,0,0,0,0,0,4.5,0,0,0,38,0,0,0,0,0,0,0,0,0,0,0,0,0,0,0,0,0,0,0,0,0,0,0,0,0,0,0,0,0,0,18,0,0,0,0,0,0,0,0,0,0,0,0,0
171,Meu_nass,NM4,MN59,0,0,88,0,0,0,0,0,0,0,0,0,0,0,0,0,0,0,0,0,0,0,0,0,63,0,0,0,4.5,0,0,0,0,0,0,0,0,0,0,0,0,0,0,0,0,0,0,0,0,0,0,0,0,0,0,0,0,0,0,38,0,0,0,0,0,0,0,0,0,0,0,0,0
172,Meu_nass,NM5,MN60,0,0,88,0,0,0,0,0,0,0,0,4.5,0,0,0,4.5,0,0,0,0,0,0,0,0,18,0,0,0,0,0,0,0,0,0,0,0,0,0,0,0,0,0,0,0,0,0,0,0,0,0,0,0,0,0,0,0,0,0,0,38,0,0,0,0,0,0,0,0,0,0,0,0,0
173,Meu_nass,NM6,MN61,0,0,38,0,0,0,0,0,0,0,0,0,0,0,0,4.5,0,0,0,0,0,0,0,0,4.5,0,0,0,0,0,0,0,0,0,0,0,0,0,0,0,0,0,0,0,0,0,0,0,0,0,0,0,0,0,0,0,0,0,0,4.5,0,0,0,0,0,0,0,0,0,0,0,0,0
174,Meu_nass,NM7,MN62,0,0,0,0,0,0,0.5,0,0,0,0,0,0,0,0,18,0,0,0,0,0,0,0,0,0,0,0,0,0,0,0,0,0,0,0,0,0,0,0,0,0,0,0,0,0,0,0.1,0,0,0,0,0,0,0,0,0,0,0,0,0.1,0,0,0,0,0,0,0,0,0,0,0,0,0
175,Meu_nass,NM8,MN63,0,0,0,0,0,0,0,0,0,0,0,0,0,0,0,4.5,0,0,0,0,0,0,0,0,18,0,0,0,0,0,0,0,0,0,0,0,0,0,0,0,0,0,0,0,0,0,0,0,0,0,0,0,0,0,0,0,0,0,0,38,0,0,0,0,0,0,0,0,0,0,0,0,0
176,Meu_nass,NM9,MN64,0,0,0,0,0,0,0,0,0,0,0,0.5,0,0,0,4.5,0,0,0,0,0,0,0,0,4.5,0,0,0,38,0,0,0,0,0,0,0,0,0,0,0,0,0,0.5,0,0,0,0,0,0,0,0,0,0,0,0,0,0,0,0,63,0,0,0,0,0,0,0,0,0,0,0,0,0
177,Meu_nass,NM10,MN65,0,0,0,0,0,0,0,0,0,0,0,0,0,0,0,4.5,0,0,0,0,0,0,0,0,4.5,0,0,0,0,0,0,0,0,0,0,0,0,0,0,0,0,0,0,0,0,0,0,0,0,0,0,0,0,0,0,0,0,0,0,88,0,0,0,0,0,0,0,0,0,0,0,0,0
178,Meu_nass,NM11,MN66,0,0,0,0,0,0,0.5,0,0,0,0,0.5,0,0,0,4.5,0,0,0.1,0,0,0,0,0,0,0,0,0,38,0,0.5,0,0,0,0,0,0,0,0,0,0,0,4.5,0,0,0,0,0.1,0.1,0,0,0,0,0,0,0.1,0,0,0,38,0,0,0,0,0,0.1,0,0,0,0,0,0,0
179,Meu_nass,NM12,MN67,0,0,0,0,0,0,4.5,0,0,0,0,0,0,0,0,0,0,0,0,0,0,0,0,0,0,0,0,0,38,0,0,0,0,0,0,0,0,0,0,0,0,0,38,0,0,0,0,0,0.5,0,0,0,0,0,0.1,0,0,0,0,18,0,0,0,0,0,0,0,0,0,0,0,0,0
180,Meu_nass,NM13,MN68,0,0,0,0,0,0,0,0,0,0,0,0,0,0,0,38,0,0,0,0,0,0,0,0,4.5,0,0,0,0,0,0,0,0,0,0,0,0,0,0,0,0,0,18,0,0,0,0,0,0,0,0,0,0,0,0.1,0,0,0,0,38,0,0,0,0,0,0,0,0,0,0,0,0,0
181,Meu_nass,NM14,MN69,0,0,0,0,0,0,0,0,0,0,0,0,0,0,0,18,0,0,0,0,0,0,0,0,0,0,0,0,0,0,0,0,0,0,0,0,0,0,0,0,0,0,0,0,0,0,0,0,0,0,0,0,0,0,0,0,0,0,0,38,0,0,0,0,0,0,0,0,0,0,0,0,0
182,Meu_nass,NM15,MN70,0,0,0,0,0,0,0,0,0,0,0,0,0,0,0,18,0,0,0,0,0,0,0,0,0,0,0,0,0,0,0,0,0,0,0,0,0,0,0,0,0,0,0,0,0,0,0,0,0,0,0,0,0,0,0,0,0,0,0,88,0,0,0,0,0,0,0,0,0,0,0,0,0
183,Meu_nass,NM16,MN71,0,0,0,0,0,0,0,0,0,0,0,0,0,0,0,38,0,0,0,0,0,0,0,0,0,0,0,0,0,0,0,0,0,0,0,0,0,0,0,0,0,0,0,0,0,0,0,0,0,0,0,0,0,0,0,0,0,0,0,63,0,0,0,0,0,0,0,0,0,0,0,0,0
184,Meu_nass,NM17,MN72,0,0,0,0,0,0,0,0,0,0,0,0,0,0,0,38,0,0,0,0,0,0,0,0,0,0,0,0,0,0,0,0,0,0,0,0,0,0,0,0,0,0,0,0,0,0,0,0,0,0,0,0,0,0,0,0,0,0,0,38,0,0,0,0,0,0,0,0,0,0,0,0,0
185,Meu_nass,NM18,MN73,0,0,0,0,0,0,0,0,0,0,0,0,0,0,0,38,0,0,0,0,0,0,0,0,0,0,0,0,0,0,0,0,0,0,0,0,0,0,0,0,0,0,0,0,0,0,0,0,0,0,0,0,0,0,0,0,0,0,0,63,0,0,0,0,0,0,0,0,0,0,0,0,0
186,Meu_nass,NM19,MN74,0,0,0,0,0,0,0,0,0,0,0,0,0,0,0,38,0,0,0,0,0,0,0,0,0,0,0,0,0,0,0,0,0,0,0,0,0,0,0,0,0,0,0,0,0,0,0,0,0,0,0,0,0,0,0,0,0,0,0,63,0,0,0,0,0,0,0,0,0,0,0,0,0
187,Meu_nass,NM20,MN75,0,0,0,0,0,0,0,0,0,0,0,0,0,0,0,38,0,0,0,0,0,0,0,0,0,0,0,0,0,0,0,0,0,0,0,0,0,0,0,0,0,0,0,0,0,0,0,0,0,0,0,0,0,0,0,0,0,0,0,63,0,0,0,0,0,0,0,0,0,0,0,0,0
188,Meu_nass,NM21,MN76,0,0,0,0,0,0,0,0,0,0,0,0,0,0,0,63,0,0,0,0,0,0,0,0,0,0,0,0,0,0,0,0,0,0,0,0,0,0,0,0,0,0,0,0,0,0,0,0,0,0,0,0,0,0,0,0,0,0,0,38,0,0,0,0,0,0,0,0,0,0,0,0,0
189,Meu_nass,NM22,MN77,0,0,0,0,0,0,0,0,0,0,0,0,0,0,0,18,0,0,0,0,0,0,0,0,4.5,0,0,0,0,0,0,0,0,0,0,0,0,0,0,0,0,0,0,0,0,0,0,0,0,0,0,0,0,0,0,0,0,0,0,88,0,0,0,0,0,0,0,0,0,0,0,0,0
190,Meu_nass,WM1,MN110,0,0,88,0,0,0,0,0,0,0,0,0,0,0,0,0,0,0,0,0,0,0,0,0,0,0,0,0,0,0,0.5,0,0,0,0,0,0,38,0,0,0,0,0,0,0,0,0.1,0,4.5,0,0,0,0,0,0,0.1,0,0,0,0,0,0,0,0,0,0,0,0,0,0,0,4.5,0
191,Meu_nass,WM2,MN111,0,0,63,0,0,0,0,0,0,0,0,0,0,0,0,0,0,0,0,0,0,0,0,0,0,0,0,0,4.5,0,0.5,0,0,0,0,0,0,38,0,0,0,0,0,0,0,0,0,0,4.5,0,0,0,0,0,0,4.5,0,0,0,0,0,0,0,0,0,0,4.5,0,0,0,0,18,0
192,Meu_nass,WM3,MN112,0,0,38,0,0,0,0,0,0,0,0,0,0,0,0,0,0,0,0,0,0,0,0,0,0,0,0,0,38,0,0.5,0,0,0,0,0,0,4.5,0,0,0,0,0,0,0,0,0,0,4.5,0,0,0,0,0,0,0.5,0,0,0,0,0,0,0,0,0,0,0,0,0,0,0,0,0
193,Meu_nass,WM4,MN113,0,0,4.5,0,0,0,0,0,0,0,0,0,0,0,0,0,0,0,0,0,0,0,0,0,0,0,0,0,38,0,0,0,4.5,0,0,0,0,0,0,0,0,0,0,0,0,0,0,0,0.5,0,0,0,0,0,0,0,0,0,0,0,0,0,0,0,0,0,0,0,0,0,0,0,0
194,Meu_nass,WM5,MN114,0,0,4.5,0,0,0,0,0,0,0,0,0,0,0,0,0,0,0,0,0,0,0,0,0,0,0,0,0,88,0,0,0,0,0,0,0,0,0,0,0,0,0,0,0,0,0,0,0,4.5,0,0,0,0,0,0,0,0,0,0,0,0,0,0,0,0,0,0,0,0,0,0,0,0
195,Meu_nass,WM6,MN115,0,0,4.5,0,0,0,0,0,0,0,0,0,0,0,0,0,0,0,0,0,0,0,0,0,0,0,0,0,88,0,0,0,0,0,0,0,0,0,0,0,0,0,0,0,0,0,0,0,4.5,0,0,0,0,0,0,0,0,0,0,0,0,0,0,0,0,0,0,0,0,0,0,0,0
196,Meu_nass,WM7,MN116,0,0,0,0,0,0,0,0,0,0,0,0,0,0,0,0,0,0,0,0,0,0,0,0,0,0,0,0,88,0,0,0,0,0,0,0,0,0,0,0,0,0,0,0,0,0,0,0,4.5,0,0,0,0,0,0,0,0,0,0,0,0,0,0,0,0,0,0,0,0,0,0,0,0
197,Meu_nass,WM8,MN117,0,0,0,0,0,0,0,0,0,0,0,0,0,0,0,0,0,0,0,0,0,0,0,0,4.5,0,0,0,38,0,0.1,0,0,0,0,0,0,0,0,0,0,0,0,0,0,0,0.1,0,4.5,0,0,0,0,0,0,0,0,0,0,0,38,0,0,0,0,0,0,0,0,0,0,0,0
198,Meu_nass,WM9,MN118,0,0,0,0,0,0,0,0,0,0,0,4.5,0,0,0,0,0,0,0,0,0,0,0,0,0.5,0,0,0,18,0,0.1,0,0,0,0,0,0,0,0,0,0,0,0,0,0,0,0,0,0,0,0,0,0,0,0,0,0,0,0,4.5,63,0,0,0,0,0,0,0,0,0,0,0,0
199,Meu_nass,WM10,MN119,0,0,0,0,0,0,0,0,0,0,0,0,0.5,0,0,0,0,0,0,0,0,0,0,0,4.5,0,0,0,38,0,0,0,0,0,0,0,0,0,0,0,0,0,0,0,0,0,0,0,0,0,0,0,0,0,0,0,0,0,0,0,63,0,0,0,0,0,0.5,0,0,0,0,0,0
200,Meu_nass,WM11,MN120,0,0,0,0,0,0,0,0,0,0,0,0.1,0,0,0,0,0,0,0,0,0,0,0,0,4.5,0,0,0,18,0,0,0,0,0,0,0,0,0,0,0,0,0,0,0,0,0,0.1,0,0.5,0,0,0,0,0,0,0,0,0,0,18,0,0,0,0,0,0,0,0,0,0,0,0,0
201,Meu_nass,WM12,MN121,0,0,0,0,0,0,0,0,0,0,0,4.5,0,0,0,0,0,0,0,0,0,0,0,0,4.5,0,0,0,38,0,0,0,0,0,0,0,0,0,0,0,0,0,0,0,0,0,0.1,0,0.5,0,0,0,0,0,0,0,0,0,0,38,0,0,0,0,0,0,0,0,0,0,0,0,0
202,Meu_nass,WM13,MN122,0,0,0,0,0,0,0,0,0,0,0,0,0,0,0,0.5,0,0,0,0,0,0,0,0,18,0,0,0,4.5,0,0,0,0,0,0,0,0,0,0,0,0,0,0,0,0,0,0,0,0,0,0,0,0,0,0,0,0,0,0,38,4.5,0,0,0,0,0,0,0,0,0,0,0,0
203,Meu_nass,WM14,MN123,0,0,0,0,0,0,0,0,0,0,0,0,0,0,0,4.5,0,0,0,0,0,0,0,0,18,0,0,0,0,0,0,0,0,0,0,0,0,0,0,0,0,0,0,0,0,0,0,0,0.5,0,0,0,0,0,0,0,0,0,0,0,38,0,0,0,0,0,0,0,0,0,0,0,0
204,Meu_nass,WM15,MN124,0,0,0,0,0,0,0.5,0,0,0,0,0,0.1,0,0,18,0,0,0,0,0,0,0,0,38,0,0,0,0,0,0,0,0,0,0,0,0,0,0,0,0,0,0,0,0,0,0.5,0,4.5,0,0,0,0,0,0,0,0,0,0,4.5,0,0,0,0,0,4.5,0,0,0,0,0,0,0
205,Meu_nass,WM16,MN125,0,0,0,0,0,0,0,0,0,0,0,0,0,0,0,18,0,0,0,0,0,0,0,0,18,0,0,0,0,0,0,0,0,0,0,0,0,0,0,0,0,0,0,0,0,0,0.5,0,0,0,0,0,0,0,0,0,0,0,0,0,4.5,0,0,0,0,0,0,0,0,0,0,0,0
206,Meu_nass,WM17,MN126,0,0,0,0,0,0,0,0,0,0,0,0,0,0,0,38,0,0,0,0,0,0,0,0,18,0,0,0,0,0,0,0,0,0,0,0,0,0,0,0,0,0,0,0,0,0,0,0,0,0,0,0,0,0,0,0,0,0,0,0,38,0,0,0,0,0,0,0,0,0,0,0,0
207,Meu_nass,WM18,MN127,0,0,0,0,0,0,0,0,0,0,0,0,0,0,0,63,0,0,0,0,0,0,0,0,4.5,0,0,0,0,0,0,0,0,0,0,0,0,0,0,0,0,0,0,0,0,0,0,0,0,0,0,0,0,0,0,0,0,0,0,0,38,0,0,0,0,0,0,0,0,0,0,0,0
208,Meu_nass,WM19,MN128,0,0,0,0,0,0,0,0,0,0,0,0,0,0,0,18,0,0,0,0,0,0,0,0,18,0,0,0,0,0,0,0,0,0,0,0,0,0,0,0,0,0,0,0,0,0,0,0,0,0,0,0,0,0,0,0,0,0,0,88,0,0,0,0,0,0,0,0,0,0,0,0,0
209,Meu_nass,WM20,MN129,0,0,0,0,0,0,0,0,0,0,0,0,0,0,0,38,0,0,0,0,0,0,0,0,18,0,0,0,0,0,0,0,0,0,0,0,0,0,0,0,0,0,0,0,0,0,0,0,0,0,0,0,0,0,0,0,0,0,0,63,0,0,0,0,0,0,0,0,0,0,0,0,0
210,Meu_nass,WM21,MN130,0,0,0,0,0,0,0,0,0,0,0,0,0,0,0,38,0,0,0,0,0,0,0,0,4.5,0,0,0,0,0,0,0,0,0,0,0,0,0,0,0,0,0,0,0,0,0,0,0,0,0,0,0,0,0,0,0,0,0,0,88,0,0,0,0,0,0,0,0,0,0,0,0,0
211,Meu_nass,WM22,MN131,0,0,0,0,0,0,0,0,0,0,0,0,0,0,0,38,0,0,0,0,0,0,0,0,0.5,0,0,0,0,0,0,0,0,0,0,0,0,0,0,0,0,0,0,0,0,0,0,0,0,0,0,0,0,0,0,0,0,0,0,88,0,0,0,0,0,0,0,0,0,0,0,0,0
212,Meu_nass,WM23,MN132,0,0,0,0,0,0,0,0,0,0,0,0,0,0,0,18,0,0,0,0,0,0,0,0,0.5,0,0,0,0,0,0,0,0,0,0,0,0,0,0,0,0,0,0,0,0,0,0,0,0,0,0,0,0,0,0,0,0,0,0,88,0,0,0,0,0,0,0,0,0,0,0,0,0
213,Meu_nass,WM24,MN133,0,0,0,0,0,0,0,0,0,0,0,0,0,0,0,18,0,0,0,0,0,0,0,0,0,0,0,0,0,0,0,0,0,0,0,0,0,0,0,0,0,0,0,0,0,0,0,0,0,0,0,0,0,0,0,0,0,0,0,88,0,0,0,0,0,0,0,0,0,0,0,0,0
214,Meu_nass,WM25,MN134,0,0,0,0,0,0,0,0,0,0,0,0,0,0,0,0,0,0,0,0,0,0,0,0,0,0,0,0,0,0,0,0,0,0,0,0,0,0,0,0,0,0,0,0,0,0,0,0,0,0,0,0,0,0,0,0,0,0,0,88,0,0,0,0,0,0,0,0,0,0,0,0,0
215,Meu_nass,WM26,MN135,0,0,0,0,0,0,0,0,0,0,0,0,0,0,0,18,0,0,0,0,0,0,0,0,18,0,0,0,0,0,0,0,0,0,0,0,0,0,0,0,0,0,0,0,0,0,0,0,0,0,0,0,0,0,0,0,0,0,0,88,0,0,0,0,0,0,0,0,0,0,0,0,0
216,Meu_nass,WM27,MN136,0,0,0,0,0,0,0,0,0,0,0,0,0,0,0,4.5,0,0,0,0,0,0,0,0,0,0,0,0,0,0,0,0,0,0,0,0,0,0,0,0,0,0,0,0,0,0,0,0,0,0,0,0,0,0,0,0,0,0,0,88,0,0,0,0,0,0,0,0,0,0,0,0,0
217,Meu_nass,WM28,MN137,0,0,0,0,0,0,0,0,0,0,0,0,0,0,0,4.5,0,0,0,0,0,0,0,0,0,0,0,0,0,0,0,0,0,0,0,0,0,0,0,0,0,0,0,0,0,0,0,0,0,0,0,0,0,0,0,0,0,0,0,88,0,0,0,0,0,0,0,0,0,0,0,0,0
218,Meu_nass,WM29,MN138,0,0,0,0,0,0,0,0,0,0,0,0,0,0,0,18,0,0,0,0,0,0,0,0,0,0,0,0,0,0,0,0,0,0,0,0,0,0,0,0,0,0,0,0,0,0,0,0,0,0,0,0,0,0,0,0,0,0,0,88,0,0,0,0,0,0,0,0,0,0,0,0,0
219,Meu_nass,WM30,MN139,0,0,0,0,0,0,0,0,0,0,0,0,0,0,0,4.5,0,0,0,0,0,0,0,0,0,0,0,0,0,0,0,0,0,0,0,0,0,0,0,0,0,0,0,0,0,0,0,0,0,0,0,0,0,0,0,0,0,0,0,88,0,0,0,0,0,0,0,0,0,0,0,0,0
220,Meu_nass,WM31,MN140,0,0,0,0,0,0,0,0,0,0,0,0,0,0,0,4.5,0,0,0,0,0,0,0,0,0,0,0,0,0,0,0,0,0,0,0,0,0,0,0,0,0,0,0,0,0,0,0,0,0,0,0,0,0,0,0,0,0,0,0,63,0,0,0,0,0,0,0,0,0,0,0,0,0
221,Meu_nass,WM32,MN141,0,0,0,0,0,0,0,0,0,0,0,0,0,0,0,18,0,0,0,0,0,0,0,0,4.5,0,0,0,0,0,0,0,0,0,0,0,0,0,0,0,0,0,0,0,0,0,0,0,0,0,0,0,0,0,0,0,0,0,0,88,0,0,0,0,0,0,0,0,0,0,0,0,0
222,Lic,OW1,L1,0,0,88,0,0,0,4.5,0,0,0.1,0,0,0,0,0,0,0,0,0,0,0,0.5,0,0,0,0,0,0.5,0.5,0,0.1,0,0,0,0,0,0,0.5,0,0,0,0,18,0,0,0,0,0,18,0,0,0,0,0.5,0,0.1,0,0,0,0,0,0,0,0,0,0,4.5,0,0,0,0,0,0
223,Lic,OW2,L2,0,0,0,0,0,0,4.5,0,0,0.1,0,0,0,0,0,0,0,0,0,0,0,0.5,0,0,0.1,0,0,0.1,0,0,0.1,0,0,0.5,0,0,0,4.5,0,0,0,0,0.5,0,0,0,0.5,0,38,0,0,0,0,0,0,0.5,0,0,0,0,0,0,0.5,0,0,0,0,0,0,0,0,0,0
224,Lic,OW3,L3,0,0,0,0,0,0,0.5,0,0,0,0,0,0,0,0,0,0,0,0.5,0,0,0.5,0,0,88,0,0,0.5,0,0,0,0,0,4.5,0,0,0.5,0,0,0,4.5,0,0,0,0,0,0,0,0,0,0,0,0,0,0,0,0,0,0,0,0,0,0,0,0,0,0,0,0,0,0,0,0
225,Lic,OW4,L4,0,0,0,0,0,0,0,0,0,0,0,0,0,0,0,0,0,0,0,0,0,0,0,0,88,0,0,0.5,0,0,0,0,0,4.5,0,0,0,0,0,0,0,0,0,0,0,0,0,0,0,0,0,0,0,0,0,0,0,0,0,0,0,0,0,0,4.5,0,0,0,0,0,0,0,0
226,Lic,OW5,L5,0,0,0,0,0,0,4.5,0,0,0,0,0,0,0,0,0,0,0,0,0,0,4.5,0,0,38,0,0,0,0,0,0.1,0,0,0,0,0,0,0,0,0,0,0,0,0,0,0,4.5,0,38,0,0,0,0,0,0,0.5,0,0,0,0,0,0,0,0,0,0,0,0,0,0,0,0,0
227,Lic,OW6,L6,0,0,0,0,0,0,0.5,0,0,0,0,4.5,0,0,0,0,0,0,0.1,0,0,0.5,0,0,88,0,0,4.5,0,0,0.1,0,0,0,0.5,0,0,0.1,0,0,0.1,0,0,0,0,0,0,0,0.1,0,0,0,0,0,0,0.1,0,0,0,0,0,0,0,0,0,0,0,0,0,0,0,0,0
228,Lic,OW7,L7,0,0,0,0,0,0,0.5,0,0,0,0,0,0,0,0,0,0,0,0.1,0,0,4.5,0,0,0,0,0,0,4.5,0,0,0,0,0.5,0,0,0,4.5,0,0,0,0,0,0,0,0,0,0,4.5,0,0,0,0,0,0,4.5,0,0,0,0,0,0,0,18,0,0,0,0,0,63,0,0,0
229,Lic,OW8,L8,0,0,0,0,0,0,0.5,0,0,0,0,4.5,0,0,0,0,0,0,0,0,0,0,0,0,38,0,0,0,4.5,0,0,0,0,0,0,0,0,0,0,0,0,0,0.1,0,0,0,0,0,0.1,0.1,0,0,0,0,0,0,0,0,4.5,0,0,0,0,0,0,0,0,0,0,4.5,0,0,0
230,Lic,OW9,L9,0,0,0,0,0,0,4.5,0,0,0,0,0,0,0,0,0,0,0,0,0,0,4.5,0,0,0,0,0,0,0.5,0,0,0,0,0,0,0,0,4.5,0,0,0,0,0,0,0,0,0,0,18,0,0,4.5,0,0,0,0,0,0,0,0,0,0,0,38,0,0,18,0,0,63,0,0,0
231,Lic,OW10,L10,0,0,0,0,0,0,0,0,0,0,0,0,0,0,0,0,0,0,0,0,0,0,0,0,0,0,0,0,63,0,0.5,0,0,0,0,0,0,0,0,0,0,0,0,0,0,0,0,0,0,0,0,0,0,0,0,0,0,0,0,38,0,0,0,0,0,0,4.5,0,0,0,0,0,0
232,Lic,OW11,L11,0,0,0,0,0,0,0.1,0,0,0,0,0,0,0,0,0,0,0,0,0,0.5,0,0,0,0,0,0,0,38,0,0,0,0,0,0,0,0,4.5,0,0,0,0,0,0,0,0,0,0,4.5,0,0,0,0,0,0,0,0,0,0,38,0,0,0,0,0,0,0,0,0,0,0,0,0
233,Lic,OW12,L12,0,0,0,0,0,0,0,0,0,0,0,0,0,0,0,0,0,0,0,0,4.5,0,0,0,0,0,0,0,88,0,0,0,0,0,0,0,0,0,0,0,0,0,0,0,0,0,0,0,0,0,0,0,0,0,0,0,0,0,0,18,0,0,0,0,0,0,0,0,0,0,0,0,0
234,Lic,OW13,L13,0,0,0,0,0,0,0,0,0,0,0,0,0,0,0,0,0,0,0,0,4.5,0,0,0,0,0,0,0,88,0,0,0,0,0,0,0,0,0,0,0,0,0,0,0,0,0,0,0,0,0,0,0,0,0,0,0,0,0,0,18,0,0,0,0,0,0,0,0,0,0,0,0,0
235,Lic,OW14,L14,0,0,0,0,0,0,0,0,0,0,0,0,0,0,0,0,0,0,0,0,38,0,0,0,0,0,0,0,4.5,0,0,0,0,0,0,0,0,0,0,0,0,0,0,0,0,0,0,0,0,0,0,0,0,0,0,0,0,0,0,0,63,0,0,0,0,0,0,0,0,0,0,0,0
236,Lic,OW15,L15,0,0,0,0,0,0,0,0,0,0,0,0,0,0,0,0,0,0,0,0,38,0,0,0,0,0,0,0,4.5,0,0.1,0,0,0,0,0,0,0,0,0,0,0,0,0,0,0,0,0,0,0,0,0,0,0,0,0,0,0,0,0,63,0,0,0,0,0,0,0,0,0,0,0,0
237,Lic,OW16,L16,0,0,0,0,0,0,0,0,0,0,0,0,0,0,0,0,0,0,0,0,38,0,0,0,0,0,0,0,0,0,0,0,0,0,0,0,0,0,0,0,0,0,0,0,0,0,0,0,0,0,0,0,0,0,0,0,0,0,0,0,4.5,0,0,0,0,0,0,0,0,0,0,0,63
238,Lic,OW17,L17,0,0,0,0,0,0,0,0,0,0,0,0,0,0,0,0,0,0,4.5,0,4.5,4.5,0,0,0,0,0,0,4.5,0,0,0,0,0,0,0,0,4.5,0,0,0,0,0,0,0,0,0,0,0,18,0,0,0,0,0,0.5,0,0,0,0,63,0,0,0,0,0,0,0,0,0,0,0,4.5
239,Lic,OW18,L18,0,0,0,0,0,0,0,0,0,0,0,0,0,0,0,0,0,0,0,0,18,0,0,0,0,0,0,0,18,0,0,0,0,0,0,0,0,0,0,0,0,0,0,0,0,0,0,0,0,0,0,0,0,0,0,0,0,0,0,0,38,0,0,0,0,0,0,0,0,0,0,0,0
240,Lic,OW19,L19,0,0,0,0,0,0,0,0,0,0,0,0,0,0,0,0,0,0,0,0,38,0,0,0,0,0,0,0,4.5,0,0,0,0,0,0,0,0,0,0,0,0,0,0,0,0,0,0,0,0,0,0,0,0,0,0,0,0,0,0,0,38,0,0,0,0,0,0,0,0,0,0,0,0
241,Lic,OW20,L20,0,0,0,0,0,0,0,0,0,0,0,0,0,0,0,0,0,0,0,0,38,0,0,0,0,0,0,0,4.5,0,0,0,0,0,0,0,0,0,0,0,0,0,0,0,0,0,0,0,0,0,0,0,0,0,0,0,0,0,0,0,38,0,0,0,0,0,0,0,0,0,0,0,0
242,Lic,OW21,L21,0,0,0,0,0,0,0,0,0,0,0,0,0,0,0,0,0,0,0,0,38,0,0,0,0,0,0,0,0.5,0,0,0,0,0,0,0,0,0,0,0,0,0,0,0,0,0,0,0,0,0,0,0,0,0,0,0,0,0,0,0,63,0,0,0,0,0,0,0,0,0,0,0,0
243,Lic,OW22,L22,0,0,0,0,0,0,0,0,0,0,0,0,0,0,0,0,0,0,0,0,38,0,0,0,0,0,0,0,0,0,0,0,0,0,0,0,0,0,0,0,0,0,0,0,0,0,0,0,0,0,0,0,0,0,0,0,0,0,0,0,38,0,0,0,0,0,0,0,0,0,0,0,0
244,Lic,OW23,L23,0,0,0,0,0,0,0,0,0,0,0,0,0,0,0,0,0,0,0,0,38,0,0,0,0,0,0,0,4.5,0,0,0,0,0,0,0,0,0,0,0,0,0,0,0,0,0,0,0,0,0,0,0,0,0,0,0,0,0,0,0,38,0,0,0,0,0,0,0,0,0,0,0,0
245,Lic,OW24,L24,0,0,0,0,0,0,0,0,0,0,0,0,0,0,0,0,0,0,0,0,38,0,0,0,0,0,0,0,4.5,0,0,0,0,0,0,0,0,0,0,0,0,0,0,0,0,0,0,0,0,0,0,0,0,0,0,0,0,0,0,0,38,0,0,0,0,0,0,0,0,0,0,0,0
246,Lic,OW25,L25,0,0,0,0,0,0,0,0,0,0,0,0,0,0,0,0,0,0,0,0,4.5,0,0,0,0,0,0,0,38,0,0,0,0,0,0,0,0,0,0,0,0,0,0,0,0,0,0,0,0,0,0,0,0,0,0,0,0,0,0,0,38,0,0,0,0,0,0,0,0,0,0,0,0
247,Lic,OW26,L26,0,0,0,0,0,0,0,0,0,0,0,0,0,0,0,0,0,0,0,0,0,0,0,0,0,0,0,0,63,0,0,0,0,0,0,0,0,0,0,0,0,0,0,0,0,0,0,0,0,0,0,0,0,0,0,0,0,0,0,0,38,0,0,0,0,0,0,0,0,0,0,0,0
248,Lic,OW27,L27,0,0,0,0,0,0,0,0,0,0,0,0,0,0,0,0,0,0,0,0,0,0,0,0,0,0,0,0,88,0,0,0,0,0,0,0,0,0,0,0,0,0,0,0,0,0,0,0,0,0,0,0,0,0,0,0,0,0,0,0,18,0,0,0,0,0,0,0,0,0,0,0,0
249,Lic,OW28,L28,0,0,0,0,0,0,0,0,0,0,0,0,0,0,0,0,0,0,0,0,0,0,0,0,0,0,0,0,88,0,0,0,0,0,0,0,0,0,0,0,0,0,0,0,0,0,0,0,0,0,0,0,0,0,0,0,0,0,0,0,18,0,0,0,0,0,0,0,0,0,0,0,0
250,Lic,OW29,L29,0,0,0,0,0,0,0,0,0,0,0,0,0,0,0,0,0,0,0,0,0,0,0,0,0,0,0,0,0,0,0,0,0,0,0,0,0,0,0,0,0,0,0,0,0,0,0,0,0,0,0,0,0,0,0,0,0,0,0,0,0,0,0,0,0,0,0,0,0,0,0,0,0
251,Lic,OW30,L30,0,0,0,0,0,0,0,0,0,0,0,0,0,0,0,0,0,0,0,0,0,0,0,0,0,0,0,0,88,0,0,0,0,0,0,0,0,0,0,0,0,0,0,0,0,0,0,0,0,0,0,0,0,0,0,0,0,0,0,0,4.5,0,0,0,0,0,0,0,0,0,0,0,0
252,Lic,OW31,L31,0,0,0,0,0,0,0,0,0,0,0,0,0,0,0,0,0,0,0,0,0,0,0,0,0,0,0,0,88,0,0,0,0,0,0,0,0,0,0,0,0,0,0,0,0,0,0,0,0,0,0,0,0,0,0,0,0,0,0,0,18,0,0,0,0,0,0,0,0,0,0,0,0
253,Lic,OW32,L32,0,0,0,0,0,0,0,0,0,0,0,0,0,0,0,0,0,0,0,0,0,0,0,0,0,0,0,0,18,0,0,0,0,0,0,0,0,0,0,0,0,0,0,0,0,0,0,0,0,0,0,0,0,0,0,0,0,0,0,0,88,0,0,0,0,0,0,0,0,0,0,0,0
254,Lic,OW33,L33,0,0,0,0,0,0,0,0,0,0,0,0,0,0,0,0,0,0,0,0,0,0,0,0,0,0,0,0,88,0,0,0,0,0,0,0,0,0.5,0,0,0,0,0.5,0,0,0,0,0,0.5,0,0,0,0,0,0,0,0,0,0,0,18,0,0,0,0,0,0,0,0,0,0,0,0
255,Lic,OW34,L34,0,0,0,0,0,0,0,0,0,0,0,0,0,0,0,0,0,0,0,0,0,0,0,0,0,0,0,0,88,0,0,0,0,0,0,0,0,0,0,0,0,0,0,0,0,0,0,0,0,0,0,0,0,0,0,0,0,0,0,0,4.5,0,0,0,0,0,0,0,0,0,0,0,0
256,Lic,OW35,L35,0,0,0,0,0,0,0,0,0,0,0,0,0,0,0,0,0,0,0,0,0,0,0,0,0,0,0,0,88,0,0.1,0,0,0,0,0,0,0,0,0,0,0,0,0,0,0,0,0,0,0,0,0,0,0,0,0,0,0,0,0,4.5,0,0,0,0,0,0,0,0,0,0,0,0
257,Lic,OW36,L36,0,0,0,0,0,0,0,0,0,0,0,0,0,0,0,0,0,0,0,0,0,0,0,0,0,0,0,0,88,0,0,0,0,0,0,0,0,4.5,0,0,0,0,0,0,0,0,0,0,0.1,0,0,0,0,0,0,0,0,0,0,0,0.5,0,0,0,0,0,0,0,0,0,0,0,0
258,Lic,OW37,L37,0,0,0,0,0,0,0,0,0,0,0,0,0,0,0,0,0,0,0,0,0,0,0,0,0,0,0,0,88,0,0,0,0,0,0,0,0,0,0,0,0,0,0,0,0,0,0,0,0,0,0,0,0,0,0,0,0,0,0,0,18,0,0,0,0,0,0,0,0,0,0,0,0
259,Lic,OW38,L38,0,0,0,0,0,0,0,0,0,0,0.5,0,0,0,0,0,0,0,0,0,0,0,0,0,0,0,0,0,88,0,0,0,0,0,0,0,0,0,0,0,0,0,0,0,0,0,0,0,0,0,0,0,0,0,0,0,0,0,0,0,18,0,0,0,0,0,0,0,0,0,0,0,0
260,Lic,OW39,L39,0,0,0,0,0,0,0,0,0,0,0.5,0,0,0,0,0,0,0,0,0,0,0,0,0,0,0,0,0,88,0,0,0,0,0,0,0,0,0,0,0,0,0,0,0,0,0,0,0,0,0,0,0,0,0,0,0,0,0,0,0,18,0,0,0,0,0,0,0,0,0,0,0,0
261,Lic,OW40,L40,0,0,0,0,0,0,0,0,0,0,0,0,0,0,0,0,0,0,0,0,0,0,0,0,0,0,0,0,88,0,0,0,0,0,0,0,0,0,0,0,0,0,0,0,0,0,0,0,0,0,0,0,0,0,0,0,0,0,0,0,18,0,0,0,0,0,0,0,0,0,0,0,0
262,Lic,OW41,L41,0,0,0,0,0,0,0,0,0,0,0,0,0,0,0,0,0,0,0,0,0,0,0,0,0,0,0,0,63,0,0,0,0,0,0,0,0,0,0,0,0,0,0,0,0,0,0,0,0,0,0,0,0,0,0,0,0,0,0,0,38,0,0,0,0,0,0,0,0,0,0,0,0
263,Lic,OW42,L42,0,0,0,0,0,0,0,0,0,0,0,0,0,0,0,0,0,0,0,0,0,0,0,0,0,0,0,0,38,0,0,0,0,0,0,0,0,0,0,0,0,0,0,0,0,0,0,0,0,0,0,0,0,0,0,0,0,0,0,0,38,0,0,0,0,0,0,0,0,0,0,0,0
264,Lic,OW43,L43,0,0,0,0,0,0,0,0,0,0,0,0,0,0,0,0,0,0,0,0,0,0,0,0,0,0,0,0,63,0,0,0,0,0,0,0,0,0,0,0,0,0,0,0,0,0,0,0,0,0,0,0,0,0,0,0,0,0,0,0,38,0,0,0,0,0,0,0,0,0,0,0,0
265,Lic,OW44,L44,0,0,0,0,0,0,0,0,0,0,0,0,0,0,0,0,0,0,0,0,0,0,0,0,0,0,0,0,38,0,0,0,0,0,0,0,0,0,0,0,0,0,0,0,0,0,0,0,0,0,0,0,0,0,0,0,0,0,0,0,38,0,0,0,0,0,0,0,0,0,0,0,0
266,Lic,OW45,L45,0,0,0,0,0,0,0,0,0,0,0,0,0,0,0,0,0,0,0,0,0,0,0,0,0,0,0,0,63,0,0,0,0,0,0,0,0,0,0,0,0,0,0,0,0,0,0,0,0,0,0,0,0,0,0,0,0,0,0,0,38,0,0,0,0,0,0,0,0,0,0,0,0
267,Lic,OW46,L46,0,0,0,0,0,0,0,0,0,0,0,0,0,0,0,0,0,0,0,0,0,0,0,0,0,0,0,0,88,0,0.1,0,0,0,0,0,0,0,0,0,0,0,0,0,0,0,0,0,0,0,0,0,0,0,0,0,0,0,0,0,18,0,0,0,0,0,0,0,0,0,0,0,0
268,Lic,OW47,L47,0,0,0,0,0,0,0,0,0,0,0,0,0,0,0,0,0,0,0,0,0,0,0,0,0,0,0,0,88,0,0,0,0,0,0,0,0,0.1,0,0,0,0,0,0,0,0,0,0,0,0,0,0,0,0,0,0,0,0,0,0,4.5,0,0,0,0,0,0,0,0,0,0,0,0
269,Lic,OW48,L48,0,0,0,0,0,0,0,0,0,0,0,0,0,0,0,0,0,0,0,0,0,0,0,0,0,0,0,0,88,0,0,0,0,0,0,0,0,0.5,0.5,0,0,0,0,0,0,0,0,0,0,0,0,0,0,0,0,0,0,0,0,0,4.5,0,0,0,0,0,0,0,0,0,0,0,0
270,Lic,OW49,L49,0,0,0,0,0,0,0,0,0,0,0,0,0,0,0,0,0,0,0,0,0,0,0,0,0,0,0,0,88,0,0,0,0,0,0,0,0,0,4.5,0,0,0,0,0,0,0,0,0,0,0,0,0,0,0,0,0,0,0,0,0,18,0,0,0,0,0,0,0,0,0,0,0,0
271,Lic,OW50,L50,0,0,0,0,0,0,0,0,0,0,0,0,0,0,0,0,0,0,0,0,0,0,0,0,0,0,0,0,38,0,0,0,0,0,0,0,0,0,0,0,0,0,0,0,0,0,0,0,0,0,0,0,0,0,0,0,0,0,0,63,4.5,0,0,0,0,0,0,0,0,0,0,0,0
272,Lic,OW51,L51,0,0,0,0,0,0,0,0,0,0,0,0,0,0,0,0,0,0,0,0,0,0,0,0,0,0,0,0,38,0,0,0,0,0,0,0,0,0,0,0,0,0,0,0,0,0,0,0,0,0,0,0,0,0,0,0,0,0,0,38,18,0,0,0,0,0,0,0,0,0,0,0,0
273,Lic,OW52,L52,0,0,0,0,0,0,0,0,0,0,0,0,0,0,0,0,0,0,0,0,0,0,0,0,0,0,0,0,88,0,0,0,0,0,0,0,0,0,0,0,0,0,0,0,0,0,0,0,0,0,0,0,0,0,0,0,0,0,0,4.5,0,0,0,0,0,0,0,0,0,0,0,0,0
274,Lic,OW53,L53,0,0,0,0,0,0,0,0,0,0,0,0,0,0,0,0,0,0,0,0,0,0,0,0,0,0,0,0,38,0,0,0,0,0,0,0,0,0,0,0,0,0,0,0,0,0,0,0,0,0,0,0,0,0,0,0,0,0,0,63,0,0,0,0,0,0,0,0,0,0,0,0,0
275,Lic,OW54,L54,0,0,0,0,0,0,0,0,0,0,0,0,0,0,0,0,0,0,0,0,0,0,0,0,0,0,0,0,63,0,0,0,0,0,0,0,0,4.5,0,0,0,0,0,0,0,0,0,0,0,0,0,0,0,0,0,0,0,0,0,0,38,0,0,0,0,0,0,0,0,0,0,0,0
276,Lic,OW55,L55,0,0,0,0,0,0,0.5,0,0,0,0,0,0,0,0,0,0,0,0,0,0,0,0,0,0,0,0,0,63,0,0,0,0,0,0,0,0,0,0,0,0,0,0,0,0,0,0,0,0,0,0,0,0,0,0,0,0,0,0,0,18,0,0,0,0,0,0,0,0,0,0,0,0
277,Lic,OW56,L56,0,0,0,0,0,0,0,0,0,0,0,0,0,0,0,0,0,0,0,0,0,0,0,0,0,0,0,0,88,0,0,0,0,0,0,0,0,0,0,0,0,0,0,0,0,0,0,0,0.5,0,0,0,0,0,0,0,0,0,0,0,4.5,0,0,0,0,0,0,0,0,0,0,0,0
278,Lic,OW57,L57,0,0,0,0,0,0,0,0,0,0,0,0,0,0,0,0,0,0,0,0,0,0,0,0,0,0,0,0,63,0,0,0,0,0,0,0,0,0.5,0,0,0,0,0,0,0,0,0,0,0.5,0,0,0,0,0,0,0,0,0,0,0,18,0,0,0,0,0,0,0,0,0,0,0,0
279,Lic,OW58,L58,0,0,0,0,0,0,0,0,0,0,0,0,0,0,0,0,0,0,0,0,0,0,0,0,0,0,0,0,38,0,0,0,0,0,0,0,0,0,0,0,0,0,0,0,0,0,0,0,0,0,0,0,0,0,0,0,0,0,0,0,63,0,0,0,0,0,0,0,0,0,0,0,0
280,Lic,OW59,L59,0,0,0,0,0,0,0,0,0,0,0,0,0,0,0,0,0,0,0,0,0,0,0,0,0,0,0,0,38,0,0,0,0,0,0,0,0,0,0,0,0,0,0,0,0,0,0,0,0,0,0,0,0,0,0,0,0,0,0,0,38,0,0,0,0,0,0,0,0,0,0,0,0
281,Lic,OW60,L60,0,0,0,0,0,0,0,0,0,0,0,0,0,0,0,0,0,0,0,0,0,0.5,0,0,0,0,0,0,38,0,0,0,0,0,0,0,0,0,0,0,0,0,0,0,0,0,0,0,0,0,0,0,0,0,0,0,0,0,0,0,38,0,0,0,0,0,0,0,0,0,0,0,0
282,Lic,OW61,L61,0,0,0,0,0,0,0,0,0,0,0,0,0,0,0,0,0,0,0,0,0,0,0,0,0,0,0,0,38,0,0,0,0,0,0,0,0,0,0,0,0,0,0,0,0,0,0,0,0,0,0,0,0,0,0,0,0,0,0,0,38,0,0,0,0,0,0,0,0,0,0,0,0
283,Lic,OW62,L62,0,0,0,0,0,0,0,0,0,0,0,0,0,0,0,0,0,0,0,0,0,0,0,0,0,0,0,0,38,0,0,0,0,0,0,0,0,0,0,0,0,0,0,0,0,0,0,0,0,0,0,0,0,0,0,0,0,0,0,0,63,0,0,0,0,0,0,0,0,0,0,0,0
284,Lic,OW63,L63,0,0,0,0,0,0,4.5,0,0,0,0,0,0,0,0,0,0,0,0,0,0,0,0,0,0,0,0,0,38,0,0,0,0,0,0,0,0,4.5,0,0,0,0,0,0,0,0,0,0,18,0,0,0,0,0,0,0.5,0,0,0,0,18,0,0,0,0,0,0,0,0,0,0,0,0
285,Lic,OW64,L64,0,0,0,0,0,0,0,0,0,0,0,0,0,0,0,0,0,0,0,0,0,0,0,0,0,0,0,0,38,0,0.1,0,0,0,0,0,0,4.5,0,0,0,0,0,0,0,0,0,0,0,0,0,0,0,0,0,0.5,0,0,0,0,18,0,0,38,0,0,0,0,0,0,0,0,0
286,Lic,OW65,L65,0,0,0,0,0,0,0,0,0,0,0,0,0,0,0,0,0,0,0.5,0,0,4.5,0,0,0,0,0,0,0,0,0,0,0,0,0,0,0,38,0,0,0,0,0,0,0,0,0,0,4.5,0,0,0,0,0,0,0,0,0,0,0,0,0,0,4.5,0,0,18,0,0,0,0,0,0
287,Lic,OW66,L66,0,0,38,0,0,0,0,0,0,0,0,0,0,0,0,0,0,0,0,0,0,0,0,0,0,0,0,0,0,0,0,0,0,0,0,0,0,63,0,0,0,0,0,0,0,0,0,0,4.5,0,0,0,0,0,0,0,0,0,0,0,0,0,0,0,0,0,88,0,0,4.5,0,0,0
288,Lic,OW67,L67,0,0,88,0,0,0,4.5,0,0,0,0,0,0,0,0,0,0,0,0,0,0,0,0,0,0,0,0,0,0,0,0,0,0,0,0,0,0,88,0,0,0,0,0,0,0,0,0,0,4.5,0,0,0,0,0,0,0,0,0,0,0,0,0,0,0,0,0,0,0,0,63,0,0,0
289,Lic,SN1,L68,0,0,0,0,0,0,0.5,0,0,0,0,4.5,0,0,0,0,0,0.5,0,0,0,0.5,0,0,0,0,0,0,4.5,0,4.5,0,0,0,0,0,0,4.5,0,0,0,0.5,0,0,0,0.5,0,0,0,0.1,0,0,0,0,0,0.5,0,0,0,0,0,0,18,0,0,0.1,0,0,0,0,0,0,0
290,Lic,SN2,L69,0,0,0,0,0,0,0.5,0,0,0,0,4.5,0,0,0,0,0,0,0,0,0,4.5,0,0,0,0,0,0,0.5,0,0,0,0,0.5,0,0,0,4.5,0,0,0,0,0,0,0,0,0,0,0,0.1,0,0,0,0,0,4.5,0,0,4.5,0,0,0,0,63,0,0,0,0,0,0,0,0,0
291,Lic,SN3,L70,0,0,0,0,0,0,0.1,0,0,0,0,0.1,0,0,0,0,0,0,0,0,0,4.5,0,0,0,0,0,0,4.5,0,0,0,0,0,0,0,0,18,0,0,0,0,0,0,0,0,0,0,18,0,0,0,0,0,0,4.5,0,38,0,0,0,0,0,4.5,0,0,88,0,0,0,0,0,0
292,Lic,SN4,L71,0,0,0,0,0,0,0,0,0,0,0,0,0,0,0,0,0,0,0,0,0,0,0,0,0,0,0,0,0,0,0,0,0,0,0,0,0,4.5,0,0,0,0,0,0,0,0,0,0,0,0,0,0,0,0,0,0,0,0,0,0,0,88,0,0,0,0,0,0,0,0,0,0,0
293,Lic,SN5,L72,0,0,0,0,0,0,0,0,0,0,0,0,0,0,0,0,0,0,0,0,0,0,0,0,0,0,0,0,18,0,0,0,0,0,0,0,0,18,0,0,0,0,0,0,0,0,0,0,4.5,0,0,0,0,0,0,0,0,0,0,0,0,38,0,0,0,0,88,0,0,0,0,0,0
294,Lic,SN6,L73,0,0,0,0,0,0,0,0,0,0,0,4.5,0,0,0,0,0,0,0,0,0,0,0,0,0,0,0,0,0.1,0,0,0,0,0,0,0,0,0,0,0,0,0,0,0,0,0,0,0,0,0,0,0,0,0,0,0,0,0.5,0,0,0,88,0,0,0,0,0,0,0,0,0,0,0
295,Lic,SN7,L74,0,0,0,0,0,0,0,0,0,0,0,0,0,0,0,0,0,0,0,0,0,0,0,0,0,0,0,0,18,0,0,0,0,0,0,0,0,4.5,0,0,0,0,0,0,0,0,0,0,0,0,0,0,0,0,0,0,0,0,0,0,0,38,0,0,0,0,0,0,0,4.5,0,0,0
296,Lic,SN8,L75,0,0,0,0,0,0,0.5,0,0,0,0,0,0,0,0,0,0,0,0,0,0,0,0,0,0,0,0,0,0,0,0,0,0,0,0,0,0,88,0,0,0,0,0,0,0,0,0,0,0,0,0,0,0,0,0,0,0,0,0,0,0,0,0,18,0,0,0,0,0,4.5,0,0,0
297,Lic,SN9,L76,0,0,0,0,0,0,0,0,0,0,0,0,0,0,0,0,0,0,0,0,0,0,0,0,0,0,0,0,0.1,0,0,0,0,0,0,0,0,38,0,0,0,0,0,0,0,0,0,0,0,0,0,0,0,0,0,0,0,0,0,0,0,0,0,63,0,0,0,0,0,0,0,0,0
298,Lic,SN10,L77,0,0,0,0,0,0,0,0,0,0,0,0,0,0,0,0,0,0,0,0,0,0,0,0,0,0,0,0,38,0,0,0,0,0,0,0,0,0.1,0,0,0,0,0,0,0,0,0,0,0,0,0,0,0,0,0,0,0,0,0,0,63,0,0,0,0,0,0,0,0,0,0,0,0
299,Lic,SN11,L78,0,0,0,0,0,0,0,0,0,0,0,0,0,0,0,0,0,0,0,0,0,0,0,0,0,0,0,0,88,0,0,0,0,0,0,0,0,0,0,0,0,0,0,0,0,0,0,0,0,0,0,0,0,0,0,0,0,0,0,0,4.5,0,0,0,0,0,0,0,0,0,0,0,0
300,Lic,SN12,L79,0,0,0,0,0,0,0.5,0,0,0,0,0,0,0,0,0,0,0,0,0,0,0,0,0,0,0,0,0,38,0,0,0,0,0,0,0,0,0.5,0,0,0,0,0,0,0,0,0,0,0,0,0,0,0,0,0,0,0,0,0,0,63,0,0,0,0,0,0,0,0,0,0,0,0
301,Lic,SN13,L80,0,0,0,0,0,0,0,0,0,0,0,0,0,0,0,0,0,0,0,0,0,0,0,0,0,0,0,0,38,0,0,0,0,0,0,0,0,0.1,0,0,0,0,0,0,0,0,0,0,0,0,0,0,0,0,0,0,0,0,0,0,38,0,0,0,0,0,0,0,0,0,0,0,0
302,Lic,SN14,L81,0,0,0,0,0,0,0,0,0,0,0,0,0,0,0,0,0,0,0,0,0,0,0,0,0,0,0,0,38,0,0,0,0,0,0,0,0,0.1,4.5,0,0,0,0,0,0,0,0,0,0,0,0,0,0,0,0,0,0,0,0,0,0,0,0,38,0,0,4.5,0,0,0,0,0,0
303,Lic,SN15,L82,0,0,0,0,0,0,0,0,0,0,0,0,0,0,0,0,0,0,0,0,0,0.5,0,0,0,0,0,0,88,0,0,0,0,0,0,0,0,18,0,0,0,0,0,0,0,0,0,0,0,0,0,0,0,0,0,0,0,0,0,0,0,0,0,4.5,0,0,0,0,0,0,0,0,0
304,Lic,SN16,L83,0,0,0,0,0,0,0,0,0,0,0,0,0,0,0,0,0,0,0,0,0,0,0,0,0,0,0,0,88,0,0,0,0,0,0,0,0,0,0,0,0,0,0,0,0,0,0,0,0,0,0,0,0,0,0,0,0,0,0,0,0,0,0,18,0,0,0,0,0,0,0,0,0
305,Lic,SN17,L84,0,0,0,0,0,0,0,0,0,0,0,0,0,0,0,0,0,0,0,0,0,0,0,0,0,0,0,0,88,0,0,0,0,0,0,0,0,0,0,0,0,0,0,0,0,0,0,0,0,0,0,0,0,0,0,0,0,0,0,0,0,0,0,38,0,0,0,0,0,0,0,0,0
306,Lic,SN18,L85,0,0,0,0,0,0,0,0,0,0,0,0,0,0,0,0,0,0,0,0,0,0,0,0,0,0,0,0,38,0,0,0,0,0,0,0,0,0,0,0,0,0,0,0,0,0,0,0,0,0,0,0,0,0,0,0,0,0,0,0,0,0,0,38,0,0,0,0,0,0,0,0,0
307,Lic,SN19,L86,0,0,0,0,0,0,0,0,0,0,0,0,0,0,0,0,0,0,0,0,0,0,0,0,0,0,0,0,63,0,0,0,0,0,0,0,0,0,0,0,0,0,0,0,0,0,0,0,0,0,0,0,0,0,0,0,0,0,0,0,0,0,0,38,0,0,0,0,0,0,0,0,0
308,Lic,SN20,L87,0,0,0,0,0,0,0,0,0,0,0,4.5,0,0,0,0,0,0,0,0,0,0,0,0,0,0,0,0,4.5,0,0,0,0,0,0,0,0,0,0,0,0,0,0,0,0,0,0,0,0,0,0,0,0,0,0,0,0,0,0,0,0,0,0,88,0,0,0,0,0,0,0,0,0
309,Lic,SN21,L88,0,0,0,0,0,0,0,0,0,0,0,0,0,0,0,0,0,0,0,0,0,0,0,0,0,0,0,0,38,0,0,0,0,0,0,0,0,0,0,0,0,0,0,0,0,0,0,0,0,0,0,0,0,0,0,0,0,0,0,0,0,0,0,38,0,0,0,0,0,0,0,0,0
310,Lic,SN22,L89,0,0,0,0,0,0,0,0,0,0,0,0,0,0,0,0,0,0,0,0,0,0,0,0,0,0,0,0,63,0,0,0,0,0,0,0,0,0,0,0,0,0,0,0,0,0,0,0,0,0,0,0,0,0,0,0,0,0,0,0,38,0,0,0,0,0,0,0,0,0,0,0,0
311,Lic,SN23,L90,0,0,0,0,0,0,0,0,0,0,0,0,0,0,0,0,0,0,0,0,0,0,0,0,0,0,0,0,38,0,0,0,0,0,0,0,0,0,0,0,0,0,0,0,0,0,0,0,0,0,0,0,0,0,0,0,0,0,0,0,63,0,0,0,0,0,0,0,0,0,0,0,0
312,Lic,SN24,L91,0,0,0,0,0,0,0,0,0,0,0,0,0,0,0,0,0,0,0,0,0,0,0,0,0,0,0,0,38,0,0.5,0,0,0,0,0,0,0,0,0,0,0,0,0,0,0,0,0,0,0,0,0,0,0,0,0,0,0,0,0,63,0,0,0,0,0,0,0,0,0,0,0,0
313,Lic,SN25,L92,0,0,0,0,0,0,0,0,0,0,0,0,0,0,0,0,0,0,0,0,0,0,0,0,0,0,0,0,4.5,0,0,0,0,0,0,0,0,0.1,0,0,0,0,0,0,0,0,0,0,0,0,0,0,0,0,0,0,0,0,0,0,88,0,0,0,0,0,0,0,0,0,0,0,0
314,Lic,SN26,L93,0,0,0,0,0,0,0,0,0,0,0,0,0,0,0,0,0,0,0,0,0,0,0,0,0,0,0,0,18,0,0,0,0,0,0,0,0,0,0,0,0,0,0,0,0,0,0,0,0,0,0,0,0,0,0.5,0,0,0,0,0,88,0,0,0,0,0.5,0,0,0,0,0,0,0
315,Lic,SN27,L94,0,0,0,0,0,0,0,0,0,0,0,0,0,0,0,0,0,0,0,0,0,0,0,0,0,0,0,0,88,0,0,0,0,0,0,0,0,0,0,0,0,0,0,0,0,0,0,0,0,0,0,0,0,0,0,0,0,0,0,0,18,0,0,0,0,0,0,0,0,0,0,0,0
316,Lic,SN28,L95,0,0,0,0,0,0,0,0,0,0,0,0,0,0,0,0,0,0,0,0,0,0,0,0,0,0,0,0,18,0,0,0,0,0,0,0,0,0,0,0,0,0,0,0,0,0,0,0,0,0,0,0,0,0,0,0,0,0,0,0,88,0,0,0,0,0,0,0,0,0,0,0,0
317,Lic,SN29,L96,0,0,0,0,0,0,0,0,0,0,0,0,0,0,0,0,0,0,0,0,0,0,0,0,0,0,0,0,38,0,0,0,0,0,0,0,0,0,0,0,0,0,0,0,0,0,0,0,0,0,0,0,0,0,0,0,0,0,0,0,63,0,0,0,0,0,0,0,0,0,0,0,0
318,Lic,SN30,L97,0,0,0,0,0,0,0,0,0,0,0,0,0,0,0,0,0,0,0,0,0,0,0,0,0,0,0,0,38,0,0,0,0,0,0,0,0,0,0,0,0,0,0,0,0,0,0,0,0,0,0,0,0,0,0,0,0,0,0,0,38,0,0,0,0,0,0,0,0,0,0,0,0
319,Lic,SN31,L98,0,0,0,0,0,0,0,0,0,0,0,0,0,0,0,0,0,0,0,0,0,0,0,0,0,0,0,0,63,0,0,0,0,0,0,0,0,0,0,0,0,0,0,0,0,0,0,0,0,0,0,0,0,0,0,0,0,0,0,0,38,0,0,0,0,0,0,0,0,0,0,0,0
320,Lic,SN32,L99,0,0,0,0,0,0,0,0,0,0,0,0,0,0,0,0,0,0,0,0,0,0,0,0,0,0,0,0,63,0,0,0,0,0,0,0,0,0,0,0,0,0,0,0,0,0,0,0,0,0,0,0,0,0,0,0,0,0,0,0,38,0,0,0,0,0,0,0,0,0,0,0,0
321,Lic,SN33,L100,0,0,0,0,0,0,0,0,0,0,0,0.5,0,0,0,0,0,0,0,0,0,0,0,0,0,0,0,0,18,0,0.5,0,0,0,0,0,0,0,0,0,0,0,0,0,0,0,0,0,0,0,0,0,0,0,0,0,0,0,0,0,38,0,0,0,0,0,4.5,0,0,0,0,0,0
322,Lic,SN34,L101,0,0,0,0,0,0,0,0,0,0,0,0,0,0,0,0,0,0,0,0,0,0,0,0,0,0,0,0,4.5,0,0,0,0,0,0,0,0,0,0,0,0,0,0,0,0,0,0,0,0,0,0,0,0,0,0,0,0,0,0,0,88,0,0,0,0,0,0,0,0,0,0,0,0
323,Lic,SN35,L102,0,0,0,0,0,0,0,0,0,0,0,0,0,0,0,0,0,0,0,0,0,0,0,0,0,0,0,0,38,0,0,0,0,0,0,0,0,0,0,0,0,0,0,0,0,0,0,0,0,0,0,0,0,0,0,0,0,0,0,0,63,0,0,0,0,0,0,0,0,0,0,0,0
324,Lic,SN36,L103,0,0,0,0,0,0,0,0,0,0,0,0,0,0,0,0,0,0,0,0,0,0,0,0,0,0,0,0,38,0,0,0,0,0,0,0,0,0,0,0,0,0,0,0,0,0,0,0,0,0,0,0,0,0,0,0,0,0,0,0,63,0,0,0,0,0,0,0,0,0,0,0,0
325,Lic,SN37,L104,0,0,0,0,0,0,0,0,0,0,0,0,0,0,0,0,0,0,0,0,0,0,0,0,0,0,0,0,38,0,0,0,0,0,0,0,0,0,0,0,0,0,0,0,0,0,0,0,0,0,0,0,0,0,0,0,0,0,0,0,63,0,0,0,0,0,0,0,0,0,0,0,0
326,Lic,SN38,L105,0,0,0,0,0,0,0,0,0,0,0,0,0,0,0,0,0,0,0,0,0,0,0,0,0,0,0,0,38,0,0,0,0,0,0,0,0,0,0,0,0,0,0,0,0,0,0,0,0,0,0,0,0,0,0.1,0,0,0,0,0,63,0,0,0,0,0,0,0,0,0,0,0,0
327,Lic,SN39,L106,0,0,0,0,0,0,0,0,0,0,0,0,0,0,0,0,0,0,0,0,0,0,0,0,0,0,0,0,38,0,0,0,0,0,0,0,0,0,0,0,0,0,0,0,0,0,0,0,0,0,0,0,0,0,0,0,0,0,0,0,63,0,0,0,0,0,0,0,0,0,0,0,0
328,Lic,SN40,L107,0,0,0,0,0,0,0,0,0,0,0,0,0,0,0,0,0,0,0,0,0,0,0,0,0,0,0,0,38,0,0,0,0,0,0,0,0,0,0,0,0,0,0,0,0,0,0,0.1,0.5,0,0,0,0,0,0,0,0.1,0,0,0,38,0,0,0,0,0.1,0,0,0,0,0,0,0
329,Lic,SN41,L108,0,0,0,0,0,0,0,0,0,0,0,0,0,0,0,0,0,0,0,0,0,0,0,0,0,0,0,0,63,0,0,0,0,0,0,0,0,0,0,0,0,0,0,0,0,0,0,0,0,0,0,0,0,0,0,0,0,0,0,0,38,0,0,0,0,0,0,0,0,0,0,0,0
330,Lic,SN42,L109,0,0,0,0,0,0,0,0,0,0,0,0,0,0,0,0,0,0,0,0,0,0,0,0,0,0,0,0,88,0,0,0,0,0,0,0,0,0,0,0,0,0,0,0,0,0,0,0,0,0,0,0,0,0,0,0,0,0,0,0,18,0,0,0,0,0,0,0,0,0,0,0,0
331,Lic,SN43,L110,0,0,0,0,0,0,0,0,0,0,0,0,0,0,0,0,0,0,0,0,0,0,0,0,0,0,0,0,88,0,0,0,0,0,0,0,0,0,0,0,0,0,0,0,0,0,0,0,0,0,0,0,0,0,0,0,0,0,0,0,0,0,0,0,0,0,0,0,0,0,0,0,0
332,Lic,SN44,L111,0,0,0,0,0,0,0,0,0,0,0,0,0,0,0,0,0,0,0,0,38,0,0,0,0,0,0,0,38,0,0,0,0,0,0,0,0,0,0,0,0,0,0,0,0,0,0,0,0,0,0,0,0,0,0,0,0,0,0,0,38,0,0,0,0,0,0,0,0,0,0,0,0
333,Lic,SN45,L112,0,0,0,0,0,0,0,0,0,0,0,0,0,0,0,0,0,0,0,0,38,0,0,0,0,0,0,0,38,0,0,0,0,0,0,0,0,0,0,0,0,0,0,0,0,0,0,0,0,0,0,0,0,0,0,0,0,0,0,0,38,0,0,0,0,0,0.5,0,0,0,0,0,0
334,Lic,SN46,L113,0,0,0,0,0,0,0,0,0,0,0,0,0,0,0,0,0,0,0,0,0,0,0,0,0,0,0,0,88,0,0,0,0,0,0,0,0,0,0,0,0,0,0,0,0,0,0,0,0,0,0,0,0,0,0,0,0,0,0,0,4.5,0,0,0,0,0,0,0,0,0,0,0,0
335,Lic,SN47,L114,0,0,0,0,0,0,0,0,0,0,0,0,0,0,0,0,0,0,0,0,0,0,0,0,0,0,0,0,88,0,0,0,0,0,0,0,0,0,0,0,0,0,0,0,0,0,0,0,0,0,0,0,0,0,0,0,0,0,0,0,4.5,0,0,0,0,0,0,0,0,0,0,0,0
336,Lic,SN48,L115,0,0,0,0,0,0,0,0,0,0,0,0,0,0,0,0,0,0,0,0,0,0,0,0,0,0,0,0,88,0,0,0,0,0,0,0,0,0,0,0,0,0,0,0,0,0,0,0,0,0,0,0,0,0,0,0,0,0,0,0,0,0,0,0,0,0,0,0,0,0,0,0,0
337,Lic,SN49,L116,0,0,0,0,0,0,0,0,0,0,0,0,0,0,0,0,0,0,0,0,0,0,0,0,0,0,0,0,88,0,0,0,0,0,0,0,0,0,0,0,0,0,0,0,0,0,0,0,0,0,0,0,0,0,0,0,0,0,0,0,4.5,0,0,0,0,0,0,0,0,0,0,0,0
338,Lic,SN50,L117,0,0,0,0,0,0,0,0,0,0,0,0,0,0,0,0,0,0,0,0,0,0,0,0,0,0,0,0,88,0,0,0,0,0,0,0,0,0,0,0,0,0,0,0,0,0,0,0,0,0,0,0,0,0,0,0,0,0,0,0,4.5,0,0,0,0,0,0,0,0,0,0,0,0
339,Lic,SN51,L118,0,0,0,0,0,0,0,0,0,0,0,0,0,0,0,0,0,0,0,0,0,0,0,0,0,0,0,0,88,0,0,0,0,0,0,0,0,0,0,0,0,0,0,0,0,0,0,0,0,0,0,0,0,0,0,0,0,0,0,0,4.5,0,0,0,0,0,0,0,0,0,0,0,0
340,Lic,SN52,L119,0,0,0,0,0,0,0,0,0,0,0,0,0,0,0,0,0,0,0,0,0,0,0,0,0,0,0,0,88,0,0,0,0,0,0,0,0,0,0,0,0,0,0,0,0,0,0,0,0,0,0,0,0,0,0,0,0,0,0,0,4.5,0,0,0,0,0,0,0,0,0,0,0,0
341,Lic,SN53,L120,0,0,0,0,0,0,0,0,0,0,0,0,0,0,0,0,0,0,0,0,0,0,0,0,0,0,0,0,88,0,0,0,0,0,0,0,0,0,0,0,0,0,0,0,0,0,0,0,0,0,0,0,0,0,0,0,0,0,0,0,4.5,0,0,0,0,0,0,0,0,0,0,0,0
342,Lic,SN54,L121,0,0,0,0,0,0,0,0,0,0,0,0,0,0,0,0,0,0,0,0,0,0,0,0,0,0,0,0,63,0,0,0,0,0,0,0,0,0,0,0,0,0,0,0,0,0,0,0,0,0,0,0,0,0,0,0,0,0,0,0,4.5,0,0,0,0,0,38,0,0,0,0,0,0
343,Lic,SN55,L122,0,0,0,0,0,0,0.5,0,0,0,0,0,0,0,0,0,0,0,0,0,0,0,0,0,0,0,0,0,63,0,0.1,0,0,0,0,0,0,0.1,0,0,0,0,0,0,0,0,0,0,0,0,0,0,0,0,0,0,0,0,0,0,18,0,0,0,0,0,18,0,0,0,0,0,0
344,Lic,SN56,L123,0,0,0,0,0,0,0.1,0,0,0,0,0,0,0,0,0,0,0,0,0,0,0,0,0,0,0,0,0,38,0,0,0,0,0,0,0,0,0.5,0,0,0,0,0,0,0,0,0,0,4.5,0,0,0,0,0,0,0,0,0,0,0,0,0,0,0,0,0,0,0,0,0,0,0,0
345,Lic,SN57,L124,0,0,0,0,0,0,0,0,0,0,0,0,0,0,0,0,0,0,0,0,0,0.1,0,0,0,0,0,0,88,0,0,0,0,0,0,0,0,0,0,0,0,0,0,0,0,0,0,0,0,0,0,0,0,0,0,0,0,0,0,0,0,0,0,0,0,0,0,0,0,0,0,0,0
346,Lic,SN58,L125,0,0,0,0,0,0,4.5,0,0,0,0,0,0,0,0,0,0,0,0,0,0,4.5,0,0,0,0,0,0,4.5,0,0,0,0,0,0,0,0,0,0,0,0,0,0.1,0,0,0,0,0,0,0,0,0,0,0,0,0.5,0,0,0,0,0,0,0,0,0,0,0,0,0,0,0,0,0
347,Lic,SN59,L126,0,0,0,0,0,0,0.1,0,0,0,0,0,0,0,0,0,0,0,0,0,0,0.1,0,0,0,0,0,0,63,0,0,0,0,0,0,0,0,0,0,0,0,0,0,0,0,0,0,0,0,0,0,0,0,0,0,0.1,0,0,0,4.5,0,0,0,0,0,0,0,0,0,0,0,0,0
348,Lic,SN60,L127,0,0,0,0,0,0,0.5,0,0,0,0,0,0,0,0,0,0,0,0,0,0,0,0,0,0,0,0,0,18,0,0.1,0,0,0,0,0,0,0,0,0,0,0,0.1,0,0,0,0,0,0,0,0,0,0,0,0,0,0,0,0,0,4.5,0,0,0,0,0,0,0,0,0,0,0,0
349,Lic,SN61,L128,0,0,0,0,0,0,0.5,0,0,0,0,0,0,0,0,0,0,0,0,0,0,0.5,0,0,0,0,0,0,4.5,0,0,0,0,0,0,0,0,38,0,0,0,0,0,0,0,0,0,0,4.5,0,0,0,0,0,0,0,0,4.5,0,0,0,4.5,0,0,0,0,0,0,0,18,0,0,0
350,Lic,SN62,L129,0,0,0,0,0,0,0.1,0,0,0,0,0,0,0,0,0,0,0,0,0,0,0,0,0,0,0,0,0,88,0,0,0,0,0,0,0,0,0,0,0,0,0,0,0,0,0,0,0,0,0,0,0,0,0,0,0,0,0,0,0,0,4.5,0,0,0,0,0,0,0,0,0,0,0
