#,Date-Time (CEST),Temperature   (°C),RH   (%),Dew Point   (°C),Host Connected,End of File
1,05/02/2025 00:00:00,13.45,72.70,8.66,,
2,05/02/2025 00:10:00,13.23,73.29,8.57,,
3,05/02/2025 00:20:00,13.23,73.31,8.57,,
4,05/02/2025 00:30:00,13.24,72.43,8.40,,
5,05/02/2025 00:40:00,13.16,72.27,8.30,,
6,05/02/2025 00:50:00,13.15,72.60,8.35,,
7,05/02/2025 01:00:00,13.22,72.63,8.42,,
8,05/02/2025 01:10:00,13.34,72.44,8.50,,
9,05/02/2025 01:20:00,13.51,71.82,8.54,,
10,05/02/2025 01:30:00,13.55,71.78,8.57,,
11,05/02/2025 01:40:00,13.58,71.40,8.52,,
12,05/02/2025 01:50:00,13.57,71.21,8.47,,
13,05/02/2025 02:00:00,13.51,71.19,8.40,,
14,05/02/2025 02:10:00,13.39,71.53,8.36,,
15,05/02/2025 02:20:00,13.30,71.83,8.34,,
16,05/02/2025 02:30:00,13.19,71.91,8.25,,
17,05/02/2025 02:40:00,13.11,71.69,8.13,,
18,05/02/2025 02:50:00,13.06,71.04,7.95,,
19,05/02/2025 03:00:00,12.91,72.00,8.00,,
20,05/02/2025 03:10:00,12.79,72.32,7.95,,
21,05/02/2025 03:20:00,12.74,72.00,7.84,,
22,05/02/2025 03:30:00,12.70,72.19,7.84,,
23,05/02/2025 03:40:00,12.62,71.92,7.71,,
24,05/02/2025 03:50:00,12.62,72.36,7.79,,
25,05/02/2025 04:00:00,12.58,72.26,7.73,,
26,05/02/2025 04:10:00,12.60,72.04,7.71,,
27,05/02/2025 04:20:00,12.60,71.24,7.54,,
28,05/02/2025 04:30:00,12.62,71.16,7.55,,
29,05/02/2025 04:40:00,12.59,70.38,7.35,,
30,05/02/2025 04:50:00,12.49,70.67,7.32,,
31,05/02/2025 05:00:00,12.54,70.74,7.38,,
32,05/02/2025 05:10:00,12.50,68.95,6.97,,
33,05/02/2025 05:20:00,12.48,69.38,7.04,,
34,05/02/2025 05:30:00,12.43,69.65,7.05,,
35,05/02/2025 05:40:00,12.37,69.27,6.92,,
36,05/02/2025 05:50:00,12.29,69.95,6.98,,
37,05/02/2025 06:00:00,12.19,69.95,6.89,,
38,05/02/2025 06:10:00,12.21,69.60,6.83,,
39,05/02/2025 06:20:00,12.22,69.63,6.84,,
40,05/02/2025 06:30:00,12.34,69.71,6.98,,
41,05/02/2025 06:40:00,12.52,70.01,7.21,,
42,05/02/2025 06:50:00,12.68,70.90,7.55,,
43,05/02/2025 07:00:00,12.78,69.92,7.44,,
44,05/02/2025 07:10:00,12.91,70.97,7.79,,
45,05/02/2025 07:20:00,13.29,70.88,8.13,,
46,05/02/2025 07:30:00,13.72,70.42,8.45,,
47,05/02/2025 07:40:00,14.08,69.23,8.55,,
48,05/02/2025 07:50:00,14.40,70.11,9.04,,
49,05/02/2025 08:00:00,14.72,69.06,9.12,,
50,05/02/2025 08:10:00,15.02,68.89,9.37,,
51,05/02/2025 08:20:00,15.48,70.08,10.06,,
52,05/02/2025 08:30:00,16.00,64.51,9.33,,
53,05/02/2025 08:40:00,16.67,63.22,9.66,,
54,05/02/2025 08:50:00,17.84,57.30,9.30,,
55,05/02/2025 09:00:00,18.66,60.59,10.91,,
56,05/02/2025 09:10:00,19.58,52.62,9.65,,
57,05/02/2025 09:20:00,20.46,52.71,10.49,,
58,05/02/2025 09:30:00,21.42,50.40,10.71,,
59,05/02/2025 09:40:00,21.94,44.63,9.37,,
60,05/02/2025 09:50:00,22.54,44.69,9.92,,
61,05/02/2025 10:00:00,23.36,44.85,10.72,,
62,05/02/2025 10:10:00,24.21,39.75,9.68,,
63,05/02/2025 10:20:00,24.80,36.81,9.07,,
64,05/02/2025 10:30:00,25.34,38.13,10.07,,
65,05/02/2025 10:40:00,25.78,38.34,10.54,,
66,05/02/2025 10:50:00,26.36,34.56,9.50,,
67,05/02/2025 11:00:00,26.63,33.75,9.38,,
68,05/02/2025 11:10:00,27.01,33.11,9.43,,
69,05/02/2025 11:20:00,27.21,34.15,10.07,,
70,05/02/2025 11:30:00,27.19,32.45,9.29,,
71,05/02/2025 11:40:00,27.69,30.12,8.62,,
72,05/02/2025 11:50:00,27.81,29.91,8.62,,
73,05/02/2025 12:00:00,27.50,28.09,7.43,,
74,05/02/2025 12:10:00,27.99,27.40,7.48,,
75,05/02/2025 12:20:00,28.32,28.68,8.44,,
76,05/02/2025 12:30:00,28.22,26.24,7.04,,
77,05/02/2025 12:40:00,28.12,27.31,7.55,,
78,05/02/2025 12:50:00,28.37,28.04,8.14,,
79,05/02/2025 13:00:00,27.93,29.84,8.68,,
80,05/02/2025 13:10:00,27.74,27.53,7.34,,
81,05/02/2025 13:20:00,27.58,30.99,8.95,,
82,05/02/2025 13:30:00,27.11,29.00,7.56,,
83,05/02/2025 13:40:00,26.24,31.02,7.80,,
84,05/02/2025 13:50:00,25.98,34.53,9.15,,
85,05/02/2025 14:00:00,27.12,28.27,7.20,,
86,05/02/2025 14:10:00,27.44,32.54,9.54,,
87,05/02/2025 14:20:00,27.19,31.79,8.99,,
88,05/02/2025 14:30:00,27.69,28.63,7.87,,
89,05/02/2025 14:40:00,26.95,31.88,8.82,,
90,05/02/2025 14:50:00,27.42,30.88,8.75,,
91,05/02/2025 15:00:00,26.65,32.66,8.91,,
92,05/02/2025 15:10:00,27.28,31.26,8.81,,
93,05/02/2025 15:20:00,27.54,31.99,9.38,,
94,05/02/2025 15:30:00,27.28,33.09,9.66,,
95,05/02/2025 15:40:00,27.80,31.15,9.21,,
96,05/02/2025 15:50:00,27.75,30.85,9.02,,
97,05/02/2025 16:00:00,27.36,32.53,9.47,,
98,05/02/2025 16:10:00,26.69,33.18,9.19,,
99,05/02/2025 16:20:00,26.35,34.76,9.58,,
100,05/02/2025 16:30:00,26.41,32.93,8.82,,
101,05/02/2025 16:40:00,26.52,33.77,9.29,,
102,05/02/2025 16:50:00,26.32,32.84,8.71,,
103,05/02/2025 17:00:00,26.23,32.14,8.31,,
104,05/02/2025 17:10:00,26.12,32.02,8.16,,
105,05/02/2025 17:20:00,26.06,32.46,8.31,,
106,05/02/2025 17:30:00,25.91,34.33,9.01,,
107,05/02/2025 17:40:00,25.83,33.97,8.78,,
108,05/02/2025 17:50:00,25.76,33.75,8.63,,
109,05/02/2025 18:00:00,25.63,34.82,8.97,,
110,05/02/2025 18:10:00,25.35,33.97,8.36,,
111,05/02/2025 18:20:00,25.17,37.99,9.86,,
112,05/02/2025 18:30:00,24.98,34.48,8.26,,
113,05/02/2025 18:40:00,24.62,39.63,10.01,,
114,05/02/2025 18:50:00,24.40,39.38,9.72,,
115,05/02/2025 19:00:00,24.31,38.42,9.26,,
116,05/02/2025 19:10:00,24.16,40.08,9.76,,
117,05/02/2025 19:20:00,23.74,41.17,9.78,,
118,05/02/2025 19:30:00,23.23,43.07,10.00,,
119,05/02/2025 19:40:00,22.87,44.49,10.15,,
120,05/02/2025 19:50:00,22.47,48.51,11.10,,
121,05/02/2025 20:00:00,22.10,48.23,10.67,,
122,05/02/2025 20:10:00,21.80,47.93,10.30,,
123,05/02/2025 20:20:00,21.50,49.39,10.47,,
124,05/02/2025 20:30:00,21.08,50.12,10.31,,
125,05/02/2025 20:40:00,20.59,51.09,10.15,,
126,05/02/2025 20:50:00,20.20,51.34,9.86,,
127,05/02/2025 21:00:00,19.98,48.36,8.76,,
128,05/02/2025 21:10:00,19.73,52.87,9.86,,
129,05/02/2025 21:20:00,19.35,47.76,8.00,,
130,05/02/2025 21:30:00,19.58,51.14,9.22,,
131,05/02/2025 21:40:00,19.51,52.78,9.63,,
132,05/02/2025 21:50:00,19.03,53.72,9.45,,
133,05/02/2025 22:00:00,18.62,55.06,9.43,,
134,05/02/2025 22:10:00,18.29,52.95,8.55,,
135,05/02/2025 22:20:00,18.09,56.01,9.20,,
136,05/02/2025 22:30:00,17.85,56.28,9.04,,
137,05/02/2025 22:40:00,17.57,59.10,9.51,,
138,05/02/2025 22:50:00,17.19,60.86,9.59,,
139,05/02/2025 23:00:00,16.76,60.75,9.15,,
140,05/02/2025 23:10:00,16.47,62.67,9.34,,
141,05/02/2025 23:20:00,16.23,63.58,9.33,,
142,05/02/2025 23:30:00,15.97,66.05,9.65,,
143,05/02/2025 23:40:00,15.63,64.99,9.09,,
144,05/02/2025 23:50:00,15.49,65.31,9.03,,
145,05/03/2025 00:00:00,15.21,67.20,9.18,,
146,05/03/2025 00:10:00,14.99,67.12,8.96,,
147,05/03/2025 00:20:00,14.80,67.56,8.87,,
148,05/03/2025 00:30:00,14.62,68.09,8.81,,
149,05/03/2025 00:40:00,14.44,68.75,8.79,,
150,05/03/2025 00:50:00,14.20,70.21,8.87,,
151,05/03/2025 01:00:00,13.92,71.20,8.81,,
152,05/03/2025 01:10:00,13.63,73.02,8.90,,
153,05/03/2025 01:20:00,13.40,73.57,8.79,,
154,05/03/2025 01:30:00,13.15,74.15,8.67,,
155,05/03/2025 01:40:00,12.97,75.01,8.66,,
156,05/03/2025 01:50:00,12.76,76.11,8.67,,
157,05/03/2025 02:00:00,12.59,76.55,8.59,,
158,05/03/2025 02:10:00,12.51,76.90,8.58,,
159,05/03/2025 02:20:00,12.44,77.31,8.59,,
160,05/03/2025 02:30:00,12.32,78.28,8.66,,
161,05/03/2025 02:40:00,12.21,78.26,8.55,,
162,05/03/2025 02:50:00,12.19,78.85,8.64,,
163,05/03/2025 03:00:00,12.33,79.14,8.83,,
164,05/03/2025 03:10:00,12.51,78.75,8.94,,
165,05/03/2025 03:20:00,12.73,78.29,9.06,,
166,05/03/2025 03:30:00,12.90,77.06,9.00,,
167,05/03/2025 03:40:00,12.95,76.16,8.86,,
168,05/03/2025 03:50:00,12.95,77.11,9.05,,
169,05/03/2025 04:00:00,12.89,77.52,9.07,,
170,05/03/2025 04:10:00,12.83,78.04,9.11,,
171,05/03/2025 04:20:00,12.82,77.65,9.03,,
172,05/03/2025 04:30:00,12.76,78.72,9.17,,
173,05/03/2025 04:40:00,12.62,78.50,8.99,,
174,05/03/2025 04:50:00,12.59,78.85,9.03,,
175,05/03/2025 05:00:00,12.69,78.59,9.08,,
176,05/03/2025 05:10:00,12.81,78.26,9.13,,
177,05/03/2025 05:20:00,12.88,78.78,9.30,,
178,05/03/2025 05:30:00,12.90,79.35,9.43,,
179,05/03/2025 05:40:00,12.94,79.78,9.54,,
180,05/03/2025 05:50:00,12.90,81.77,9.87,,
181,05/03/2025 06:00:00,12.80,82.66,9.94,,
182,05/03/2025 06:10:00,12.73,82.08,9.76,,
183,05/03/2025 06:20:00,12.65,82.70,9.80,,
184,05/03/2025 06:30:00,12.60,84.50,10.07,,
185,05/03/2025 06:40:00,12.44,85.67,10.12,,
186,05/03/2025 06:50:00,12.31,86.71,10.17,,
187,05/03/2025 07:00:00,12.27,88.20,10.39,,
188,05/03/2025 07:10:00,12.26,88.34,10.41,,
189,05/03/2025 07:20:00,12.33,89.13,10.60,,
190,05/03/2025 07:30:00,12.42,88.60,10.60,,
191,05/03/2025 07:40:00,12.51,89.58,10.85,,
192,05/03/2025 07:50:00,12.52,88.58,10.70,,
193,05/03/2025 08:00:00,12.50,89.33,10.80,,
194,05/03/2025 08:10:00,12.60,88.36,10.74,,
195,05/03/2025 08:20:00,12.70,88.35,10.84,,
196,05/03/2025 08:30:00,12.77,87.60,10.77,,
197,05/03/2025 08:40:00,12.78,87.60,10.79,,
198,05/03/2025 08:50:00,12.83,88.09,10.92,,
199,05/03/2025 09:00:00,12.89,87.43,10.87,,
200,05/03/2025 09:10:00,12.95,87.79,10.98,,
201,05/03/2025 09:20:00,12.96,87.76,10.99,,
202,05/03/2025 09:30:00,12.99,88.52,11.15,,
203,05/03/2025 09:40:00,13.06,86.97,10.95,,
204,05/03/2025 09:50:00,13.11,87.95,11.17,,
205,05/03/2025 10:00:00,13.20,86.95,11.09,,
206,05/03/2025 10:10:00,13.37,87.52,11.36,,
207,05/03/2025 10:20:00,13.60,86.95,11.48,,
208,05/03/2025 10:30:00,13.79,85.78,11.46,,
209,05/03/2025 10:40:00,13.96,84.57,11.42,,
210,05/03/2025 10:50:00,14.01,83.76,11.32,,
211,05/03/2025 11:00:00,14.04,83.86,11.37,,
212,05/03/2025 11:10:00,14.21,82.51,11.29,,
213,05/03/2025 11:20:00,14.35,82.63,11.45,,
214,05/03/2025 11:30:00,14.33,81.90,11.30,,
215,05/03/2025 11:40:00,14.24,82.71,11.36,,
216,05/03/2025 11:50:00,14.14,82.77,11.27,,
217,05/03/2025 12:00:00,13.93,84.50,11.38,,
218,05/03/2025 12:10:00,13.84,84.73,11.33,,
219,05/03/2025 12:20:00,13.78,85.60,11.42,,
220,05/03/2025 12:30:00,13.67,85.32,11.27,,
221,05/03/2025 12:40:00,13.59,86.26,11.35,,
222,05/03/2025 12:50:00,13.59,86.88,11.46,,
223,05/03/2025 13:00:00,13.69,87.59,11.69,,
224,05/03/2025 13:10:00,13.84,86.76,11.69,,
225,05/03/2025 13:20:00,14.14,85.88,11.83,,
226,05/03/2025 13:30:00,14.56,83.66,11.84,,
227,05/03/2025 13:40:00,14.91,82.75,12.02,,
228,05/03/2025 13:50:00,15.15,83.13,12.32,,
229,05/03/2025 14:00:00,15.39,82.24,12.40,,
230,05/03/2025 14:10:00,15.77,82.05,12.73,,
231,05/03/2025 14:20:00,16.61,78.03,12.78,,
232,05/03/2025 14:30:00,17.36,71.41,12.15,,
233,05/03/2025 14:40:00,17.41,71.50,12.22,,
234,05/03/2025 14:50:00,17.29,69.88,11.76,,
235,05/03/2025 15:00:00,17.40,70.93,12.09,,
236,05/03/2025 15:10:00,17.62,70.74,12.26,,
237,05/03/2025 15:20:00,17.87,68.90,12.10,,
238,05/03/2025 15:30:00,17.86,68.63,12.03,,
239,05/03/2025 15:40:00,17.80,67.74,11.77,,
240,05/03/2025 15:50:00,17.75,67.90,11.76,,
241,05/03/2025 16:00:00,18.03,68.79,12.23,,
242,05/03/2025 16:10:00,18.15,65.39,11.57,,
243,05/03/2025 16:20:00,18.05,66.93,11.83,,
244,05/03/2025 16:30:00,18.05,66.56,11.75,,
245,05/03/2025 16:40:00,18.27,68.63,12.42,,
246,05/03/2025 16:50:00,18.40,66.15,11.98,,
247,05/03/2025 17:00:00,18.36,64.64,11.60,,
248,05/03/2025 17:10:00,18.43,65.33,11.83,,
249,05/03/2025 17:20:00,18.37,67.77,12.33,,
250,05/03/2025 17:30:00,18.35,65.95,11.89,,
251,05/03/2025 17:40:00,18.28,66.58,11.97,,
252,05/03/2025 17:50:00,18.26,69.20,12.54,,
253,05/03/2025 18:00:00,18.35,66.40,12.00,,
254,05/03/2025 18:10:00,18.60,65.56,12.04,,
255,05/03/2025 18:20:00,18.56,64.91,11.85,,
256,05/03/2025 18:30:00,18.22,67.06,12.02,,
257,05/03/2025 18:40:00,17.83,67.91,11.84,,
258,05/03/2025 18:50:00,17.80,68.78,12.01,,
259,05/03/2025 19:00:00,17.57,69.23,11.89,,
260,05/03/2025 19:10:00,17.26,70.60,11.88,,
261,05/03/2025 19:20:00,17.07,72.46,12.10,,
262,05/03/2025 19:30:00,16.87,73.56,12.13,,
263,05/03/2025 19:40:00,16.71,73.25,11.92,,
264,05/03/2025 19:50:00,16.55,70.89,11.27,,
265,05/03/2025 20:00:00,15.33,76.16,11.17,,
266,05/03/2025 20:10:00,13.78,80.57,10.51,,
267,05/03/2025 20:20:00,12.69,84.55,10.16,,
268,05/03/2025 20:30:00,12.08,87.54,10.09,,
269,05/03/2025 20:40:00,11.78,88.91,10.02,,
270,05/03/2025 20:50:00,11.71,90.39,10.20,,
271,05/03/2025 21:00:00,11.66,91.06,10.27,,
272,05/03/2025 21:10:00,11.61,91.03,10.21,,
273,05/03/2025 21:20:00,11.56,91.80,10.29,,
274,05/03/2025 21:30:00,11.56,92.00,10.32,,
275,05/03/2025 21:40:00,11.57,92.13,10.35,,
276,05/03/2025 21:50:00,11.58,92.22,10.37,,
277,05/03/2025 22:00:00,11.59,92.08,10.36,,
278,05/03/2025 22:10:00,11.58,92.22,10.37,,
279,05/03/2025 22:20:00,11.55,91.68,10.25,,
280,05/03/2025 22:30:00,11.48,92.06,10.24,,
281,05/03/2025 22:40:00,11.44,92.12,10.22,,
282,05/03/2025 22:50:00,11.41,92.27,10.21,,
283,05/03/2025 23:00:00,11.40,92.29,10.20,,
284,05/03/2025 23:10:00,11.35,92.03,10.11,,
285,05/03/2025 23:20:00,11.19,91.50,9.87,,
286,05/03/2025 23:30:00,11.00,91.70,9.71,,
287,05/03/2025 23:40:00,10.92,92.64,9.79,,
288,05/03/2025 23:50:00,10.97,93.16,9.92,,
289,05/04/2025 00:00:00,11.03,93.38,10.01,,
290,05/04/2025 00:10:00,11.10,93.46,10.10,,
291,05/04/2025 00:20:00,11.17,93.62,10.19,,
292,05/04/2025 00:30:00,11.19,93.37,10.18,,
293,05/04/2025 00:40:00,11.18,93.27,10.14,,
294,05/04/2025 00:50:00,11.18,93.39,10.16,,
295,05/04/2025 01:00:00,11.17,93.14,10.12,,
296,05/04/2025 01:10:00,11.14,92.92,10.05,,
297,05/04/2025 01:20:00,11.04,92.34,9.86,,
298,05/04/2025 01:30:00,10.90,91.13,9.53,,
299,05/04/2025 01:40:00,10.75,91.62,9.45,,
300,05/04/2025 01:50:00,10.62,91.28,9.26,,
301,05/04/2025 02:00:00,10.44,90.85,9.02,,
302,05/04/2025 02:10:00,10.31,91.04,8.93,,
303,05/04/2025 02:20:00,10.19,91.74,8.92,,
304,05/04/2025 02:30:00,10.09,92.08,8.88,,
305,05/04/2025 02:40:00,9.99,90.58,8.53,,
306,05/04/2025 02:50:00,9.83,90.84,8.41,,
307,05/04/2025 03:00:00,9.65,90.88,8.24,,
308,05/04/2025 03:10:00,9.46,91.06,8.08,,
309,05/04/2025 03:20:00,9.25,90.30,7.75,,
310,05/04/2025 03:30:00,9.02,90.59,7.57,,
311,05/04/2025 03:40:00,8.79,91.56,7.51,,
312,05/04/2025 03:50:00,8.67,92.47,7.53,,
313,05/04/2025 04:00:00,8.68,93.23,7.66,,
314,05/04/2025 04:10:00,8.70,93.00,7.64,,
315,05/04/2025 04:20:00,8.66,91.66,7.39,,
316,05/04/2025 04:30:00,8.56,91.25,7.22,,
317,05/04/2025 04:40:00,8.41,90.42,6.94,,
318,05/04/2025 04:50:00,8.19,90.53,6.74,,
319,05/04/2025 05:00:00,7.81,88.36,6.01,,
320,05/04/2025 05:10:00,7.31,88.49,5.54,,
321,05/04/2025 05:20:00,6.92,88.85,5.22,,
322,05/04/2025 05:30:00,6.55,88.89,4.86,,
323,05/04/2025 05:40:00,6.19,88.83,4.49,,
324,05/04/2025 05:50:00,5.90,89.82,4.36,,
325,05/04/2025 06:00:00,5.62,90.24,4.15,,
326,05/04/2025 06:10:00,5.40,91.09,4.06,,
327,05/04/2025 06:20:00,5.26,92.36,4.12,,
328,05/04/2025 06:30:00,5.34,93.29,4.34,,
329,05/04/2025 06:40:00,5.56,93.74,4.64,,
330,05/04/2025 06:50:00,5.74,92.61,4.64,,
331,05/04/2025 07:00:00,5.85,92.61,4.75,,
332,05/04/2025 07:10:00,5.95,90.94,4.59,,
333,05/04/2025 07:20:00,6.01,90.78,4.62,,
334,05/04/2025 07:30:00,5.97,90.71,4.57,,
335,05/04/2025 07:40:00,5.96,90.32,4.50,,
336,05/04/2025 07:50:00,6.06,88.76,4.35,,
337,05/04/2025 08:00:00,6.30,89.47,4.70,,
338,05/04/2025 08:10:00,6.51,86.09,4.36,,
339,05/04/2025 08:20:00,6.65,84.93,4.31,,
340,05/04/2025 08:30:00,6.82,84.77,4.44,,
341,05/04/2025 08:40:00,6.90,83.42,4.29,,
342,05/04/2025 08:50:00,7.01,84.98,4.66,,
343,05/04/2025 09:00:00,7.16,81.02,4.13,,
344,05/04/2025 09:10:00,7.24,80.30,4.08,,
345,05/04/2025 09:20:00,7.25,80.35,4.10,,
346,05/04/2025 09:30:00,7.31,81.10,4.29,,
347,05/04/2025 09:40:00,7.38,79.12,4.01,,
348,05/04/2025 09:50:00,7.48,76.99,3.71,,
349,05/04/2025 10:00:00,7.50,77.68,3.86,,
350,05/04/2025 10:10:00,7.59,77.41,3.90,,
351,05/04/2025 10:20:00,7.86,76.96,4.08,,
352,05/04/2025 10:30:00,7.93,74.66,3.71,,
353,05/04/2025 10:40:00,7.94,76.95,4.16,,
354,05/04/2025 10:50:00,8.30,72.92,3.74,,
355,05/04/2025 11:00:00,8.45,73.91,4.08,,
356,05/04/2025 11:10:00,8.43,71.90,3.66,,
357,05/04/2025 11:20:00,8.55,74.37,4.26,,
358,05/04/2025 11:30:00,8.85,71.86,4.06,,
359,05/04/2025 11:40:00,8.87,72.00,4.11,,
360,05/04/2025 11:50:00,8.97,75.41,4.86,,
361,05/04/2025 12:00:00,9.69,68.10,4.11,,
362,05/04/2025 12:10:00,9.82,70.02,4.62,,
363,05/04/2025 12:20:00,9.71,65.93,3.66,,
364,05/04/2025 12:30:00,9.71,68.09,4.12,,
365,05/04/2025 12:40:00,9.66,67.83,4.02,,
366,05/04/2025 12:50:00,10.07,68.06,4.45,,
367,05/04/2025 13:00:00,10.58,65.90,4.48,,
368,05/04/2025 13:10:00,10.77,64.41,4.34,,
369,05/04/2025 13:20:00,10.88,60.85,3.63,,
370,05/04/2025 13:30:00,10.94,57.77,2.96,,
371,05/04/2025 13:40:00,11.09,58.16,3.19,,
372,05/04/2025 13:50:00,11.24,59.52,3.66,,
373,05/04/2025 14:00:00,11.03,61.82,4.00,,
374,05/04/2025 14:10:00,12.06,60.56,4.68,,
375,05/04/2025 14:20:00,12.64,55.24,3.91,,
376,05/04/2025 14:30:00,12.90,59.02,5.10,,
377,05/04/2025 14:40:00,12.95,52.43,3.45,,
378,05/04/2025 14:50:00,13.02,53.50,3.81,,
379,05/04/2025 15:00:00,12.55,58.51,4.65,,
380,05/04/2025 15:10:00,11.94,61.79,4.86,,
381,05/04/2025 15:20:00,12.17,60.10,4.67,,
382,05/04/2025 15:30:00,11.88,56.19,3.44,,
383,05/04/2025 15:40:00,11.77,57.53,3.68,,
384,05/04/2025 15:50:00,12.59,59.24,4.86,,
385,05/04/2025 16:00:00,13.04,56.95,4.72,,
386,05/04/2025 16:10:00,12.37,57.97,4.34,,
387,05/04/2025 16:20:00,12.05,60.13,4.57,,
388,05/04/2025 16:30:00,11.97,59.77,4.41,,
389,05/04/2025 16:40:00,12.02,61.61,4.89,,
390,05/04/2025 16:50:00,12.21,62.78,5.34,,
391,05/04/2025 17:00:00,12.15,60.40,4.73,,
392,05/04/2025 17:10:00,12.53,54.29,3.56,,
393,05/04/2025 17:20:00,12.56,54.60,3.67,,
394,05/04/2025 17:30:00,12.46,55.39,3.78,,
395,05/04/2025 17:40:00,12.05,58.70,4.22,,
396,05/04/2025 17:50:00,11.81,60.62,4.46,,
397,05/04/2025 18:00:00,11.46,63.27,4.74,,
398,05/04/2025 18:10:00,11.19,63.62,4.56,,
399,05/04/2025 18:20:00,11.15,60.62,3.84,,
400,05/04/2025 18:30:00,11.16,61.12,3.96,,
401,05/04/2025 18:40:00,11.01,63.80,4.43,,
402,05/04/2025 18:50:00,10.81,63.21,4.11,,
403,05/04/2025 19:00:00,10.57,68.33,4.99,,
404,05/04/2025 19:10:00,10.32,65.75,4.20,,
405,05/04/2025 19:20:00,10.12,71.44,5.20,,
406,05/04/2025 19:30:00,10.05,70.14,4.87,,
407,05/04/2025 19:40:00,10.05,69.61,4.76,,
408,05/04/2025 19:50:00,9.87,65.89,3.81,,
409,05/04/2025 20:00:00,9.77,68.72,4.31,,
410,05/04/2025 20:10:00,9.55,71.49,4.66,,
411,05/04/2025 20:20:00,9.26,67.76,3.62,,
412,05/04/2025 20:30:00,8.93,76.73,5.07,,
413,05/04/2025 20:40:00,8.61,74.41,4.33,,
414,05/04/2025 20:50:00,8.46,77.24,4.71,,
415,05/04/2025 21:00:00,8.41,76.78,4.58,,
416,05/04/2025 21:10:00,8.41,78.73,4.94,,
417,05/04/2025 21:20:00,8.39,78.81,4.93,,
418,05/04/2025 21:30:00,8.37,77.26,4.63,,
419,05/04/2025 21:40:00,8.36,76.19,4.42,,
420,05/04/2025 21:50:00,8.37,76.76,4.53,,
421,05/04/2025 22:00:00,8.35,74.31,4.06,,
422,05/04/2025 22:10:00,8.23,73.00,3.69,,
423,05/04/2025 22:20:00,8.13,72.52,3.50,,
424,05/04/2025 22:30:00,8.11,72.32,3.44,,
425,05/04/2025 22:40:00,8.05,71.72,3.27,,
426,05/04/2025 22:50:00,7.96,77.97,4.36,,
427,05/04/2025 23:00:00,7.87,78.40,4.36,,
428,05/04/2025 23:10:00,7.79,76.67,3.96,,
429,05/04/2025 23:20:00,7.76,77.66,4.11,,
430,05/04/2025 23:30:00,7.72,75.68,3.71,,
431,05/04/2025 23:40:00,7.70,76.41,3.82,,
432,05/04/2025 23:50:00,7.66,76.25,3.76,,
433,05/05/2025 00:00:00,7.55,76.53,3.70,,
434,05/05/2025 00:10:00,7.47,79.13,4.09,,
435,05/05/2025 00:20:00,7.34,80.51,4.22,,
436,05/05/2025 00:30:00,7.23,80.02,4.02,,
437,05/05/2025 00:40:00,7.16,82.01,4.30,,
438,05/05/2025 00:50:00,7.08,80.10,3.89,,
439,05/05/2025 01:00:00,7.05,78.08,3.50,,
440,05/05/2025 01:10:00,7.06,81.58,4.13,,
441,05/05/2025 01:20:00,6.99,83.35,4.37,,
442,05/05/2025 01:30:00,6.91,80.97,3.88,,
443,05/05/2025 01:40:00,6.82,79.71,3.57,,
444,05/05/2025 01:50:00,6.79,82.65,4.05,,
445,05/05/2025 02:00:00,6.74,82.68,4.01,,
446,05/05/2025 02:10:00,6.70,79.22,3.36,,
447,05/05/2025 02:20:00,6.67,79.58,3.40,,
448,05/05/2025 02:30:00,6.54,80.69,3.47,,
449,05/05/2025 02:40:00,6.38,76.74,2.60,,
450,05/05/2025 02:50:00,6.19,79.60,2.94,,
451,05/05/2025 03:00:00,5.94,78.10,2.42,,
452,05/05/2025 03:10:00,5.73,77.69,2.15,,
453,05/05/2025 03:20:00,5.65,76.86,1.92,,
454,05/05/2025 03:30:00,5.61,79.28,2.31,,
455,05/05/2025 03:40:00,5.58,82.76,2.88,,
456,05/05/2025 03:50:00,5.57,82.99,2.91,,
457,05/05/2025 04:00:00,5.51,83.35,2.91,,
458,05/05/2025 04:10:00,5.45,83.93,2.96,,
459,05/05/2025 04:20:00,5.34,84.58,2.96,,
460,05/05/2025 04:30:00,5.29,84.84,2.95,,
461,05/05/2025 04:40:00,5.28,84.38,2.86,,
462,05/05/2025 04:50:00,5.19,83.65,2.66,,
463,05/05/2025 05:00:00,5.03,83.17,2.42,,
464,05/05/2025 05:10:00,4.87,84.53,2.48,,
465,05/05/2025 05:20:00,4.68,84.35,2.27,,
466,05/05/2025 05:30:00,4.40,85.58,2.20,,
467,05/05/2025 05:40:00,4.12,86.52,2.08,,
468,05/05/2025 05:50:00,3.90,87.20,1.96,,
469,05/05/2025 06:00:00,3.76,88.16,1.98,,
470,05/05/2025 06:10:00,3.70,88.10,1.92,,
471,05/05/2025 06:20:00,3.69,88.67,2.00,,
472,05/05/2025 06:30:00,3.65,89.15,2.04,,
473,05/05/2025 06:40:00,3.70,89.67,2.16,,
474,05/05/2025 06:50:00,3.75,89.58,2.20,,
475,05/05/2025 07:00:00,3.90,89.97,2.41,,
476,05/05/2025 07:10:00,4.20,90.19,2.74,,
477,05/05/2025 07:20:00,4.49,89.66,2.94,,
478,05/05/2025 07:30:00,4.72,89.24,3.11,,
479,05/05/2025 07:40:00,5.09,88.14,3.29,,
480,05/05/2025 07:50:00,5.48,86.81,3.46,,
481,05/05/2025 08:00:00,5.72,85.62,3.50,,
482,05/05/2025 08:10:00,6.11,86.62,4.05,,
483,05/05/2025 08:20:00,6.49,84.42,4.06,,
484,05/05/2025 08:30:00,6.61,83.20,3.97,,
485,05/05/2025 08:40:00,6.69,83.42,4.08,,
486,05/05/2025 08:50:00,6.73,82.40,3.95,,
487,05/05/2025 09:00:00,6.74,82.14,3.92,,
488,05/05/2025 09:10:00,6.70,81.50,3.77,,
489,05/05/2025 09:20:00,6.66,81.57,3.74,,
490,05/05/2025 09:30:00,6.63,82.51,3.87,,
491,05/05/2025 09:40:00,6.58,82.29,3.78,,
492,05/05/2025 09:50:00,6.56,82.46,3.80,,
493,05/05/2025 10:00:00,6.56,81.64,3.65,,
494,05/05/2025 10:10:00,6.77,81.68,3.87,,
495,05/05/2025 10:20:00,7.26,78.96,3.86,,
496,05/05/2025 10:30:00,7.38,77.62,3.74,,
497,05/05/2025 10:40:00,7.39,75.61,3.37,,
498,05/05/2025 10:50:00,7.32,76.87,3.54,,
499,05/05/2025 11:00:00,7.95,73.65,3.55,,
500,05/05/2025 11:10:00,8.60,74.16,4.27,,
501,05/05/2025 11:20:00,8.75,71.84,3.96,,
502,05/05/2025 11:30:00,9.79,68.99,4.39,,
503,05/05/2025 11:40:00,10.14,67.32,4.37,,
504,05/05/2025 11:50:00,10.21,63.91,3.69,,
505,05/05/2025 12:00:00,10.62,63.99,4.10,,
506,05/05/2025 12:10:00,10.63,58.22,2.77,,
507,05/05/2025 12:20:00,11.24,58.63,3.45,,
508,05/05/2025 12:30:00,11.90,56.03,3.42,,
509,05/05/2025 12:40:00,11.86,57.36,3.71,,
510,05/05/2025 12:50:00,12.09,59.34,4.42,,
511,05/05/2025 13:00:00,12.22,58.07,4.23,,
512,05/05/2025 13:10:00,12.44,52.82,3.09,,
513,05/05/2025 13:20:00,11.79,55.07,3.07,,
514,05/05/2025 13:30:00,11.86,56.85,3.59,,
515,05/05/2025 13:40:00,12.48,55.91,3.93,,
516,05/05/2025 13:50:00,12.28,52.43,2.84,,
517,05/05/2025 14:00:00,12.36,56.63,4.00,,
518,05/05/2025 14:10:00,12.87,55.07,4.08,,
519,05/05/2025 14:20:00,12.95,51.11,3.09,,
520,05/05/2025 14:30:00,12.84,53.57,3.66,,
521,05/05/2025 14:40:00,12.84,50.20,2.74,,
522,05/05/2025 14:50:00,13.12,52.60,3.67,,
523,05/05/2025 15:00:00,12.66,53.77,3.54,,
524,05/05/2025 15:10:00,13.12,49.91,2.92,,
525,05/05/2025 15:20:00,12.93,50.10,2.79,,
526,05/05/2025 15:30:00,13.05,48.79,2.54,,
527,05/05/2025 15:40:00,12.84,50.98,2.95,,
528,05/05/2025 15:50:00,13.12,50.34,3.04,,
529,05/05/2025 16:00:00,13.09,46.69,1.96,,
530,05/05/2025 16:10:00,12.95,47.30,2.01,,
531,05/05/2025 16:20:00,12.97,49.00,2.52,,
532,05/05/2025 16:30:00,12.62,46.45,1.46,,
533,05/05/2025 16:40:00,12.19,48.07,1.53,,
534,05/05/2025 16:50:00,11.63,52.13,2.15,,
535,05/05/2025 17:00:00,11.71,52.61,2.35,,
536,05/05/2025 17:10:00,11.51,51.05,1.74,,
537,05/05/2025 17:20:00,11.57,51.61,1.96,,
538,05/05/2025 17:30:00,10.91,52.12,1.49,,
539,05/05/2025 17:40:00,11.03,54.88,2.32,,
540,05/05/2025 17:50:00,11.05,52.02,1.59,,
541,05/05/2025 18:00:00,10.80,55.97,2.38,,
542,05/05/2025 18:10:00,10.73,52.55,1.43,,
543,05/05/2025 18:20:00,10.72,54.44,1.91,,
544,05/05/2025 18:30:00,10.46,56.18,2.11,,
545,05/05/2025 18:40:00,10.51,52.77,1.29,,
546,05/05/2025 18:50:00,10.43,53.56,1.42,,
547,05/05/2025 19:00:00,10.31,60.00,2.90,,
548,05/05/2025 19:10:00,10.17,59.35,2.61,,
549,05/05/2025 19:20:00,10.04,56.75,1.86,,
550,05/05/2025 19:30:00,9.92,56.18,1.61,,
551,05/05/2025 19:40:00,9.85,58.26,2.05,,
552,05/05/2025 19:50:00,9.75,55.78,1.35,,
553,05/05/2025 20:00:00,9.64,57.25,1.61,,
554,05/05/2025 20:10:00,9.39,61.57,2.39,,
555,05/05/2025 20:20:00,9.13,64.48,2.80,,
556,05/05/2025 20:30:00,8.79,69.40,3.51,,
557,05/05/2025 20:40:00,8.47,69.10,3.14,,
558,05/05/2025 20:50:00,8.05,70.89,3.10,,
559,05/05/2025 21:00:00,7.65,72.33,3.00,,
560,05/05/2025 21:10:00,7.27,73.47,2.85,,
561,05/05/2025 21:20:00,6.90,75.72,2.91,,
562,05/05/2025 21:30:00,6.65,76.42,2.81,,
563,05/05/2025 21:40:00,6.36,76.83,2.60,,
564,05/05/2025 21:50:00,6.06,77.16,2.37,,
565,05/05/2025 22:00:00,5.87,79.42,2.59,,
566,05/05/2025 22:10:00,5.66,80.46,2.57,,
567,05/05/2025 22:20:00,5.45,80.66,2.40,,
568,05/05/2025 22:30:00,5.24,81.12,2.27,,
569,05/05/2025 22:40:00,5.08,81.13,2.11,,
570,05/05/2025 22:50:00,4.94,82.36,2.19,,
571,05/05/2025 23:00:00,4.78,81.92,1.96,,
572,05/05/2025 23:10:00,4.68,82.37,1.94,,
573,05/05/2025 23:20:00,4.58,82.17,1.81,,
574,05/05/2025 23:30:00,4.44,82.08,1.65,,
575,05/05/2025 23:40:00,4.30,81.93,1.50,,
576,05/05/2025 23:50:00,4.24,83.58,1.71,,
577,05/06/2025 00:00:00,4.16,83.51,1.63,,
578,05/06/2025 00:10:00,4.11,83.15,1.51,,
579,05/06/2025 00:20:00,4.03,83.61,1.51,,
580,05/06/2025 00:30:00,3.88,83.32,1.32,,
581,05/06/2025 00:40:00,3.75,83.01,1.13,,
582,05/06/2025 00:50:00,3.67,84.37,1.28,,
583,05/06/2025 01:00:00,3.63,84.67,1.29,,
584,05/06/2025 01:10:00,3.58,84.19,1.16,,
585,05/06/2025 01:20:00,3.44,83.64,0.94,,
586,05/06/2025 01:30:00,3.35,82.75,0.70,,
587,05/06/2025 01:40:00,3.29,85.36,1.07,,
588,05/06/2025 01:50:00,3.21,86.48,1.17,,
589,05/06/2025 02:00:00,3.09,85.22,0.85,,
590,05/06/2025 02:10:00,2.92,84.83,0.62,,
591,05/06/2025 02:20:00,2.87,85.40,0.67,,
592,05/06/2025 02:30:00,2.82,84.10,0.40,,
593,05/06/2025 02:40:00,2.69,84.74,0.38,,
594,05/06/2025 02:50:00,2.54,85.63,0.37,,
595,05/06/2025 03:00:00,2.39,86.06,0.30,,
596,05/06/2025 03:10:00,2.27,87.32,0.38,,
597,05/06/2025 03:20:00,2.16,86.04,0.07,,
598,05/06/2025 03:30:00,2.12,84.87,-0.16,,
599,05/06/2025 03:40:00,1.99,85.60,-0.17,,
600,05/06/2025 03:50:00,1.92,87.83,0.12,,
601,05/06/2025 04:00:00,1.94,89.57,0.41,,
602,05/06/2025 04:10:00,2.08,89.43,0.53,,
603,05/06/2025 04:20:00,2.24,87.52,0.39,,
604,05/06/2025 04:30:00,2.30,87.08,0.37,,
605,05/06/2025 04:40:00,2.30,88.09,0.53,,
606,05/06/2025 04:50:00,2.19,86.96,0.25,,
607,05/06/2025 05:00:00,2.05,86.93,0.10,,
608,05/06/2025 05:10:00,1.86,87.72,0.04,,
609,05/06/2025 05:20:00,1.70,87.94,-0.08,,
610,05/06/2025 05:30:00,1.63,87.85,-0.16,,
611,05/06/2025 05:40:00,1.59,87.51,-0.26,,
612,05/06/2025 05:50:00,1.59,86.84,-0.36,,
613,05/06/2025 06:00:00,1.55,86.84,-0.40,,
614,05/06/2025 06:10:00,1.55,87.16,-0.35,,
615,05/06/2025 06:20:00,1.55,87.67,-0.27,,
616,05/06/2025 06:30:00,1.58,88.75,-0.08,,
617,05/06/2025 06:40:00,1.61,88.97,-0.01,,
618,05/06/2025 06:50:00,1.62,89.45,0.07,,
619,05/06/2025 07:00:00,1.68,90.17,0.24,,
620,05/06/2025 07:10:00,1.79,90.26,0.36,,
621,05/06/2025 07:20:00,1.94,90.58,0.56,,
622,05/06/2025 07:30:00,2.06,90.83,0.72,,
623,05/06/2025 07:40:00,2.27,91.05,0.96,,
624,05/06/2025 07:50:00,2.56,90.80,1.21,,
625,05/06/2025 08:00:00,2.93,89.42,1.36,,
626,05/06/2025 08:10:00,3.46,87.50,1.58,,
627,05/06/2025 08:20:00,4.20,84.15,1.77,,
628,05/06/2025 08:30:00,4.73,78.43,1.31,,
629,05/06/2025 08:40:00,5.27,73.01,0.83,,
630,05/06/2025 08:50:00,6.01,72.88,1.52,,
631,05/06/2025 09:00:00,7.00,70.31,1.97,,
632,05/06/2025 09:10:00,7.88,63.85,1.47,,
633,05/06/2025 09:20:00,8.69,61.68,1.75,,
634,05/06/2025 09:30:00,9.11,55.80,0.75,,
635,05/06/2025 09:40:00,9.14,58.52,1.44,,
636,05/06/2025 09:50:00,9.08,54.44,0.38,,
637,05/06/2025 10:00:00,9.03,56.67,0.90,,
638,05/06/2025 10:10:00,9.10,59.03,1.53,,
639,05/06/2025 10:20:00,9.54,51.10,-0.06,,
640,05/06/2025 10:30:00,10.03,53.64,1.07,,
641,05/06/2025 10:40:00,11.08,46.59,0.08,,
642,05/06/2025 10:50:00,10.83,47.59,0.15,,
643,05/06/2025 11:00:00,11.53,44.14,-0.25,,
644,05/06/2025 11:10:00,11.61,44.77,0.02,,
645,05/06/2025 11:20:00,11.80,42.63,-0.48,,
646,05/06/2025 11:30:00,12.12,44.80,0.50,,
647,05/06/2025 11:40:00,11.94,43.39,-0.11,,
648,05/06/2025 11:50:00,12.61,43.14,0.41,,
649,05/06/2025 12:00:00,13.16,44.00,1.19,,
650,05/06/2025 12:10:00,13.48,42.10,0.86,,
651,05/06/2025 12:20:00,13.14,43.52,1.02,,
652,05/06/2025 12:30:00,13.01,42.25,0.49,,
653,05/06/2025 12:40:00,12.91,42.23,0.40,,
654,05/06/2025 12:50:00,12.43,43.09,0.24,,
655,05/06/2025 13:00:00,12.18,43.40,0.11,,
656,05/06/2025 13:10:00,12.73,44.66,1.00,,
657,05/06/2025 13:20:00,12.97,45.15,1.38,,
658,05/06/2025 13:30:00,13.19,44.72,1.45,,
659,05/06/2025 13:40:00,13.48,40.21,0.24,,
660,05/06/2025 13:50:00,13.19,40.75,0.16,,
661,05/06/2025 14:00:00,13.05,41.54,0.29,,
662,05/06/2025 14:10:00,13.64,40.47,0.47,,
663,05/06/2025 14:20:00,13.86,42.05,1.19,,
664,05/06/2025 14:30:00,13.83,44.89,2.08,,
665,05/06/2025 14:40:00,14.17,40.88,1.08,,
666,05/06/2025 14:50:00,14.10,43.21,1.79,,
667,05/06/2025 15:00:00,13.84,44.13,1.84,,
668,05/06/2025 15:10:00,13.77,43.09,1.45,,
669,05/06/2025 15:20:00,13.70,44.20,1.74,,
670,05/06/2025 15:30:00,14.14,42.11,1.47,,
671,05/06/2025 15:40:00,14.39,41.61,1.53,,
672,05/06/2025 15:50:00,14.42,41.87,1.64,,
673,05/06/2025 16:00:00,14.35,40.67,1.17,,
674,05/06/2025 16:10:00,14.22,41.82,1.44,,
675,05/06/2025 16:20:00,13.80,44.02,1.77,,
676,05/06/2025 16:30:00,13.26,43.82,1.22,,
677,05/06/2025 16:40:00,12.97,45.36,1.44,,
678,05/06/2025 16:50:00,12.79,46.29,1.56,,
679,05/06/2025 17:00:00,12.76,43.35,0.62,,
680,05/06/2025 17:10:00,12.64,47.08,1.66,,
681,05/06/2025 17:20:00,12.52,49.10,2.14,,
682,05/06/2025 17:30:00,12.38,46.48,1.24,,
683,05/06/2025 17:40:00,12.15,47.15,1.23,,
684,05/06/2025 17:50:00,12.07,49.51,1.84,,
685,05/06/2025 18:00:00,12.01,48.50,1.50,,
686,05/06/2025 18:10:00,11.97,50.30,1.96,,
687,05/06/2025 18:20:00,11.89,49.69,1.72,,
688,05/06/2025 18:30:00,11.82,54.64,2.99,,
689,05/06/2025 18:40:00,11.68,52.28,2.24,,
690,05/06/2025 18:50:00,11.60,53.80,2.57,,
691,05/06/2025 19:00:00,11.51,53.23,2.33,,
692,05/06/2025 19:10:00,11.37,54.06,2.42,,
693,05/06/2025 19:20:00,11.21,52.81,1.95,,
694,05/06/2025 19:30:00,10.98,53.85,2.01,,
695,05/06/2025 19:40:00,10.75,59.76,3.25,,
696,05/06/2025 19:50:00,10.55,60.92,3.34,,
697,05/06/2025 20:00:00,10.18,61.27,3.07,,
698,05/06/2025 20:10:00,9.84,64.58,3.49,,
699,05/06/2025 20:20:00,9.49,67.56,3.80,,
700,05/06/2025 20:30:00,9.12,70.70,4.09,,
701,05/06/2025 20:40:00,8.76,70.17,3.64,,
702,05/06/2025 20:50:00,8.42,70.36,3.35,,
703,05/06/2025 21:00:00,8.02,73.26,3.54,,
704,05/06/2025 21:10:00,7.71,72.47,3.08,,
705,05/06/2025 21:20:00,7.52,72.26,2.86,,
706,05/06/2025 21:30:00,7.39,74.22,3.11,,
707,05/06/2025 21:40:00,7.32,76.35,3.44,,
708,05/06/2025 21:50:00,7.23,76.63,3.40,,
709,05/06/2025 22:00:00,7.19,76.89,3.41,,
710,05/06/2025 22:10:00,7.34,77.01,3.58,,
711,05/06/2025 22:20:00,7.37,75.96,3.42,,
712,05/06/2025 22:30:00,7.31,76.90,3.54,,
713,05/06/2025 22:40:00,7.18,78.23,3.65,,
714,05/06/2025 22:50:00,6.99,78.94,3.60,,
715,05/06/2025 23:00:00,6.88,80.19,3.71,,
716,05/06/2025 23:10:00,6.77,80.80,3.71,,
717,05/06/2025 23:20:00,6.61,81.75,3.72,,
718,05/06/2025 23:30:00,6.43,80.68,3.36,,
719,05/06/2025 23:40:00,6.41,80.14,3.24,,
720,05/06/2025 23:50:00,6.31,81.41,3.37,,
721,05/07/2025 00:00:00,6.09,82.33,3.31,,
722,05/07/2025 00:10:00,5.83,82.94,3.16,,
723,05/07/2025 00:20:00,5.59,84.34,3.17,,
724,05/07/2025 00:30:00,5.38,85.00,3.07,,
725,05/07/2025 00:40:00,5.19,85.60,2.98,,
726,05/07/2025 00:50:00,5.06,86.47,3.00,,
727,05/07/2025 01:00:00,5.00,87.09,3.03,,
728,05/07/2025 01:10:00,5.08,87.88,3.25,,
729,05/07/2025 01:20:00,5.29,88.68,3.58,,
730,05/07/2025 01:30:00,5.65,87.97,3.82,,
731,05/07/2025 01:40:00,5.94,86.80,3.92,,
732,05/07/2025 01:50:00,6.12,85.13,3.82,,
733,05/07/2025 02:00:00,6.26,85.12,3.95,,
734,05/07/2025 02:10:00,6.36,85.05,4.03,,
735,05/07/2025 02:20:00,6.45,85.37,4.18,,
736,05/07/2025 02:30:00,6.52,85.72,4.31,,
737,05/07/2025 02:40:00,6.61,84.67,4.22,,
738,05/07/2025 02:50:00,6.70,85.30,4.42,,
739,05/07/2025 03:00:00,6.76,85.52,4.51,,
740,05/07/2025 03:10:00,6.80,85.32,4.52,,
741,05/07/2025 03:20:00,6.85,85.89,4.66,,
742,05/07/2025 03:30:00,6.89,85.05,4.56,,
743,05/07/2025 03:40:00,6.94,86.44,4.84,,
744,05/07/2025 03:50:00,7.02,85.37,4.74,,
745,05/07/2025 04:00:00,7.12,84.77,4.73,,
746,05/07/2025 04:10:00,7.19,84.22,4.72,,
747,05/07/2025 04:20:00,7.23,84.62,4.82,,
748,05/07/2025 04:30:00,7.26,85.73,5.03,,
749,05/07/2025 04:40:00,7.25,86.81,5.20,,
750,05/07/2025 04:50:00,7.21,83.12,4.54,,
751,05/07/2025 05:00:00,7.23,84.34,4.77,,
752,05/07/2025 05:10:00,7.23,84.99,4.89,,
753,05/07/2025 05:20:00,7.22,86.41,5.11,,
754,05/07/2025 05:30:00,7.18,84.44,4.74,,
755,05/07/2025 05:40:00,7.14,83.35,4.51,,
756,05/07/2025 05:50:00,7.10,83.91,4.57,,
757,05/07/2025 06:00:00,7.06,82.84,4.35,,
758,05/07/2025 06:10:00,7.01,82.35,4.21,,
759,05/07/2025 06:20:00,6.94,82.76,4.22,,
760,05/07/2025 06:30:00,6.78,83.06,4.11,,
761,05/07/2025 06:40:00,6.59,83.61,4.02,,
762,05/07/2025 06:50:00,6.31,83.80,3.78,,
763,05/07/2025 07:00:00,6.07,84.96,3.74,,
764,05/07/2025 07:10:00,5.87,85.60,3.64,,
765,05/07/2025 07:20:00,5.69,86.63,3.64,,
766,05/07/2025 07:30:00,5.65,88.51,3.91,,
767,05/07/2025 07:40:00,5.86,89.39,4.25,,
768,05/07/2025 07:50:00,6.34,88.49,4.58,,
769,05/07/2025 08:00:00,6.95,85.87,4.76,,
770,05/07/2025 08:10:00,7.38,84.23,4.90,,
771,05/07/2025 08:20:00,7.69,82.50,4.91,,
772,05/07/2025 08:30:00,7.92,81.45,4.95,,
773,05/07/2025 08:40:00,8.23,80.89,5.15,,
774,05/07/2025 08:50:00,8.53,79.12,5.13,,
775,05/07/2025 09:00:00,8.76,77.22,5.00,,
776,05/07/2025 09:10:00,8.91,76.71,5.06,,
777,05/07/2025 09:20:00,9.20,74.08,4.84,,
778,05/07/2025 09:30:00,9.49,76.12,5.51,,
779,05/07/2025 09:40:00,9.62,74.55,5.33,,
780,05/07/2025 09:50:00,9.84,72.98,5.24,,
781,05/07/2025 10:00:00,9.78,71.06,4.80,,
782,05/07/2025 10:10:00,9.79,70.18,4.62,,
783,05/07/2025 10:20:00,9.77,71.05,4.79,,
784,05/07/2025 10:30:00,9.92,71.12,4.94,,
785,05/07/2025 10:40:00,9.94,71.18,4.98,,
786,05/07/2025 10:50:00,10.04,72.10,5.25,,
787,05/07/2025 11:00:00,9.99,72.21,5.23,,
788,05/07/2025 11:10:00,10.25,71.05,5.24,,
789,05/07/2025 11:20:00,10.51,69.39,5.16,,
790,05/07/2025 11:30:00,10.76,67.76,5.05,,
791,05/07/2025 11:40:00,10.87,67.89,5.19,,
792,05/07/2025 11:50:00,10.90,69.72,5.60,,
793,05/07/2025 12:00:00,10.91,67.67,5.18,,
794,05/07/2025 12:10:00,10.79,66.60,4.84,,
795,05/07/2025 12:20:00,10.85,66.80,4.94,,
796,05/07/2025 12:30:00,10.90,69.12,5.47,,
797,05/07/2025 12:40:00,11.12,66.83,5.20,,
798,05/07/2025 12:50:00,11.44,65.55,5.22,,
799,05/07/2025 13:00:00,11.77,62.35,4.82,,
800,05/07/2025 13:10:00,11.91,61.62,4.79,,
801,05/07/2025 13:20:00,11.96,60.08,4.47,,
802,05/07/2025 13:30:00,12.18,57.95,4.16,,
803,05/07/2025 13:40:00,12.45,60.19,4.96,,
804,05/07/2025 13:50:00,12.66,58.03,4.63,,
805,05/07/2025 14:00:00,12.78,57.08,4.51,,
806,05/07/2025 14:10:00,12.90,56.58,4.50,,
807,05/07/2025 14:20:00,13.65,52.63,4.16,,
808,05/07/2025 14:30:00,13.59,55.11,4.76,,
809,05/07/2025 14:40:00,12.72,61.08,5.42,,
810,05/07/2025 14:50:00,12.31,60.50,4.90,,
811,05/07/2025 15:00:00,12.16,62.17,5.15,,
812,05/07/2025 15:10:00,12.37,57.77,4.29,,
813,05/07/2025 15:20:00,12.44,59.31,4.74,,
814,05/07/2025 15:30:00,12.44,56.77,4.11,,
815,05/07/2025 15:40:00,12.43,56.10,3.93,,
816,05/07/2025 15:50:00,12.86,57.16,4.61,,
817,05/07/2025 16:00:00,12.84,57.00,4.55,,
818,05/07/2025 16:10:00,12.28,58.84,4.47,,
819,05/07/2025 16:20:00,12.31,59.51,4.67,,
820,05/07/2025 16:30:00,12.43,59.25,4.71,,
821,05/07/2025 16:40:00,12.22,55.89,3.68,,
822,05/07/2025 16:50:00,12.30,53.40,3.11,,
823,05/07/2025 17:00:00,12.33,50.30,2.30,,
824,05/07/2025 17:10:00,12.21,49.85,2.06,,
825,05/07/2025 17:20:00,12.08,52.33,2.62,,
826,05/07/2025 17:30:00,11.95,49.97,1.86,,
827,05/07/2025 17:40:00,11.79,50.17,1.76,,
828,05/07/2025 17:50:00,11.67,51.92,2.13,,
829,05/07/2025 18:00:00,11.66,52.98,2.41,,
830,05/07/2025 18:10:00,11.63,53.86,2.61,,
831,05/07/2025 18:20:00,11.61,54.65,2.80,,
832,05/07/2025 18:30:00,11.59,52.74,2.28,,
833,05/07/2025 18:40:00,11.58,54.12,2.63,,
834,05/07/2025 18:50:00,11.51,57.35,3.39,,
835,05/07/2025 19:00:00,11.41,57.65,3.37,,
836,05/07/2025 19:10:00,11.26,55.73,2.75,,
837,05/07/2025 19:20:00,11.13,56.07,2.71,,
838,05/07/2025 19:30:00,11.03,59.83,3.54,,
839,05/07/2025 19:40:00,10.88,62.11,3.92,,
840,05/07/2025 19:50:00,10.72,53.49,1.67,,
841,05/07/2025 20:00:00,10.56,57.86,2.62,,
842,05/07/2025 20:10:00,10.34,59.83,2.89,,
843,05/07/2025 20:20:00,10.12,59.08,2.50,,
844,05/07/2025 20:30:00,9.92,62.98,3.21,,
845,05/07/2025 20:40:00,9.70,55.32,1.19,,
846,05/07/2025 20:50:00,9.71,55.07,1.13,,
847,05/07/2025 21:00:00,9.55,50.95,-0.09,,
848,05/07/2025 21:10:00,9.40,59.70,1.97,,
849,05/07/2025 21:20:00,9.07,59.19,1.53,,
850,05/07/2025 21:30:00,8.78,57.06,0.76,,
851,05/07/2025 21:40:00,8.65,52.43,-0.54,,
852,05/07/2025 21:50:00,8.38,60.04,1.09,,
853,05/07/2025 22:00:00,8.08,61.07,1.04,,
854,05/07/2025 22:10:00,7.71,57.57,-0.13,,
855,05/07/2025 22:20:00,7.58,61.55,0.67,,
856,05/07/2025 22:30:00,7.48,60.14,0.26,,
857,05/07/2025 22:40:00,7.12,64.12,0.81,,
858,05/07/2025 22:50:00,6.87,63.14,0.36,,
859,05/07/2025 23:00:00,6.71,64.35,0.46,,
860,05/07/2025 23:10:00,6.55,66.07,0.68,,
861,05/07/2025 23:20:00,6.38,65.37,0.37,,
862,05/07/2025 23:30:00,6.28,65.91,0.39,,
863,05/07/2025 23:40:00,6.14,64.86,0.03,,
864,05/07/2025 23:50:00,6.10,64.02,-0.19,,
865,05/08/2025 00:00:00,5.90,67.45,0.34,,
866,05/08/2025 00:10:00,5.67,64.04,-0.59,,
867,05/08/2025 00:20:00,5.45,66.40,-0.30,,
868,05/08/2025 00:30:00,5.22,68.56,-0.09,,
869,05/08/2025 00:40:00,5.05,68.33,-0.29,,
870,05/08/2025 00:50:00,5.05,70.55,0.15,,
871,05/08/2025 01:00:00,4.87,71.75,0.21,,
872,05/08/2025 01:10:00,4.63,73.53,0.31,,
873,05/08/2025 01:20:00,4.48,73.76,0.21,,
874,05/08/2025 01:30:00,4.41,74.60,0.29,,
875,05/08/2025 01:40:00,4.34,74.05,0.13,,
876,05/08/2025 01:50:00,4.22,75.68,0.31,,
877,05/08/2025 02:00:00,4.05,75.11,0.05,,
878,05/08/2025 02:10:00,3.90,75.43,-0.04,,
879,05/08/2025 02:20:00,3.88,75.74,-0.00,,
880,05/08/2025 02:30:00,3.85,77.12,0.21,,
881,05/08/2025 02:40:00,3.76,77.90,0.26,,
882,05/08/2025 02:50:00,3.55,78.61,0.19,,
883,05/08/2025 03:00:00,3.46,78.02,-0.01,,
884,05/08/2025 03:10:00,3.41,79.19,0.15,,
885,05/08/2025 03:20:00,3.36,78.13,-0.09,,
886,05/08/2025 03:30:00,3.41,77.86,-0.09,,
887,05/08/2025 03:40:00,3.36,76.08,-0.44,,
888,05/08/2025 03:50:00,3.27,76.16,-0.52,,
889,05/08/2025 04:00:00,3.12,75.92,-0.71,,
890,05/08/2025 04:10:00,3.01,77.27,-0.57,,
891,05/08/2025 04:20:00,2.93,78.02,-0.52,,
892,05/08/2025 04:30:00,2.86,78.92,-0.43,,
893,05/08/2025 04:40:00,2.85,78.96,-0.43,,
894,05/08/2025 04:50:00,2.80,77.66,-0.71,,
895,05/08/2025 05:00:00,2.74,78.44,-0.63,,
896,05/08/2025 05:10:00,2.59,80.29,-0.46,,
897,05/08/2025 05:20:00,2.54,80.13,-0.54,,
898,05/08/2025 05:30:00,2.44,79.46,-0.75,,
899,05/08/2025 05:40:00,2.34,78.96,-0.93,,
900,05/08/2025 05:50:00,2.36,80.97,-0.56,,
901,05/08/2025 06:00:00,2.47,81.51,-0.37,,
902,05/08/2025 06:10:00,2.63,83.83,0.17,,
903,05/08/2025 06:20:00,2.89,77.65,-0.62,,
904,05/08/2025 06:30:00,3.19,79.35,-0.04,,
905,05/08/2025 06:40:00,3.47,77.77,-0.04,,
906,05/08/2025 06:50:00,3.76,74.38,-0.38,,
907,05/08/2025 07:00:00,3.96,76.22,0.16,,
908,05/08/2025 07:10:00,4.16,73.66,-0.12,,
909,05/08/2025 07:20:00,4.38,73.19,0.01,,
910,05/08/2025 07:30:00,4.69,71.76,0.03,,
911,05/08/2025 07:40:00,5.01,69.54,-0.09,,
912,05/08/2025 07:50:00,5.23,70.65,0.34,,
913,05/08/2025 08:00:00,5.49,70.51,0.56,,
914,05/08/2025 08:10:00,5.89,70.79,1.00,,
915,05/08/2025 08:20:00,6.31,66.53,0.55,,
916,05/08/2025 08:30:00,6.75,64.03,0.43,,
917,05/08/2025 08:40:00,7.22,62.73,0.59,,
918,05/08/2025 08:50:00,7.64,60.90,0.58,,
919,05/08/2025 09:00:00,8.25,57.51,0.36,,
920,05/08/2025 09:10:00,8.74,55.94,0.45,,
921,05/08/2025 09:20:00,9.30,54.22,0.53,,
922,05/08/2025 09:30:00,9.87,51.25,0.29,,
923,05/08/2025 09:40:00,10.37,51.51,0.82,,
924,05/08/2025 09:50:00,10.57,51.28,0.94,,
925,05/08/2025 10:00:00,11.19,44.72,-0.37,,
926,05/08/2025 10:10:00,11.42,45.17,-0.03,,
927,05/08/2025 10:20:00,11.73,43.80,-0.17,,
928,05/08/2025 10:30:00,11.78,43.52,-0.22,,
929,05/08/2025 10:40:00,11.94,41.31,-0.78,,
930,05/08/2025 10:50:00,12.13,42.06,-0.36,,
931,05/08/2025 11:00:00,12.63,39.84,-0.66,,
932,05/08/2025 11:10:00,12.24,41.85,-0.33,,
933,05/08/2025 11:20:00,12.08,40.68,-0.87,,
934,05/08/2025 11:30:00,12.08,41.51,-0.59,,
935,05/08/2025 11:40:00,12.12,40.60,-0.86,,
936,05/08/2025 11:50:00,12.51,40.66,-0.48,,
937,05/08/2025 12:00:00,12.46,38.22,-1.38,,
938,05/08/2025 12:10:00,12.30,38.41,-1.45,,
939,05/08/2025 12:20:00,11.97,40.26,-1.11,,
940,05/08/2025 12:30:00,12.29,43.51,0.24,,
941,05/08/2025 12:40:00,12.59,39.61,-0.78,,
942,05/08/2025 12:50:00,12.38,41.45,-0.34,,
943,05/08/2025 13:00:00,12.05,41.99,-0.46,,
944,05/08/2025 13:10:00,12.12,41.93,-0.42,,
945,05/08/2025 13:20:00,11.85,42.02,-0.63,,
946,05/08/2025 13:30:00,11.40,41.38,-1.25,,
947,05/08/2025 13:40:00,11.71,45.21,0.25,,
948,05/08/2025 13:50:00,11.90,38.72,-1.70,,
949,05/08/2025 14:00:00,11.90,37.60,-2.10,,
950,05/08/2025 14:10:00,12.17,38.72,-1.46,,
951,05/08/2025 14:20:00,12.58,38.56,-1.15,,
952,05/08/2025 14:30:00,12.76,37.85,-1.24,,
953,05/08/2025 14:40:00,12.71,38.35,-1.11,,
954,05/08/2025 14:50:00,12.80,36.74,-1.61,,
955,05/08/2025 15:00:00,12.84,39.34,-0.65,,
956,05/08/2025 15:10:00,13.17,37.93,-0.85,,
957,05/08/2025 15:20:00,12.92,36.19,-1.71,,
958,05/08/2025 15:30:00,12.41,38.35,-1.37,,
959,05/08/2025 15:40:00,12.54,40.65,-0.47,,
960,05/08/2025 15:50:00,12.57,35.39,-2.32,,
961,05/08/2025 16:00:00,12.72,37.53,-1.39,,
962,05/08/2025 16:10:00,12.72,37.21,-1.51,,
963,05/08/2025 16:20:00,12.89,36.45,-1.64,,
964,05/08/2025 16:30:00,12.55,39.51,-0.84,,
965,05/08/2025 16:40:00,12.36,37.17,-1.85,,
966,05/08/2025 16:50:00,11.94,40.94,-0.90,,
967,05/08/2025 17:00:00,12.03,39.28,-1.39,,
968,05/08/2025 17:10:00,12.12,38.26,-1.66,,
969,05/08/2025 17:20:00,11.99,39.13,-1.48,,
970,05/08/2025 17:30:00,11.91,41.48,-0.75,,
971,05/08/2025 17:40:00,11.65,40.80,-1.22,,
972,05/08/2025 17:50:00,11.61,41.09,-1.16,,
973,05/08/2025 18:00:00,11.68,38.88,-1.84,,
974,05/08/2025 18:10:00,11.62,40.27,-1.42,,
975,05/08/2025 18:20:00,11.41,40.32,-1.59,,
976,05/08/2025 18:30:00,11.30,38.60,-2.28,,
977,05/08/2025 18:40:00,11.13,38.30,-2.53,,
978,05/08/2025 18:50:00,11.00,40.56,-1.88,,
979,05/08/2025 19:00:00,10.87,39.17,-2.47,,
980,05/08/2025 19:10:00,10.83,40.89,-1.93,,
981,05/08/2025 19:20:00,10.70,44.68,-0.83,,
982,05/08/2025 19:30:00,10.54,46.30,-0.50,,
983,05/08/2025 19:40:00,10.37,47.38,-0.34,,
984,05/08/2025 19:50:00,10.04,45.65,-1.15,,
985,05/08/2025 20:00:00,9.69,53.04,0.59,,
986,05/08/2025 20:10:00,9.39,53.65,0.47,,
987,05/08/2025 20:20:00,9.08,55.81,0.73,,
988,05/08/2025 20:30:00,8.72,57.80,0.87,,
989,05/08/2025 20:40:00,8.38,57.08,0.39,,
990,05/08/2025 20:50:00,8.00,58.67,0.41,,
991,05/08/2025 21:00:00,7.69,62.23,0.93,,
992,05/08/2025 21:10:00,7.32,61.80,0.48,,
993,05/08/2025 21:20:00,6.90,65.41,0.87,,
994,05/08/2025 21:30:00,6.59,66.43,0.79,,
995,05/08/2025 21:40:00,6.26,70.29,1.26,,
996,05/08/2025 21:50:00,5.90,69.03,0.66,,
997,05/08/2025 22:00:00,5.55,71.41,0.80,,
998,05/08/2025 22:10:00,5.26,70.56,0.35,,
999,05/08/2025 22:20:00,5.03,70.56,0.13,,
1000,05/08/2025 22:30:00,4.78,72.75,0.31,,
1001,05/08/2025 22:40:00,4.62,73.01,0.20,,
1002,05/08/2025 22:50:00,4.44,72.95,0.02,,
1003,05/08/2025 23:00:00,4.27,72.76,-0.18,,
1004,05/08/2025 23:10:00,4.08,74.34,-0.07,,
1005,05/08/2025 23:20:00,3.94,75.56,0.02,,
1006,05/08/2025 23:30:00,3.90,73.39,-0.41,,
1007,05/08/2025 23:40:00,4.01,71.82,-0.60,,
1008,05/08/2025 23:50:00,4.02,74.76,-0.05,,
1009,05/09/2025 00:00:00,3.88,73.72,-0.37,,
1010,05/09/2025 00:10:00,3.71,74.27,-0.44,,
1011,05/09/2025 00:20:00,3.54,74.60,-0.54,,
1012,05/09/2025 00:30:00,3.37,76.04,-0.44,,
1013,05/09/2025 00:40:00,3.25,78.66,-0.10,,
1014,05/09/2025 00:50:00,3.12,79.12,-0.14,,
1015,05/09/2025 01:00:00,2.98,78.97,-0.30,,
1016,05/09/2025 01:10:00,2.87,79.09,-0.39,,
1017,05/09/2025 01:20:00,2.73,79.62,-0.44,,
1018,05/09/2025 01:30:00,2.58,80.29,-0.46,,
1019,05/09/2025 01:40:00,2.48,78.50,-0.87,,
1020,05/09/2025 01:50:00,2.42,79.48,-0.76,,
1021,05/09/2025 02:00:00,2.37,78.89,-0.91,,
1022,05/09/2025 02:10:00,2.45,77.87,-1.02,,
1023,05/09/2025 02:20:00,2.43,78.94,-0.85,,
1024,05/09/2025 02:30:00,2.30,79.80,-0.83,,
1025,05/09/2025 02:40:00,2.14,81.41,-0.71,,
1026,05/09/2025 02:50:00,2.03,81.07,-0.87,,
1027,05/09/2025 03:00:00,1.96,81.06,-0.94,,
1028,05/09/2025 03:10:00,1.98,79.74,-1.15,,
1029,05/09/2025 03:20:00,2.04,79.57,-1.12,,
1030,05/09/2025 03:30:00,2.01,78.53,-1.33,,
1031,05/09/2025 03:40:00,1.92,78.13,-1.49,,
1032,05/09/2025 03:50:00,1.78,78.61,-1.54,,
1033,05/09/2025 04:00:00,1.67,81.79,-1.11,,
1034,05/09/2025 04:10:00,1.52,80.51,-1.46,,
1035,05/09/2025 04:20:00,1.53,81.01,-1.37,,
1036,05/09/2025 04:30:00,1.65,81.87,-1.12,,
1037,05/09/2025 04:40:00,1.86,83.71,-0.60,,
1038,05/09/2025 04:50:00,2.11,83.10,-0.46,,
1039,05/09/2025 05:00:00,2.32,82.08,-0.42,,
1040,05/09/2025 05:10:00,2.55,82.25,-0.16,,
1041,05/09/2025 05:20:00,2.70,82.54,0.03,,
1042,05/09/2025 05:30:00,2.83,80.04,-0.26,,
1043,05/09/2025 05:40:00,2.93,79.40,-0.28,,
1044,05/09/2025 05:50:00,2.98,77.28,-0.61,,
1045,05/09/2025 06:00:00,3.06,79.85,-0.07,,
1046,05/09/2025 06:10:00,3.12,79.79,-0.03,,
1047,05/09/2025 06:20:00,3.19,80.46,0.15,,
1048,05/09/2025 06:30:00,3.27,79.53,0.07,,
1049,05/09/2025 06:40:00,3.36,78.59,0.00,,
1050,05/09/2025 06:50:00,3.47,79.14,0.20,,
1051,05/09/2025 07:00:00,3.58,77.59,0.04,,
1052,05/09/2025 07:10:00,3.66,78.26,0.23,,
1053,05/09/2025 07:20:00,3.78,77.00,0.13,,
1054,05/09/2025 07:30:00,4.04,77.19,0.41,,
1055,05/09/2025 07:40:00,4.43,75.81,0.54,,
1056,05/09/2025 07:50:00,4.76,74.66,0.65,,
1057,05/09/2025 08:00:00,5.01,73.08,0.59,,
1058,05/09/2025 08:10:00,5.36,74.09,1.12,,
1059,05/09/2025 08:20:00,5.76,73.05,1.31,,
1060,05/09/2025 08:30:00,6.33,71.04,1.47,,
1061,05/09/2025 08:40:00,6.96,70.76,2.02,,
1062,05/09/2025 08:50:00,8.27,65.80,2.26,,
1063,05/09/2025 09:00:00,9.58,60.81,2.39,,
1064,05/09/2025 09:10:00,10.73,52.68,1.46,,
1065,05/09/2025 09:20:00,11.48,51.62,1.88,,
1066,05/09/2025 09:30:00,12.21,48.14,1.57,,
1067,05/09/2025 09:40:00,12.71,46.76,1.63,,
1068,05/09/2025 09:50:00,13.19,45.77,1.77,,
1069,05/09/2025 10:00:00,12.98,44.78,1.27,,
1070,05/09/2025 10:10:00,12.86,47.92,2.11,,
1071,05/09/2025 10:20:00,13.37,40.31,0.16,,
1072,05/09/2025 10:30:00,13.87,40.64,0.73,,
1073,05/09/2025 10:40:00,14.44,40.49,1.19,,
1074,05/09/2025 10:50:00,14.33,38.46,0.38,,
1075,05/09/2025 11:00:00,14.22,42.61,1.71,,
1076,05/09/2025 11:10:00,14.34,37.25,-0.05,,
1077,05/09/2025 11:20:00,13.73,39.08,0.07,,
1078,05/09/2025 11:30:00,14.22,39.29,0.58,,
1079,05/09/2025 11:40:00,14.51,36.52,-0.17,,
1080,05/09/2025 11:50:00,14.78,36.83,0.18,,
1081,05/09/2025 12:00:00,14.26,35.91,-0.63,,
1082,05/09/2025 12:10:00,14.90,38.02,0.73,,
1083,05/09/2025 12:20:00,15.26,36.31,0.42,,
1084,05/09/2025 12:30:00,15.14,34.02,-0.59,,
1085,05/09/2025 12:40:00,14.94,36.01,0.01,,
1086,05/09/2025 12:50:00,15.19,37.69,0.86,,
1087,05/09/2025 13:00:00,15.31,36.17,0.40,,
1088,05/09/2025 13:10:00,15.33,35.28,0.07,,
1089,05/09/2025 13:20:00,15.32,35.52,0.16,,
1090,05/09/2025 13:30:00,14.74,35.92,-0.19,,
1091,05/09/2025 13:40:00,14.84,38.87,0.99,,
1092,05/09/2025 13:50:00,15.21,34.43,-0.36,,
1093,05/09/2025 14:00:00,14.97,35.28,-0.24,,
1094,05/09/2025 14:10:00,14.98,37.95,0.78,,
1095,05/09/2025 14:20:00,15.59,35.96,0.57,,
1096,05/09/2025 14:30:00,16.06,34.29,0.33,,
1097,05/09/2025 14:40:00,16.14,33.78,0.19,,
1098,05/09/2025 14:50:00,15.51,32.63,-0.84,,
1099,05/09/2025 15:00:00,15.28,34.13,-0.42,,
1100,05/09/2025 15:10:00,15.77,32.53,-0.65,,
1101,05/09/2025 15:20:00,15.40,32.58,-0.95,,
1102,05/09/2025 15:30:00,15.59,32.59,-0.78,,
1103,05/09/2025 15:40:00,15.56,33.13,-0.58,,
1104,05/09/2025 15:50:00,15.76,32.89,-0.51,,
1105,05/09/2025 16:00:00,15.96,37.11,1.34,,
1106,05/09/2025 16:10:00,15.97,36.36,1.06,,
1107,05/09/2025 16:20:00,15.08,35.52,-0.05,,
1108,05/09/2025 16:30:00,14.88,34.39,-0.67,,
1109,05/09/2025 16:40:00,15.09,36.35,0.28,,
1110,05/09/2025 16:50:00,15.01,34.16,-0.65,,
1111,05/09/2025 17:00:00,14.93,35.14,-0.33,,
1112,05/09/2025 17:10:00,14.55,34.93,-0.74,,
1113,05/09/2025 17:20:00,14.57,35.71,-0.43,,
1114,05/09/2025 17:30:00,14.80,38.60,0.85,,
1115,05/09/2025 17:40:00,14.56,36.58,-0.10,,
1116,05/09/2025 17:50:00,14.44,35.91,-0.47,,
1117,05/09/2025 18:00:00,14.25,34.09,-1.35,,
1118,05/09/2025 18:10:00,14.15,35.73,-0.80,,
1119,05/09/2025 18:20:00,14.01,37.08,-0.40,,
1120,05/09/2025 18:30:00,13.86,37.66,-0.33,,
1121,05/09/2025 18:40:00,13.74,34.84,-1.50,,
1122,05/09/2025 18:50:00,13.55,38.48,-0.31,,
1123,05/09/2025 19:00:00,13.44,38.56,-0.39,,
1124,05/09/2025 19:10:00,13.26,40.79,0.23,,
1125,05/09/2025 19:20:00,12.97,38.72,-0.75,,
1126,05/09/2025 19:30:00,12.79,42.09,0.24,,
1127,05/09/2025 19:40:00,12.48,48.16,1.82,,
1128,05/09/2025 19:50:00,12.14,48.04,1.48,,
1129,05/09/2025 20:00:00,11.72,49.10,1.40,,
1130,05/09/2025 20:10:00,11.28,51.28,1.60,,
1131,05/09/2025 20:20:00,10.83,54.14,1.94,,
1132,05/09/2025 20:30:00,10.49,57.95,2.58,,
1133,05/09/2025 20:40:00,10.12,57.43,2.10,,
1134,05/09/2025 20:50:00,9.68,59.17,2.11,,
1135,05/09/2025 21:00:00,9.25,61.41,2.22,,
1136,05/09/2025 21:10:00,8.83,62.50,2.08,,
1137,05/09/2025 21:20:00,8.45,64.19,2.09,,
1138,05/09/2025 21:30:00,8.12,64.68,1.88,,
1139,05/09/2025 21:40:00,7.81,65.82,1.83,,
1140,05/09/2025 21:50:00,7.53,66.09,1.62,,
1141,05/09/2025 22:00:00,7.32,64.72,1.12,,
1142,05/09/2025 22:10:00,7.07,66.91,1.35,,
1143,05/09/2025 22:20:00,6.85,65.92,0.93,,
1144,05/09/2025 22:30:00,6.70,65.96,0.80,,
1145,05/09/2025 22:40:00,6.52,67.31,0.90,,
1146,05/09/2025 22:50:00,6.34,67.94,0.86,,
1147,05/09/2025 23:00:00,6.21,68.34,0.82,,
1148,05/09/2025 23:10:00,6.15,70.09,1.11,,
1149,05/09/2025 23:20:00,6.06,70.28,1.07,,
1150,05/09/2025 23:30:00,5.94,70.97,1.09,,
1151,05/09/2025 23:40:00,5.84,70.26,0.85,,
1152,05/09/2025 23:50:00,5.74,70.54,0.81,,
1153,05/10/2025 00:00:00,5.72,68.05,0.30,,
1154,05/10/2025 00:10:00,5.69,71.02,0.86,,
1155,05/10/2025 00:20:00,5.67,69.43,0.52,,
1156,05/10/2025 00:30:00,5.59,71.76,0.90,,
1157,05/10/2025 00:40:00,5.52,69.58,0.41,,
1158,05/10/2025 00:50:00,5.44,70.36,0.49,,
1159,05/10/2025 01:00:00,5.28,71.40,0.53,,
1160,05/10/2025 01:10:00,5.08,73.02,0.65,,
1161,05/10/2025 01:20:00,4.84,72.58,0.34,,
1162,05/10/2025 01:30:00,4.60,71.25,-0.15,,
1163,05/10/2025 01:40:00,4.58,73.57,0.27,,
1164,05/10/2025 01:50:00,4.49,72.48,-0.02,,
1165,05/10/2025 02:00:00,4.57,69.79,-0.46,,
1166,05/10/2025 02:10:00,4.55,71.39,-0.17,,
1167,05/10/2025 02:20:00,4.46,72.20,-0.10,,
1168,05/10/2025 02:30:00,4.37,73.35,0.02,,
1169,05/10/2025 02:40:00,4.33,73.91,0.09,,
1170,05/10/2025 02:50:00,4.30,74.52,0.18,,
1171,05/10/2025 03:00:00,4.25,74.40,0.11,,
1172,05/10/2025 03:10:00,4.21,72.13,-0.36,,
1173,05/10/2025 03:20:00,4.23,72.49,-0.27,,
1174,05/10/2025 03:30:00,4.21,71.61,-0.46,,
1175,05/10/2025 03:40:00,4.20,71.11,-0.56,,
1176,05/10/2025 03:50:00,4.12,72.78,-0.32,,
1177,05/10/2025 04:00:00,4.05,73.01,-0.35,,
1178,05/10/2025 04:10:00,4.04,71.90,-0.57,,
1179,05/10/2025 04:20:00,3.96,74.86,-0.09,,
1180,05/10/2025 04:30:00,3.80,75.64,-0.10,,
1181,05/10/2025 04:40:00,3.58,75.09,-0.41,,
1182,05/10/2025 04:50:00,3.48,74.66,-0.59,,
1183,05/10/2025 05:00:00,3.38,76.13,-0.42,,
1184,05/10/2025 05:10:00,3.28,77.20,-0.33,,
1185,05/10/2025 05:20:00,3.28,76.68,-0.42,,
1186,05/10/2025 05:30:00,3.38,76.68,-0.32,,
1187,05/10/2025 05:40:00,3.50,76.29,-0.28,,
1188,05/10/2025 05:50:00,3.66,76.54,-0.07,,
1189,05/10/2025 06:00:00,3.78,78.79,0.44,,
1190,05/10/2025 06:10:00,3.88,80.03,0.76,,
1191,05/10/2025 06:20:00,4.05,78.27,0.61,,
1192,05/10/2025 06:30:00,4.26,78.73,0.90,,
1193,05/10/2025 06:40:00,4.55,77.35,0.94,,
1194,05/10/2025 06:50:00,4.88,75.12,0.85,,
1195,05/10/2025 07:00:00,5.19,75.50,1.22,,
1196,05/10/2025 07:10:00,5.48,74.03,1.22,,
1197,05/10/2025 07:20:00,5.77,73.97,1.50,,
1198,05/10/2025 07:30:00,6.04,76.06,2.15,,
1199,05/10/2025 07:40:00,6.30,74.13,2.04,,
1200,05/10/2025 07:50:00,6.63,73.38,2.22,,
1201,05/10/2025 08:00:00,7.06,70.93,2.16,,
1202,05/10/2025 08:10:00,7.59,67.62,2.00,,
1203,05/10/2025 08:20:00,8.15,64.72,1.91,,
1204,05/10/2025 08:30:00,8.75,64.34,2.40,,
1205,05/10/2025 08:40:00,9.36,61.28,2.29,,
1206,05/10/2025 08:50:00,10.62,57.74,2.65,,
1207,05/10/2025 09:00:00,11.72,52.48,2.33,,
1208,05/10/2025 09:10:00,12.69,51.55,2.97,,
1209,05/10/2025 09:20:00,13.66,46.87,2.53,,
1210,05/10/2025 09:30:00,14.48,45.52,2.86,,
1211,05/10/2025 09:40:00,14.94,42.73,2.40,,
1212,05/10/2025 09:50:00,15.42,40.26,1.99,,
1213,05/10/2025 10:00:00,15.66,39.03,1.78,,
1214,05/10/2025 10:10:00,16.02,37.46,1.53,,
1215,05/10/2025 10:20:00,16.53,35.87,1.37,,
1216,05/10/2025 10:30:00,16.38,34.56,0.72,,
1217,05/10/2025 10:40:00,16.39,32.77,-0.00,,
1218,05/10/2025 10:50:00,16.44,32.87,0.08,,
1219,05/10/2025 11:00:00,16.57,34.80,0.99,,
1220,05/10/2025 11:10:00,17.43,34.94,1.80,,
1221,05/10/2025 11:20:00,17.51,33.06,1.09,,
1222,05/10/2025 11:30:00,17.89,33.24,1.51,,
1223,05/10/2025 11:40:00,17.49,34.08,1.51,,
1224,05/10/2025 11:50:00,17.72,35.01,2.08,,
1225,05/10/2025 12:00:00,17.55,35.12,1.97,,
1226,05/10/2025 12:10:00,17.73,35.45,2.27,,
1227,05/10/2025 12:20:00,17.56,36.28,2.45,,
1228,05/10/2025 12:30:00,18.21,35.32,2.64,,
1229,05/10/2025 12:40:00,18.09,35.69,2.68,,
1230,05/10/2025 12:50:00,18.70,35.06,2.97,,
1231,05/10/2025 13:00:00,18.27,34.72,2.45,,
1232,05/10/2025 13:10:00,18.25,33.31,1.85,,
1233,05/10/2025 13:20:00,18.26,34.12,2.20,,
1234,05/10/2025 13:30:00,19.00,35.55,3.43,,
1235,05/10/2025 13:40:00,19.06,33.97,2.84,,
1236,05/10/2025 13:50:00,19.29,32.32,2.34,,
1237,05/10/2025 14:00:00,18.87,35.44,3.27,,
1238,05/10/2025 14:10:00,18.84,35.33,3.20,,
1239,05/10/2025 14:20:00,19.55,33.19,2.95,,
1240,05/10/2025 14:30:00,19.35,32.83,2.61,,
1241,05/10/2025 14:40:00,19.47,32.12,2.42,,
1242,05/10/2025 14:50:00,19.74,32.10,2.64,,
1243,05/10/2025 15:00:00,19.92,33.84,3.54,,
1244,05/10/2025 15:10:00,19.51,33.01,2.83,,
1245,05/10/2025 15:20:00,19.06,33.17,2.50,,
1246,05/10/2025 15:30:00,19.09,34.45,3.07,,
1247,05/10/2025 15:40:00,19.63,34.12,3.41,,
1248,05/10/2025 15:50:00,19.62,34.70,3.63,,
1249,05/10/2025 16:00:00,19.77,34.89,3.84,,
1250,05/10/2025 16:10:00,19.35,35.17,3.58,,
1251,05/10/2025 16:20:00,19.56,34.52,3.51,,
1252,05/10/2025 16:30:00,19.00,35.65,3.47,,
1253,05/10/2025 16:40:00,18.82,37.20,3.91,,
1254,05/10/2025 16:50:00,18.59,36.62,3.49,,
1255,05/10/2025 17:00:00,18.08,35.20,2.47,,
1256,05/10/2025 17:10:00,18.04,36.05,2.77,,
1257,05/10/2025 17:20:00,18.05,38.60,3.76,,
1258,05/10/2025 17:30:00,18.00,35.11,2.37,,
1259,05/10/2025 17:40:00,17.89,38.82,3.69,,
1260,05/10/2025 17:50:00,17.58,37.56,2.95,,
1261,05/10/2025 18:00:00,17.49,37.32,2.78,,
1262,05/10/2025 18:10:00,17.46,38.04,3.02,,
1263,05/10/2025 18:20:00,17.37,39.47,3.46,,
1264,05/10/2025 18:30:00,17.19,41.45,4.00,,
1265,05/10/2025 18:40:00,17.04,40.52,3.54,,
1266,05/10/2025 18:50:00,16.86,43.83,4.49,,
1267,05/10/2025 19:00:00,16.66,46.07,5.02,,
1268,05/10/2025 19:10:00,16.51,44.63,4.43,,
1269,05/10/2025 19:20:00,16.37,46.32,4.84,,
1270,05/10/2025 19:30:00,16.21,46.73,4.82,,
1271,05/10/2025 19:40:00,16.00,46.63,4.59,,
1272,05/10/2025 19:50:00,15.69,50.01,5.32,,
1273,05/10/2025 20:00:00,15.48,49.32,4.93,,
1274,05/10/2025 20:10:00,15.20,53.21,5.76,,
1275,05/10/2025 20:20:00,14.83,54.46,5.74,,
1276,05/10/2025 20:30:00,14.31,55.04,5.42,,
1277,05/10/2025 20:40:00,13.79,56.82,5.38,,
1278,05/10/2025 20:50:00,13.29,58.55,5.35,,
1279,05/10/2025 21:00:00,12.86,61.02,5.54,,
1280,05/10/2025 21:10:00,12.31,62.31,5.33,,
1281,05/10/2025 21:20:00,11.82,61.02,4.56,,
1282,05/10/2025 21:30:00,11.48,63.48,4.80,,
1283,05/10/2025 21:40:00,11.18,63.54,4.53,,
1284,05/10/2025 21:50:00,10.93,64.82,4.58,,
1285,05/10/2025 22:00:00,10.69,65.53,4.51,,
1286,05/10/2025 22:10:00,10.51,64.62,4.14,,
1287,05/10/2025 22:20:00,10.48,66.43,4.51,,
1288,05/10/2025 22:30:00,10.48,67.88,4.81,,
1289,05/10/2025 22:40:00,10.31,67.09,4.48,,
1290,05/10/2025 22:50:00,10.05,67.23,4.27,,
1291,05/10/2025 23:00:00,10.09,69.31,4.74,,
1292,05/10/2025 23:10:00,10.12,69.27,4.75,,
1293,05/10/2025 23:20:00,10.02,70.47,4.91,,
1294,05/10/2025 23:30:00,9.84,70.67,4.78,,
1295,05/10/2025 23:40:00,9.79,70.70,4.74,,
1296,05/10/2025 23:50:00,9.74,70.75,4.70,,
1297,05/11/2025 00:00:00,9.66,71.29,4.73,,
1298,05/11/2025 00:10:00,9.55,71.62,4.69,,
1299,05/11/2025 00:20:00,9.41,72.38,4.71,,
1300,05/11/2025 00:30:00,9.18,73.28,4.66,,
1301,05/11/2025 00:40:00,8.91,75.00,4.73,,
1302,05/11/2025 00:50:00,8.70,76.35,4.78,,
1303,05/11/2025 01:00:00,8.47,77.15,4.70,,
1304,05/11/2025 01:10:00,8.33,77.85,4.70,,
1305,05/11/2025 01:20:00,8.22,78.74,4.75,,
1306,05/11/2025 01:30:00,8.08,79.13,4.70,,
1307,05/11/2025 01:40:00,7.94,79.92,4.69,,
1308,05/11/2025 01:50:00,7.80,80.71,4.70,,
1309,05/11/2025 02:00:00,7.70,81.45,4.73,,
1310,05/11/2025 02:10:00,7.60,81.03,4.56,,
1311,05/11/2025 02:20:00,7.55,82.23,4.72,,
1312,05/11/2025 02:30:00,7.45,82.59,4.69,,
1313,05/11/2025 02:40:00,7.37,84.18,4.89,,
1314,05/11/2025 02:50:00,7.34,83.50,4.73,,
1315,05/11/2025 03:00:00,7.30,83.84,4.76,,
1316,05/11/2025 03:10:00,7.23,82.63,4.47,,
1317,05/11/2025 03:20:00,7.14,85.36,4.86,,
1318,05/11/2025 03:30:00,7.14,85.28,4.84,,
1319,05/11/2025 03:40:00,7.07,84.45,4.63,,
1320,05/11/2025 03:50:00,6.99,85.14,4.67,,
1321,05/11/2025 04:00:00,6.85,85.13,4.53,,
1322,05/11/2025 04:10:00,6.72,86.26,4.60,,
1323,05/11/2025 04:20:00,6.66,87.33,4.71,,
1324,05/11/2025 04:30:00,6.61,86.88,4.59,,
1325,05/11/2025 04:40:00,6.52,86.63,4.46,,
1326,05/11/2025 04:50:00,6.37,86.70,4.32,,
1327,05/11/2025 05:00:00,6.16,86.99,4.16,,
1328,05/11/2025 05:10:00,6.02,86.53,3.95,,
1329,05/11/2025 05:20:00,5.87,87.34,3.94,,
1330,05/11/2025 05:30:00,5.75,87.44,3.83,,
1331,05/11/2025 05:40:00,5.64,88.76,3.93,,
1332,05/11/2025 05:50:00,5.55,89.96,4.04,,
1333,05/11/2025 06:00:00,5.58,90.30,4.12,,
1334,05/11/2025 06:10:00,5.55,89.92,4.03,,
1335,05/11/2025 06:20:00,5.57,90.85,4.20,,
1336,05/11/2025 06:30:00,5.66,90.55,4.24,,
1337,05/11/2025 06:40:00,5.92,91.73,4.68,,
1338,05/11/2025 06:50:00,6.41,91.78,5.17,,
1339,05/11/2025 07:00:00,6.83,90.50,5.39,,
1340,05/11/2025 07:10:00,7.18,88.94,5.48,,
1341,05/11/2025 07:20:00,7.48,87.91,5.62,,
1342,05/11/2025 07:30:00,7.83,87.20,5.85,,
1343,05/11/2025 07:40:00,8.27,85.93,6.06,,
1344,05/11/2025 07:50:00,8.82,84.03,6.28,,
1345,05/11/2025 08:00:00,9.15,83.89,6.58,,
1346,05/11/2025 08:10:00,9.48,81.56,6.50,,
1347,05/11/2025 08:20:00,10.05,80.33,6.83,,
1348,05/11/2025 08:30:00,10.63,76.59,6.70,,
1349,05/11/2025 08:40:00,11.24,75.25,7.03,,
1350,05/11/2025 08:50:00,12.19,71.35,7.17,,
1351,05/11/2025 09:00:00,13.04,70.40,7.80,,
1352,05/11/2025 09:10:00,13.93,67.12,7.94,,
1353,05/11/2025 09:20:00,14.76,62.60,7.71,,
1354,05/11/2025 09:30:00,15.25,57.88,7.02,,
1355,05/11/2025 09:40:00,15.40,56.09,6.71,,
1356,05/11/2025 09:50:00,15.76,51.03,5.67,,
1357,05/11/2025 10:00:00,15.87,48.42,5.02,,
1358,05/11/2025 10:10:00,16.24,52.56,6.54,,
1359,05/11/2025 10:20:00,16.55,51.40,6.50,,
1360,05/11/2025 10:30:00,17.15,42.94,4.46,,
1361,05/11/2025 10:40:00,17.13,43.63,4.67,,
1362,05/11/2025 10:50:00,17.30,44.58,5.13,,
1363,05/11/2025 11:00:00,17.70,41.22,4.37,,
1364,05/11/2025 11:10:00,17.64,46.48,6.04,,
1365,05/11/2025 11:20:00,17.80,36.55,2.75,,
1366,05/11/2025 11:30:00,18.16,40.62,4.58,,
1367,05/11/2025 11:40:00,18.57,36.57,3.45,,
1368,05/11/2025 11:50:00,18.91,37.21,4.00,,
1369,05/11/2025 12:00:00,18.87,42.10,5.73,,
1370,05/11/2025 12:10:00,18.73,39.81,4.80,,
1371,05/11/2025 12:20:00,18.65,37.97,4.05,,
1372,05/11/2025 12:30:00,18.41,37.17,3.54,,
1373,05/11/2025 12:40:00,18.30,38.44,3.92,,
1374,05/11/2025 12:50:00,18.57,40.61,4.94,,
1375,05/11/2025 13:00:00,18.55,38.35,4.10,,
1376,05/11/2025 13:10:00,18.47,38.39,4.05,,
1377,05/11/2025 13:20:00,18.66,39.67,4.69,,
1378,05/11/2025 13:30:00,18.79,40.33,5.04,,
1379,05/11/2025 13:40:00,18.84,39.97,4.96,,
1380,05/11/2025 13:50:00,18.67,36.98,3.70,,
1381,05/11/2025 14:00:00,18.69,36.87,3.67,,
1382,05/11/2025 14:10:00,18.70,37.01,3.74,,
1383,05/11/2025 14:20:00,18.94,36.52,3.76,,
1384,05/11/2025 14:30:00,19.09,39.25,4.92,,
1385,05/11/2025 14:40:00,19.25,37.27,4.32,,
1386,05/11/2025 14:50:00,19.56,37.36,4.64,,
1387,05/11/2025 15:00:00,19.51,34.97,3.65,,
1388,05/11/2025 15:10:00,19.56,36.63,4.35,,
1389,05/11/2025 15:20:00,19.15,38.46,4.68,,
1390,05/11/2025 15:30:00,19.09,37.00,4.07,,
1391,05/11/2025 15:40:00,19.20,36.37,3.93,,
1392,05/11/2025 15:50:00,19.09,38.25,4.55,,
1393,05/11/2025 16:00:00,19.06,35.40,3.43,,
1394,05/11/2025 16:10:00,18.86,37.70,4.14,,
1395,05/11/2025 16:20:00,18.94,37.17,4.00,,
1396,05/11/2025 16:30:00,18.62,37.62,3.89,,
1397,05/11/2025 16:40:00,18.47,37.88,3.86,,
1398,05/11/2025 16:50:00,18.15,39.34,4.12,,
1399,05/11/2025 17:00:00,17.90,39.12,3.81,,
1400,05/11/2025 17:10:00,17.86,39.73,3.99,,
1401,05/11/2025 17:20:00,17.56,41.41,4.32,,
1402,05/11/2025 17:30:00,17.68,41.77,4.54,,
1403,05/11/2025 17:40:00,17.30,42.67,4.51,,
1404,05/11/2025 17:50:00,17.07,41.63,3.95,,
1405,05/11/2025 18:00:00,17.13,42.90,4.43,,
1406,05/11/2025 18:10:00,16.86,43.10,4.25,,
1407,05/11/2025 18:20:00,16.66,42.51,3.87,,
1408,05/11/2025 18:30:00,16.55,42.85,3.88,,
1409,05/11/2025 18:40:00,16.48,43.01,3.88,,
1410,05/11/2025 18:50:00,16.36,45.45,4.56,,
1411,05/11/2025 19:00:00,16.15,45.65,4.42,,
1412,05/11/2025 19:10:00,15.97,45.11,4.10,,
1413,05/11/2025 19:20:00,15.82,45.36,4.04,,
1414,05/11/2025 19:30:00,15.56,47.37,4.42,,
1415,05/11/2025 19:40:00,15.30,47.65,4.26,,
1416,05/11/2025 19:50:00,15.01,50.90,4.94,,
1417,05/11/2025 20:00:00,14.60,52.74,5.07,,
1418,05/11/2025 20:10:00,14.29,51.24,4.37,,
1419,05/11/2025 20:20:00,13.97,54.21,4.88,,
1420,05/11/2025 20:30:00,13.60,56.32,5.08,,
1421,05/11/2025 20:40:00,13.11,54.13,4.06,,
1422,05/11/2025 20:50:00,12.71,58.78,4.86,,
1423,05/11/2025 21:00:00,12.46,59.19,4.73,,
1424,05/11/2025 21:10:00,12.11,59.72,4.52,,
1425,05/11/2025 21:20:00,11.79,60.77,4.48,,
1426,05/11/2025 21:30:00,11.44,61.68,4.35,,
1427,05/11/2025 21:40:00,11.08,62.44,4.19,,
1428,05/11/2025 21:50:00,10.73,64.88,4.40,,
1429,05/11/2025 22:00:00,10.38,67.58,4.65,,
1430,05/11/2025 22:10:00,10.07,67.66,4.37,,
1431,05/11/2025 22:20:00,9.71,68.91,4.29,,
1432,05/11/2025 22:30:00,9.38,69.65,4.13,,
1433,05/11/2025 22:40:00,9.13,70.62,4.08,,
1434,05/11/2025 22:50:00,8.96,71.77,4.15,,
1435,05/11/2025 23:00:00,8.82,73.71,4.39,,
1436,05/11/2025 23:10:00,8.62,72.53,3.97,,
1437,05/11/2025 23:20:00,8.48,71.61,3.66,,
1438,05/11/2025 23:30:00,8.41,73.41,3.94,,
1439,05/11/2025 23:40:00,8.29,74.22,3.98,,
1440,05/11/2025 23:50:00,8.12,73.70,3.72,,
1441,05/12/2025 00:00:00,7.93,74.76,3.73,,
1442,05/12/2025 00:10:00,7.78,74.38,3.52,,
1443,05/12/2025 00:20:00,7.69,75.83,3.70,,
1444,05/12/2025 00:30:00,7.53,76.44,3.66,,
1445,05/12/2025 00:40:00,7.45,75.41,3.39,,
1446,05/12/2025 00:50:00,7.41,75.17,3.31,,
1447,05/12/2025 01:00:00,7.53,74.14,3.23,,
1448,05/12/2025 01:10:00,7.59,74.89,3.43,,
1449,05/12/2025 01:20:00,7.41,74.42,3.16,,
1450,05/12/2025 01:30:00,7.19,75.04,3.07,,
1451,05/12/2025 01:40:00,6.97,76.48,3.13,,
1452,05/12/2025 01:50:00,6.83,77.94,3.25,,
1453,05/12/2025 02:00:00,6.72,77.79,3.12,,
1454,05/12/2025 02:10:00,6.61,78.78,3.20,,
1455,05/12/2025 02:20:00,6.54,76.41,2.69,,
1456,05/12/2025 02:30:00,6.56,76.40,2.72,,
1457,05/12/2025 02:40:00,6.52,77.47,2.87,,
1458,05/12/2025 02:50:00,6.34,78.43,2.87,,
1459,05/12/2025 03:00:00,6.13,78.86,2.75,,
1460,05/12/2025 03:10:00,5.88,79.35,2.59,,
1461,05/12/2025 03:20:00,5.65,79.55,2.40,,
1462,05/12/2025 03:30:00,5.54,79.75,2.32,,
1463,05/12/2025 03:40:00,5.60,80.51,2.52,,
1464,05/12/2025 03:50:00,5.67,80.38,2.56,,
1465,05/12/2025 04:00:00,5.56,80.83,2.54,,
1466,05/12/2025 04:10:00,5.41,81.97,2.59,,
1467,05/12/2025 04:20:00,5.26,81.72,2.40,,
1468,05/12/2025 04:30:00,5.13,81.66,2.26,,
1469,05/12/2025 04:40:00,5.05,81.84,2.21,,
1470,05/12/2025 04:50:00,5.01,82.14,2.22,,
1471,05/12/2025 05:00:00,5.03,81.76,2.18,,
1472,05/12/2025 05:10:00,5.08,81.46,2.17,,
1473,05/12/2025 05:20:00,5.14,79.92,1.97,,
1474,05/12/2025 05:30:00,5.04,81.05,2.06,,
1475,05/12/2025 05:40:00,4.90,80.86,1.89,,
1476,05/12/2025 05:50:00,4.74,82.38,2.00,,
1477,05/12/2025 06:00:00,4.58,81.87,1.75,,
1478,05/12/2025 06:10:00,4.44,83.61,1.92,,
1479,05/12/2025 06:20:00,4.39,84.26,1.97,,
1480,05/12/2025 06:30:00,4.34,84.28,1.93,,
1481,05/12/2025 06:40:00,4.27,84.95,1.97,,
1482,05/12/2025 06:50:00,4.41,86.53,2.36,,
1483,05/12/2025 07:00:00,4.61,86.01,2.47,,
1484,05/12/2025 07:10:00,4.84,86.19,2.73,,
1485,05/12/2025 07:20:00,5.13,86.44,3.06,,
1486,05/12/2025 07:30:00,5.77,82.09,2.96,,
1487,05/12/2025 07:40:00,6.43,80.17,3.27,,
1488,05/12/2025 07:50:00,7.05,78.13,3.50,,
1489,05/12/2025 08:00:00,7.68,75.69,3.67,,
1490,05/12/2025 08:10:00,8.14,74.99,3.98,,
1491,05/12/2025 08:20:00,8.80,70.45,3.73,,
1492,05/12/2025 08:30:00,9.25,65.92,3.22,,
1493,05/12/2025 08:40:00,10.01,64.61,3.66,,
1494,05/12/2025 08:50:00,10.91,60.60,3.60,,
1495,05/12/2025 09:00:00,11.72,56.31,3.32,,
1496,05/12/2025 09:10:00,12.44,52.02,2.88,,
1497,05/12/2025 09:20:00,13.04,49.37,2.69,,
1498,05/12/2025 09:30:00,13.39,45.58,1.89,,
1499,05/12/2025 09:40:00,13.83,42.91,1.45,,
1500,05/12/2025 09:50:00,14.04,36.71,-0.52,,
1501,05/12/2025 10:00:00,14.22,40.94,1.15,,
1502,05/12/2025 10:10:00,14.20,38.10,0.14,,
1503,05/12/2025 10:20:00,14.39,39.61,0.84,,
1504,05/12/2025 10:30:00,14.91,37.14,0.42,,
1505,05/12/2025 10:40:00,15.46,35.30,0.20,,
1506,05/12/2025 10:50:00,15.30,38.70,1.34,,
1507,05/12/2025 11:00:00,15.24,37.64,0.89,,
1508,05/12/2025 11:10:00,15.30,36.41,0.48,,
1509,05/12/2025 11:20:00,15.52,37.51,1.10,,
1510,05/12/2025 11:30:00,15.48,36.11,0.53,,
1511,05/12/2025 11:40:00,15.84,37.62,1.42,,
1512,05/12/2025 11:50:00,16.15,33.13,-0.07,,
1513,05/12/2025 12:00:00,15.83,33.99,0.00,,
1514,05/12/2025 12:10:00,16.09,34.09,0.28,,
1515,05/12/2025 12:20:00,16.39,30.39,-1.04,,
1516,05/12/2025 12:30:00,16.17,32.43,-0.34,,
1517,05/12/2025 12:40:00,16.36,32.47,-0.16,,
1518,05/12/2025 12:50:00,16.39,34.56,0.73,,
1519,05/12/2025 13:00:00,16.53,32.65,0.07,,
1520,05/12/2025 13:10:00,16.59,31.40,-0.41,,
1521,05/12/2025 13:20:00,16.40,32.26,-0.21,,
1522,05/12/2025 13:30:00,16.38,29.82,-1.30,,
1523,05/12/2025 13:40:00,16.35,34.11,0.51,,
1524,05/12/2025 13:50:00,16.31,33.30,0.15,,
1525,05/12/2025 14:00:00,16.40,30.92,-0.79,,
1526,05/12/2025 14:10:00,16.78,29.96,-0.90,,
1527,05/12/2025 14:20:00,16.74,32.23,0.08,,
1528,05/12/2025 14:30:00,16.95,29.72,-0.86,,
1529,05/12/2025 14:40:00,17.12,30.36,-0.42,,
1530,05/12/2025 14:50:00,17.32,28.72,-1.01,,
1531,05/12/2025 15:00:00,17.02,31.89,0.17,,
1532,05/12/2025 15:10:00,17.33,33.37,1.08,,
1533,05/12/2025 15:20:00,17.49,32.25,0.74,,
1534,05/12/2025 15:30:00,17.44,31.57,0.40,,
1535,05/12/2025 15:40:00,17.49,33.93,1.44,,
1536,05/12/2025 15:50:00,17.86,30.74,0.39,,
1537,05/12/2025 16:00:00,17.88,32.29,1.10,,
1538,05/12/2025 16:10:00,17.71,32.31,0.96,,
1539,05/12/2025 16:20:00,17.35,31.16,0.14,,
1540,05/12/2025 16:30:00,16.74,32.91,0.36,,
1541,05/12/2025 16:40:00,16.51,34.62,0.85,,
1542,05/12/2025 16:50:00,16.44,33.71,0.44,,
1543,05/12/2025 17:00:00,16.21,34.76,0.65,,
1544,05/12/2025 17:10:00,16.05,34.79,0.52,,
1545,05/12/2025 17:20:00,16.07,34.65,0.48,,
1546,05/12/2025 17:30:00,15.84,36.00,0.80,,
1547,05/12/2025 17:40:00,15.64,35.89,0.59,,
1548,05/12/2025 17:50:00,15.57,35.50,0.38,,
1549,05/12/2025 18:00:00,15.48,35.94,0.46,,
1550,05/12/2025 18:10:00,15.36,35.54,0.21,,
1551,05/12/2025 18:20:00,15.28,35.99,0.31,,
1552,05/12/2025 18:30:00,15.09,36.90,0.49,,
1553,05/12/2025 18:40:00,14.90,36.24,0.06,,
1554,05/12/2025 18:50:00,14.76,37.29,0.33,,
1555,05/12/2025 19:00:00,14.49,36.19,-0.32,,
1556,05/12/2025 19:10:00,14.34,38.71,0.48,,
1557,05/12/2025 19:20:00,14.17,37.67,-0.05,,
1558,05/12/2025 19:30:00,13.98,37.30,-0.35,,
1559,05/12/2025 19:40:00,13.85,40.43,0.64,,
1560,05/12/2025 19:50:00,13.53,40.93,0.52,,
1561,05/12/2025 20:00:00,13.31,41.14,0.40,,
1562,05/12/2025 20:10:00,12.97,45.40,1.45,,
1563,05/12/2025 20:20:00,12.57,46.91,1.54,,
1564,05/12/2025 20:30:00,12.17,45.33,0.70,,
1565,05/12/2025 20:40:00,11.71,50.92,1.90,,
1566,05/12/2025 20:50:00,11.19,52.29,1.79,,
1567,05/12/2025 21:00:00,10.76,55.61,2.25,,
1568,05/12/2025 21:10:00,10.24,54.27,1.42,,
1569,05/12/2025 21:20:00,9.83,56.27,1.55,,
1570,05/12/2025 21:30:00,9.38,56.08,1.08,,
1571,05/12/2025 21:40:00,9.11,57.71,1.22,,
1572,05/12/2025 21:50:00,8.83,59.15,1.31,,
1573,05/12/2025 22:00:00,8.56,62.30,1.77,,
1574,05/12/2025 22:10:00,8.29,60.48,1.10,,
1575,05/12/2025 22:20:00,8.05,62.39,1.30,,
1576,05/12/2025 22:30:00,7.83,61.98,1.01,,
1577,05/12/2025 22:40:00,7.70,63.49,1.21,,
1578,05/12/2025 22:50:00,7.51,63.73,1.09,,
1579,05/12/2025 23:00:00,7.33,64.18,1.02,,
1580,05/12/2025 23:10:00,7.13,67.57,1.54,,
1581,05/12/2025 23:20:00,6.91,64.15,0.61,,
1582,05/12/2025 23:30:00,6.79,66.91,1.08,,
1583,05/12/2025 23:40:00,6.60,66.54,0.82,,
1584,05/12/2025 23:50:00,6.43,68.45,1.06,,
1585,05/13/2025 00:00:00,6.31,66.58,0.56,,
1586,05/13/2025 00:10:00,6.28,68.73,0.96,,
1587,05/13/2025 00:20:00,6.24,68.28,0.84,,
1588,05/13/2025 00:30:00,6.12,67.72,0.61,,
1589,05/13/2025 00:40:00,6.10,69.33,0.91,,
1590,05/13/2025 00:50:00,6.12,66.04,0.26,,
1591,05/13/2025 01:00:00,6.25,66.91,0.57,,
1592,05/13/2025 01:10:00,6.20,67.78,0.70,,
1593,05/13/2025 01:20:00,6.11,67.14,0.48,,
1594,05/13/2025 01:30:00,6.05,68.57,0.71,,
1595,05/13/2025 01:40:00,6.08,68.34,0.70,,
1596,05/13/2025 01:50:00,6.01,67.72,0.50,,
1597,05/13/2025 02:00:00,6.16,68.51,0.81,,
1598,05/13/2025 02:10:00,6.26,66.73,0.54,,
1599,05/13/2025 02:20:00,6.44,66.24,0.61,,
1600,05/13/2025 02:30:00,6.44,66.49,0.66,,
1601,05/13/2025 02:40:00,6.39,64.98,0.29,,
1602,05/13/2025 02:50:00,6.30,67.04,0.64,,
1603,05/13/2025 03:00:00,6.01,68.59,0.68,,
1604,05/13/2025 03:10:00,5.67,69.03,0.44,,
1605,05/13/2025 03:20:00,5.34,70.17,0.35,,
1606,05/13/2025 03:30:00,5.12,72.54,0.59,,
1607,05/13/2025 03:40:00,4.86,72.28,0.30,,
1608,05/13/2025 03:50:00,4.62,72.99,0.20,,
1609,05/13/2025 04:00:00,4.45,74.53,0.32,,
1610,05/13/2025 04:10:00,4.34,74.69,0.24,,
1611,05/13/2025 04:20:00,4.20,75.37,0.24,,
1612,05/13/2025 04:30:00,4.02,75.45,0.08,,
1613,05/13/2025 04:40:00,3.88,75.39,-0.07,,
1614,05/13/2025 04:50:00,3.76,75.90,-0.10,,
1615,05/13/2025 05:00:00,3.62,76.62,-0.09,,
1616,05/13/2025 05:10:00,3.46,77.41,-0.11,,
1617,05/13/2025 05:20:00,3.33,78.38,-0.07,,
1618,05/13/2025 05:30:00,3.12,78.39,-0.27,,
1619,05/13/2025 05:40:00,2.94,80.13,-0.15,,
1620,05/13/2025 05:50:00,2.90,79.98,-0.21,,
1621,05/13/2025 06:00:00,2.88,80.70,-0.10,,
1622,05/13/2025 06:10:00,2.88,80.92,-0.07,,
1623,05/13/2025 06:20:00,2.93,81.39,0.06,,
1624,05/13/2025 06:30:00,2.94,81.50,0.09,,
1625,05/13/2025 06:40:00,2.98,82.98,0.38,,
1626,05/13/2025 06:50:00,3.02,82.96,0.41,,
1627,05/13/2025 07:00:00,3.08,83.08,0.49,,
1628,05/13/2025 07:10:00,3.30,84.25,0.89,,
1629,05/13/2025 07:20:00,3.47,83.43,0.94,,
1630,05/13/2025 07:30:00,3.83,83.93,1.37,,
1631,05/13/2025 07:40:00,4.54,82.53,1.83,,
1632,05/13/2025 07:50:00,4.98,80.87,1.98,,
1633,05/13/2025 08:00:00,5.49,80.13,2.34,,
1634,05/13/2025 08:10:00,6.30,78.06,2.77,,
1635,05/13/2025 08:20:00,7.26,72.12,2.58,,
1636,05/13/2025 08:30:00,8.03,65.37,1.94,,
1637,05/13/2025 08:40:00,8.81,61.89,1.92,,
1638,05/13/2025 08:50:00,9.81,56.32,1.54,,
1639,05/13/2025 09:00:00,10.95,55.71,2.46,,
1640,05/13/2025 09:10:00,11.80,52.83,2.50,,
1641,05/13/2025 09:20:00,12.56,50.87,2.67,,
1642,05/13/2025 09:30:00,13.08,48.06,2.35,,
1643,05/13/2025 09:40:00,13.43,47.43,2.48,,
1644,05/13/2025 09:50:00,13.86,44.63,2.02,,
1645,05/13/2025 10:00:00,14.32,45.36,2.67,,
1646,05/13/2025 10:10:00,14.57,44.06,2.49,,
1647,05/13/2025 10:20:00,14.72,41.02,1.62,,
1648,05/13/2025 10:30:00,14.90,41.08,1.80,,
1649,05/13/2025 10:40:00,15.27,41.86,2.41,,
1650,05/13/2025 10:50:00,16.02,40.00,2.43,,
1651,05/13/2025 11:00:00,15.81,38.68,1.78,,
1652,05/13/2025 11:06:56,,,,Logged,Logged
